team,season,week,opponent,is_home,total_line,spread_line,team_implied_total,opponent_implied_total,rolling_4wk_avg_sacks_allowed,rolling_4wk_avg_turnovers_committed,sacks,interceptions,fumbles_recovered,defensive_tds,points_allowed,dk_fantasy_points,dk_showdown_captain_points
ARI,2020,1,SF,0,48.5,-7.0,27.75,20.75,0.0,0.0,3.0,0.0,0.0,0.0,20.0,4.0,6.0
ARI,2020,2,WAS,1,46.5,7.5,19.5,27.0,3.0,0.0,4.0,0.0,1.0,0.0,15.0,7.0,10.5
ARI,2020,3,DET,1,55.5,4.5,25.5,30.0,2.5,1.0,4.0,0.0,0.0,0.0,26.0,4.0,6.0
ARI,2020,4,CAR,0,52.5,3.0,24.75,27.75,2.6666666666666665,1.3333333333333333,0.0,1.0,0.0,0.0,31.0,1.0,1.5
ARI,2020,5,NYJ,0,48.5,7.0,20.75,27.75,3.0,1.25,3.0,0.0,0.0,0.0,10.0,7.0,10.5
ARI,2020,6,DAL,0,55.5,-1.0,28.25,27.25,2.0,2.75,3.0,2.0,2.0,0.0,10.0,15.0,22.5
ARI,2020,7,SEA,1,55.5,-3.5,29.5,26.0,3.0,1.0,2.0,3.0,0.0,0.0,34.0,7.0,10.5
ARI,2020,9,MIA,1,49.0,6.0,21.5,27.5,1.5,1.5,3.0,0.0,0.0,0.0,34.0,2.0,3.0
ARI,2020,10,BUF,1,55.5,3.0,26.25,29.25,2.5,0.75,0.0,2.0,0.0,0.0,30.0,3.0,4.5
ARI,2020,11,SEA,0,56.5,-3.0,29.75,26.75,3.75,2.5,3.0,0.0,0.0,0.0,28.0,2.0,3.0
ARI,2020,12,NE,0,51.0,1.0,25.0,26.0,1.25,0.25,3.0,2.0,0.0,0.0,20.0,8.0,12.0
ARI,2020,13,LA,1,49.0,-2.5,25.75,23.25,1.75,2.75,1.0,0.0,0.0,0.0,38.0,-3.0,-4.5
ARI,2020,14,NYG,0,47.0,3.0,22.0,25.0,2.5,0.75,8.0,0.0,3.0,0.0,7.0,18.0,27.0
ARI,2020,15,PHI,1,49.5,6.5,21.5,28.0,4.5,1.5,6.0,0.0,0.0,0.0,26.0,6.0,9.0
ARI,2020,16,SF,1,49.0,6.0,21.5,27.5,2.0,2.75,3.0,0.0,1.0,0.0,20.0,6.0,9.0
ARI,2020,17,LA,0,42.0,-1.0,21.5,20.5,2.0,0.75,2.0,1.0,1.0,0.0,18.0,7.0,10.5
ARI,2021,1,TEN,0,54.0,-2.5,28.25,25.75,1.5,1.0,6.0,1.0,2.0,0.0,13.0,16.0,24.0
ARI,2021,2,MIN,1,51.0,4.0,23.5,27.5,2.75,0.75,1.0,0.0,0.0,0.0,33.0,0.0,0.0
ARI,2021,3,JAX,0,51.5,8.0,21.75,29.75,2.25,2.0,3.0,2.0,2.0,1.0,19.0,18.0,27.0
ARI,2021,4,LA,0,53.5,-3.5,28.5,25.0,1.25,1.0,0.0,1.0,1.0,0.0,20.0,5.0,7.5
ARI,2021,5,SF,1,48.5,6.0,21.25,27.25,1.75,1.5,2.0,1.0,0.0,0.0,10.0,8.0,12.0
ARI,2021,6,CLE,0,48.0,-3.0,25.5,22.5,2.75,0.75,5.0,1.0,2.0,0.0,14.0,12.0,18.0
ARI,2021,7,HOU,1,47.0,20.5,13.25,33.75,3.0,2.25,2.0,0.0,1.0,0.0,5.0,11.0,16.5
ARI,2021,8,GB,1,51.0,6.5,22.25,28.75,2.75,0.75,1.0,0.0,1.0,0.0,24.0,3.0,4.5
ARI,2021,9,SF,0,44.5,-5.5,25.0,19.5,1.5,1.75,5.0,1.0,2.0,0.0,17.0,12.0,18.0
ARI,2021,10,CAR,1,42.0,7.0,17.5,24.5,2.75,2.0,0.0,1.0,1.0,0.0,34.0,3.0,4.5
ARI,2021,11,SEA,0,46.0,-2.5,24.25,21.75,4.0,0.75,4.0,0.0,0.0,0.0,13.0,8.0,12.0
ARI,2021,13,CHI,0,43.5,7.5,18.0,25.5,2.75,1.5,3.0,4.0,0.0,0.0,22.0,11.0,16.5
ARI,2021,14,LA,1,51.0,3.0,24.0,27.0,2.5,1.75,3.0,0.0,0.0,0.0,30.0,2.0,3.0
ARI,2021,15,DET,0,48.0,13.0,17.5,30.5,1.5,1.75,2.0,0.0,1.0,0.0,30.0,3.0,4.5
ARI,2021,16,IND,1,48.0,3.0,22.5,25.5,1.25,1.5,2.0,0.0,0.0,0.0,22.0,2.0,3.0
ARI,2021,17,DAL,0,53.0,-6.5,29.75,23.25,2.75,1.0,1.0,0.0,1.0,0.0,22.0,3.0,4.5
ARI,2021,18,SEA,1,48.0,5.5,21.25,26.75,1.5,0.25,1.0,1.0,1.0,1.0,38.0,7.0,10.5
ARI,2021,19,LA,0,49.5,-4.0,26.75,22.75,0.0,0.0,0.0,0.0,0.0,0.0,34.0,-1.0,-1.5
ARI,2022,1,KC,1,54.0,-6.0,30.0,24.0,1.0,0.5,0.0,0.0,1.0,0.0,44.0,-2.0,-3.0
ARI,2022,2,LV,0,51.5,-5.5,28.5,23.0,3.25,2.25,1.0,0.0,1.0,1.0,23.0,9.0,13.5
ARI,2022,3,LA,1,49.0,-3.5,26.25,22.75,3.5,2.75,1.0,0.0,1.0,0.0,20.0,4.0,6.0
ARI,2022,4,CAR,0,44.0,-1.0,22.5,21.5,2.75,1.25,2.0,2.0,1.0,0.0,16.0,9.0,13.5
ARI,2022,5,PHI,1,48.5,-5.5,27.0,21.5,2.25,0.5,2.0,0.0,0.0,0.0,20.0,3.0,4.5
ARI,2022,6,SEA,0,50.0,2.5,23.75,26.25,1.75,1.0,5.0,0.0,1.0,1.0,19.0,14.0,21.0
ARI,2022,7,NO,1,44.0,2.5,20.75,23.25,1.25,1.75,0.0,3.0,0.0,2.0,34.0,17.0,25.5
ARI,2022,8,MIN,0,48.5,-4.0,26.25,22.25,2.0,1.0,3.0,0.0,2.0,0.0,34.0,6.0,9.0
ARI,2022,9,SEA,1,49.5,1.5,24.0,25.5,3.25,1.75,2.0,1.0,0.0,1.0,31.0,9.0,13.5
ARI,2022,10,LA,0,38.0,-3.5,20.75,17.25,3.0,1.0,3.0,1.0,1.0,0.0,17.0,8.0,12.0
ARI,2022,11,SF,1,43.5,-10.0,26.75,16.75,2.25,2.0,0.0,0.0,0.0,0.0,38.0,-4.0,-6.0
ARI,2022,12,LAC,1,48.5,-2.5,25.5,23.0,2.75,1.75,4.0,0.0,0.0,0.0,25.0,4.0,6.0
ARI,2022,14,NE,1,44.0,-2.0,23.0,21.0,3.5,0.25,1.0,1.0,0.0,0.0,27.0,3.0,4.5
ARI,2022,15,DEN,0,37.5,-1.5,19.5,18.0,3.5,1.25,7.0,1.0,1.0,0.0,24.0,11.0,16.5
ARI,2022,16,TB,1,41.5,-7.5,24.5,17.0,1.25,2.25,0.0,2.0,0.0,0.0,19.0,5.0,7.5
ARI,2022,17,ATL,0,41.0,-7.0,24.0,17.0,2.0,1.0,1.0,0.0,1.0,0.0,20.0,4.0,6.0
ARI,2022,18,SF,0,40.0,-14.0,27.0,13.0,1.0,0.75,4.0,0.0,0.0,0.0,38.0,0.0,0.0
ARI,2023,1,WAS,0,38.0,-7.0,22.5,15.5,2.75,2.25,6.0,1.0,2.0,1.0,20.0,19.0,28.5
ARI,2023,2,NYG,1,40.0,-5.0,22.5,17.5,3.0,1.5,3.0,1.0,0.0,0.0,31.0,4.0,6.0
ARI,2023,3,DAL,1,43.5,-11.5,27.5,16.0,0.75,1.0,2.0,1.0,0.0,0.0,16.0,5.0,7.5
ARI,2023,4,SF,0,44.0,-15.0,29.5,14.5,2.5,0.25,1.0,0.0,0.0,0.0,35.0,-3.0,-4.5
ARI,2023,5,CIN,1,45.5,-3.0,24.25,21.25,2.0,0.75,3.0,1.0,0.0,0.0,34.0,4.0,6.0
ARI,2023,6,LA,0,48.0,-7.0,27.5,20.5,3.25,1.25,3.0,0.0,0.0,0.0,26.0,3.0,4.5
ARI,2023,7,SEA,0,43.5,-9.5,26.5,17.0,2.25,0.75,2.0,1.0,1.0,0.0,20.0,7.0,10.5
ARI,2023,8,BAL,1,44.5,-9.5,27.0,17.5,2.0,2.0,4.0,0.0,0.0,0.0,31.0,3.0,4.5
ARI,2023,9,CLE,0,38.0,-13.0,25.5,12.5,2.75,2.5,1.0,0.0,0.0,0.0,27.0,1.0,1.5
ARI,2023,10,ATL,1,43.5,-2.0,22.75,20.75,2.75,2.25,3.0,0.0,0.0,0.0,23.0,3.0,4.5
ARI,2023,11,HOU,0,48.0,-5.5,26.75,21.25,2.0,1.75,4.0,3.0,1.0,0.0,21.0,12.0,18.0
ARI,2023,12,LA,1,45.0,-3.0,24.0,21.0,1.5,1.25,0.0,1.0,0.0,0.0,37.0,-2.0,-3.0
ARI,2023,13,PIT,0,41.0,-6.0,23.5,17.5,1.5,0.25,0.0,0.0,1.0,0.0,10.0,6.0,9.0
ARI,2023,15,SF,1,48.0,-12.5,30.25,17.75,2.5,1.0,0.0,0.0,0.0,0.0,45.0,-4.0,-6.0
ARI,2023,16,CHI,0,42.0,-4.5,23.25,18.75,2.75,1.25,1.0,1.0,0.0,0.0,27.0,3.0,4.5
ARI,2023,17,PHI,0,48.0,-12.0,30.0,18.0,1.25,1.75,0.0,1.0,0.0,0.0,31.0,1.0,1.5
ARI,2023,18,SEA,1,48.0,-2.5,25.25,22.75,2.5,0.75,0.0,0.0,0.0,0.0,21.0,0.0,0.0
ARI,2024,1,BUF,0,46.0,-6.5,26.25,19.75,1.5,1.5,2.0,0.0,1.0,0.0,34.0,3.0,4.5
ARI,2024,2,LA,1,47.5,-1.0,24.25,23.25,2.25,1.25,5.0,0.0,1.0,0.0,10.0,11.0,16.5
ARI,2024,3,DET,1,51.5,-3.0,27.25,24.25,1.0,1.25,2.0,1.0,0.0,0.0,20.0,5.0,7.5
ARI,2024,4,WAS,1,49.0,3.5,22.75,26.25,3.25,0.75,0.0,1.0,0.0,0.0,42.0,-2.0,-3.0
ARI,2024,5,SF,0,48.5,-7.0,27.75,20.75,2.75,1.25,2.0,2.0,1.0,0.0,23.0,8.0,12.0
ARI,2024,6,GB,0,47.0,-5.5,26.25,20.75,1.5,1.75,0.0,1.0,0.0,0.0,34.0,1.0,1.5
ARI,2024,7,LAC,1,44.0,-1.0,22.5,21.5,2.75,0.5,3.0,0.0,1.0,0.0,15.0,6.0,9.0
ARI,2024,8,MIA,0,46.5,-4.0,25.25,21.25,3.25,1.25,1.0,0.0,0.0,0.0,27.0,1.0,1.5
ARI,2024,9,CHI,1,44.5,1.5,21.5,23.0,2.5,0.5,6.0,0.0,0.0,0.0,9.0,10.0,15.0
ARI,2024,10,NYJ,1,45.5,-2.0,23.75,21.75,1.75,1.0,3.0,0.0,1.0,0.0,6.0,12.0,18.0
ARI,2024,12,SEA,0,46.5,1.0,22.75,23.75,3.25,1.25,5.0,1.0,0.0,0.0,16.0,8.0,12.0
ARI,2024,13,MIN,0,45.5,-3.5,24.5,21.0,2.5,2.25,5.0,0.0,1.0,0.0,23.0,7.0,10.5
ARI,2024,14,SEA,1,45.5,3.0,21.25,24.25,4.75,1.75,0.0,0.0,0.0,0.0,30.0,-1.0,-1.5
ARI,2024,15,NE,1,46.5,6.0,20.25,26.25,3.0,1.5,2.0,1.0,0.0,0.0,17.0,5.0,7.5
ARI,2024,16,CAR,0,47.0,5.5,20.75,26.25,2.5,1.5,3.0,0.0,0.0,0.0,36.0,-1.0,-1.5
ARI,2024,17,LA,0,48.0,-6.5,27.25,20.75,0.5,0.5,0.0,0.0,0.0,0.0,13.0,4.0,6.0
ARI,2024,18,SF,1,42.5,4.5,19.0,23.5,2.25,1.25,2.0,2.0,1.0,0.0,24.0,8.0,12.0
ATL,2020,1,SEA,1,49.5,1.0,24.25,25.25,0.0,0.0,3.0,0.0,0.0,0.0,38.0,-1.0,-1.5
ATL,2020,2,DAL,0,53.0,-3.0,28.0,25.0,3.0,0.0,1.0,0.0,3.0,0.0,40.0,3.0,4.5
ATL,2020,3,CHI,1,46.0,2.5,21.75,24.25,2.5,1.0,2.0,2.0,0.0,0.0,30.0,5.0,7.5
ATL,2020,4,GB,0,56.5,-5.0,30.75,25.75,0.6666666666666666,0.0,1.0,0.0,0.0,0.0,30.0,0.0,0.0
ATL,2020,5,CAR,1,53.5,2.5,25.5,28.0,2.0,1.25,0.0,0.0,0.0,0.0,23.0,0.0,0.0
ATL,2020,6,MIN,0,53.0,-3.5,28.25,24.75,2.75,2.25,1.0,3.0,0.0,0.0,23.0,7.0,10.5
ATL,2020,7,DET,1,54.0,1.0,26.5,27.5,2.75,0.75,2.0,0.0,0.0,0.0,23.0,2.0,3.0
ATL,2020,8,CAR,0,52.0,-1.5,26.75,25.25,1.25,1.0,3.0,1.0,0.0,0.0,17.0,6.0,9.0
ATL,2020,9,DEN,1,50.0,4.5,22.75,27.25,1.75,2.5,1.0,1.0,0.0,0.0,27.0,3.0,4.5
ATL,2020,11,NO,0,49.5,-3.5,26.5,23.0,1.5,1.5,3.0,0.0,1.0,0.0,24.0,5.0,7.5
ATL,2020,12,LV,1,53.0,-3.5,28.25,24.75,0.75,0.75,5.0,1.0,4.0,1.0,6.0,28.0,42.0
ATL,2020,13,NO,1,46.0,-2.5,24.25,21.75,2.5,1.75,2.0,0.0,1.0,0.0,21.0,4.0,6.0
ATL,2020,14,LAC,0,49.0,-1.0,25.0,24.0,2.75,1.25,1.0,1.0,0.0,0.0,20.0,4.0,6.0
ATL,2020,15,TB,1,49.5,-6.0,27.75,21.75,0.75,1.25,3.0,0.0,0.0,0.0,31.0,2.0,3.0
ATL,2020,16,KC,0,54.0,-11.0,32.5,21.5,2.5,1.5,0.0,2.0,0.0,0.0,17.0,5.0,7.5
ATL,2020,17,TB,0,51.0,-7.5,29.25,21.75,1.5,0.5,1.0,1.0,0.0,0.0,44.0,-1.0,-1.5
ATL,2021,1,PHI,1,49.0,3.5,22.75,26.25,3.0,1.75,1.0,0.0,0.0,0.0,32.0,0.0,0.0
ATL,2021,2,TB,0,52.0,-13.5,32.75,19.25,1.5,1.25,3.0,0.0,1.0,0.0,48.0,1.0,1.5
ATL,2021,3,NYG,0,48.0,-3.0,25.5,22.5,3.5,0.75,2.0,0.0,1.0,0.0,14.0,5.0,7.5
ATL,2021,4,WAS,1,47.5,-1.0,24.25,23.25,1.5,1.75,1.0,0.0,0.0,0.0,34.0,0.0,0.0
ATL,2021,5,NYJ,1,45.5,3.0,21.25,24.25,4.0,2.0,2.0,1.0,0.0,0.0,20.0,5.0,7.5
ATL,2021,7,MIA,0,48.5,1.5,23.5,25.0,2.0,1.25,1.0,2.0,0.0,0.0,28.0,4.0,6.0
ATL,2021,8,CAR,1,47.0,2.5,22.25,24.75,4.5,2.25,0.0,0.0,1.0,0.0,19.0,3.0,4.5
ATL,2021,9,NO,0,43.0,-7.0,25.0,18.0,1.25,1.0,1.0,0.0,1.0,0.0,25.0,3.0,4.5
ATL,2021,10,DAL,0,55.0,-8.0,31.5,23.5,1.75,1.75,0.0,0.0,1.0,0.0,43.0,-2.0,-3.0
ATL,2021,11,NE,1,47.5,-7.0,27.25,20.25,1.5,0.75,3.0,1.0,0.0,0.0,25.0,5.0,7.5
ATL,2021,12,JAX,0,46.0,1.5,22.25,23.75,2.25,1.0,1.0,1.0,1.0,0.0,14.0,6.0,9.0
ATL,2021,13,TB,1,51.0,-11.0,31.0,20.0,1.5,2.25,0.0,1.0,0.0,1.0,30.0,7.0,10.5
ATL,2021,14,CAR,0,41.0,-2.5,21.75,19.25,1.75,2.0,1.0,2.0,1.0,1.0,21.0,13.0,19.5
ATL,2021,15,SF,0,48.0,-9.5,28.75,19.25,2.5,1.75,0.0,0.0,1.0,0.0,31.0,1.0,1.5
ATL,2021,16,DET,1,42.5,7.5,17.5,25.0,2.0,1.5,0.0,1.0,0.0,0.0,16.0,3.0,4.5
ATL,2021,17,BUF,0,46.5,-14.0,30.25,16.25,2.25,1.0,1.0,3.0,0.0,0.0,29.0,6.0,9.0
ATL,2021,18,NO,1,40.0,-4.5,22.25,17.75,3.75,0.5,1.0,0.0,0.0,0.0,30.0,0.0,0.0
ATL,2022,1,NO,1,43.5,-6.0,24.75,18.75,3.25,0.5,4.0,0.0,1.0,0.0,27.0,6.0,9.0
ATL,2022,2,LA,0,46.5,-10.5,28.5,18.0,3.25,2.75,1.0,2.0,1.0,1.0,31.0,12.0,18.0
ATL,2022,3,SEA,0,43.0,-1.0,22.0,21.0,1.5,1.25,2.0,1.0,0.0,0.0,23.0,4.0,6.0
ATL,2022,4,CLE,1,48.0,-1.0,24.5,23.5,1.25,0.75,1.0,1.0,1.0,0.0,20.0,6.0,9.0
ATL,2022,5,TB,0,46.0,-10.5,28.25,17.75,1.75,1.5,0.0,0.0,0.0,0.0,21.0,0.0,0.0
ATL,2022,6,SF,1,46.0,-3.5,24.75,21.25,1.75,1.25,0.0,2.0,1.0,1.0,14.0,13.0,19.5
ATL,2022,7,CIN,0,47.5,-6.5,27.0,20.5,2.25,0.5,3.0,0.0,0.0,0.0,35.0,-1.0,-1.5
ATL,2022,8,CAR,1,41.0,4.5,18.25,22.75,2.75,1.25,1.0,1.0,0.0,1.0,34.0,8.0,12.0
ATL,2022,9,LAC,1,49.5,-2.5,26.0,23.5,1.75,1.25,0.0,1.0,1.0,0.0,20.0,5.0,7.5
ATL,2022,10,CAR,0,41.5,2.5,19.5,22.0,1.0,1.25,1.0,0.0,0.0,0.0,25.0,1.0,1.5
ATL,2022,11,CHI,1,48.5,3.0,22.75,25.75,3.25,0.75,4.0,1.0,1.0,0.0,24.0,8.0,12.0
ATL,2022,12,WAS,0,40.5,-3.5,22.0,18.5,2.0,1.0,0.0,1.0,0.0,0.0,19.0,3.0,4.5
ATL,2022,13,PIT,1,43.0,-1.0,22.0,21.0,4.25,0.5,0.0,0.0,0.0,0.0,19.0,1.0,1.5
ATL,2022,15,NO,0,43.5,-5.0,24.25,19.25,2.25,1.0,2.0,0.0,1.0,0.0,21.0,4.0,6.0
ATL,2022,16,BAL,0,35.0,-6.5,20.75,14.25,2.5,1.5,0.0,0.0,0.0,0.0,17.0,1.0,1.5
ATL,2022,17,ARI,1,41.0,7.0,17.0,24.0,2.75,2.5,2.0,0.0,0.0,0.0,19.0,3.0,4.5
ATL,2022,18,TB,1,40.5,6.0,17.25,23.25,1.0,2.5,0.0,0.0,1.0,0.0,17.0,3.0,4.5
ATL,2023,1,CAR,1,40.5,3.5,18.5,22.0,2.0,1.25,2.0,2.0,1.0,0.0,10.0,12.0,18.0
ATL,2023,2,GB,1,40.5,3.0,18.75,21.75,1.5,0.75,1.0,0.0,0.0,0.0,24.0,1.0,1.5
ATL,2023,3,DET,0,47.5,-3.0,25.25,22.25,1.5,1.0,0.0,1.0,0.0,0.0,20.0,3.0,4.5
ATL,2023,4,JAX,0,42.5,-3.5,23.0,19.5,1.75,1.75,2.0,0.0,0.0,0.0,23.0,2.0,3.0
ATL,2023,5,HOU,1,42.0,2.5,19.75,22.25,2.75,0.5,0.0,0.0,0.0,0.0,19.0,1.0,1.5
ATL,2023,6,WAS,1,42.0,1.5,20.25,21.75,5.75,1.75,5.0,0.0,0.0,0.0,24.0,5.0,7.5
ATL,2023,7,TB,0,37.5,-3.0,20.25,17.25,1.0,1.0,3.0,1.0,1.0,0.0,13.0,11.0,16.5
ATL,2023,8,TEN,0,35.0,2.5,16.25,18.75,3.75,0.75,2.0,0.0,1.0,0.0,28.0,3.0,4.5
ATL,2023,9,MIN,1,38.5,3.5,17.5,21.0,2.0,1.0,4.0,0.0,2.0,0.0,31.0,7.0,10.5
ATL,2023,10,ARI,0,43.5,2.0,20.75,22.75,3.75,2.25,2.0,1.0,0.0,0.0,25.0,4.0,6.0
ATL,2023,12,NO,1,42.0,-2.0,22.0,20.0,1.25,1.25,1.0,1.0,1.0,1.0,15.0,12.0,18.0
ATL,2023,13,NYJ,0,33.0,2.0,15.5,17.5,5.75,2.5,4.0,1.0,2.0,0.0,8.0,14.0,21.0
ATL,2023,14,TB,1,41.5,1.5,20.0,21.5,3.5,1.5,1.0,0.0,0.0,0.0,29.0,0.0,0.0
ATL,2023,15,CAR,0,32.0,3.0,14.5,17.5,4.75,1.5,3.0,0.0,0.0,0.0,9.0,7.0,10.5
ATL,2023,16,IND,1,44.0,3.0,20.5,23.5,2.75,0.75,6.0,1.0,0.0,0.0,10.0,12.0,18.0
ATL,2023,17,CHI,0,39.0,-3.0,21.0,18.0,2.5,1.25,3.0,0.0,0.0,0.0,37.0,-1.0,-1.5
ATL,2023,18,NO,0,41.5,-3.5,22.5,19.0,1.25,0.5,3.0,0.0,0.0,0.0,48.0,-1.0,-1.5
ATL,2024,1,PIT,1,43.0,4.0,19.5,23.5,2.25,1.25,2.0,0.0,0.0,0.0,18.0,3.0,4.5
ATL,2024,2,PHI,0,46.5,-5.5,26.0,20.5,2.0,2.5,1.0,1.0,0.0,0.0,21.0,3.0,4.5
ATL,2024,3,KC,1,46.0,-3.0,24.5,21.5,1.75,1.5,0.0,1.0,0.0,0.0,22.0,2.0,3.0
ATL,2024,4,NO,1,41.5,2.5,19.5,22.0,1.5,0.5,1.0,1.0,0.0,1.0,24.0,9.0,13.5
ATL,2024,5,TB,1,44.0,2.5,20.75,23.25,3.75,1.0,1.0,0.0,1.0,0.0,30.0,2.0,3.0
ATL,2024,6,CAR,0,45.5,6.0,19.75,25.75,2.0,1.25,0.0,2.0,0.0,0.0,20.0,5.0,7.5
ATL,2024,7,SEA,1,51.5,3.0,24.25,27.25,3.5,2.0,1.0,0.0,0.0,0.0,34.0,0.0,0.0
ATL,2024,8,TB,0,47.0,1.5,22.75,24.25,1.75,1.75,0.0,2.0,1.0,0.0,26.0,6.0,9.0
ATL,2024,9,DAL,1,52.0,3.0,24.5,27.5,2.25,2.5,3.0,0.0,0.0,0.0,21.0,3.0,4.5
ATL,2024,10,NO,0,46.5,3.5,21.5,25.0,4.25,1.25,0.0,0.0,0.0,0.0,20.0,1.0,1.5
ATL,2024,11,DEN,0,44.5,-2.0,23.25,21.25,2.0,1.0,1.0,0.0,0.0,0.0,38.0,-3.0,-4.5
ATL,2024,13,LAC,1,47.0,-1.0,24.0,23.0,3.0,0.25,5.0,0.0,1.0,0.0,17.0,8.0,12.0
ATL,2024,14,MIN,0,46.5,-6.0,26.25,20.25,2.75,1.75,4.0,0.0,0.0,0.0,42.0,0.0,0.0
ATL,2024,15,LV,0,44.5,6.5,19.0,25.5,3.25,1.5,4.0,2.0,1.0,0.0,9.0,14.0,21.0
ATL,2024,16,NYG,1,42.5,9.5,16.5,26.0,3.75,1.25,3.0,2.0,1.0,2.0,7.0,25.0,37.5
ATL,2024,17,WAS,0,46.5,-3.5,25.0,21.5,3.75,2.25,5.0,1.0,0.0,0.0,30.0,6.0,9.0
ATL,2024,18,CAR,1,48.5,7.5,20.5,28.0,3.75,1.25,0.0,0.0,0.0,0.0,44.0,-4.0,-6.0
BAL,2020,1,CLE,1,47.0,7.0,20.0,27.0,0.0,0.0,2.0,1.0,2.0,0.0,6.0,15.0,22.5
BAL,2020,2,HOU,0,49.5,7.5,21.0,28.5,4.0,1.0,4.0,1.0,1.0,1.0,16.0,15.0,22.5
BAL,2020,3,KC,1,55.0,3.5,25.75,29.25,1.0,0.0,0.0,0.0,1.0,0.0,34.0,1.0,1.5
BAL,2020,4,WAS,0,45.0,14.5,15.25,29.75,3.3333333333333335,2.0,3.0,0.0,1.0,0.0,17.0,6.0,9.0
BAL,2020,5,CIN,1,49.0,12.5,18.25,30.75,3.75,1.0,7.0,1.0,2.0,1.0,3.0,26.0,39.0
BAL,2020,6,PHI,0,46.5,10.5,18.0,28.5,2.75,2.25,6.0,0.0,1.0,0.0,28.0,7.0,10.5
BAL,2020,8,PIT,1,44.0,4.0,20.0,24.0,1.25,1.0,2.0,0.0,1.0,0.0,28.0,3.0,4.5
BAL,2020,9,IND,0,48.0,-1.0,24.5,23.5,1.25,1.0,0.0,1.0,1.0,1.0,10.0,14.0,21.0
BAL,2020,10,NE,0,44.0,7.0,18.5,25.5,2.0,2.0,1.0,0.0,0.0,0.0,23.0,1.0,1.5
BAL,2020,11,TEN,1,50.5,6.0,22.25,28.25,1.75,0.25,2.0,1.0,0.0,0.0,30.0,3.0,4.5
BAL,2020,12,PIT,0,41.5,-10.5,26.0,15.5,0.5,0.75,0.0,1.0,0.0,0.0,19.0,3.0,4.5
BAL,2020,13,DAL,1,46.0,8.5,18.75,27.25,2.75,1.75,1.0,1.0,0.0,0.0,17.0,4.0,6.0
BAL,2020,14,CLE,0,45.5,3.0,21.25,24.25,1.5,0.75,0.0,1.0,0.0,0.0,42.0,-2.0,-3.0
BAL,2020,15,JAX,1,49.5,13.0,18.25,31.25,1.0,2.25,5.0,0.0,1.0,0.0,14.0,8.0,12.0
BAL,2020,16,NYG,1,43.5,10.0,16.75,26.75,2.75,1.25,6.0,0.0,0.0,0.0,13.0,10.0,15.0
BAL,2020,17,CIN,0,46.0,13.5,16.25,29.75,2.5,1.25,0.0,2.0,0.0,0.0,3.0,11.0,16.5
BAL,2020,18,TEN,0,53.0,3.5,24.75,28.25,0.0,0.0,0.0,0.0,0.0,0.0,13.0,4.0,6.0
BAL,2020,19,BUF,0,50.0,-2.5,26.25,23.75,0.0,0.0,0.0,0.0,0.0,0.0,17.0,1.0,1.5
BAL,2021,1,LV,0,50.5,3.0,23.75,26.75,1.75,2.25,3.0,1.0,0.0,0.0,33.0,4.0,6.0
BAL,2021,2,KC,1,53.5,-3.5,28.5,25.0,1.75,0.75,0.0,1.0,1.0,0.0,35.0,0.0,0.0
BAL,2021,3,DET,0,51.0,7.5,21.75,29.25,2.25,1.5,2.0,0.0,0.0,0.0,17.0,3.0,4.5
BAL,2021,4,DEN,0,44.0,-1.0,22.5,21.5,2.25,0.5,5.0,1.0,0.0,0.0,7.0,11.0,16.5
BAL,2021,5,IND,1,46.5,7.5,19.5,27.0,2.5,1.0,2.0,0.0,1.0,0.0,25.0,4.0,6.0
BAL,2021,6,LAC,1,50.5,3.0,23.75,26.75,1.75,0.75,2.0,1.0,0.0,0.0,6.0,11.0,16.5
BAL,2021,7,CIN,1,45.5,6.5,19.5,26.0,1.5,1.0,1.0,1.0,0.0,0.0,41.0,-1.0,-1.5
BAL,2021,9,MIN,1,51.0,7.5,21.75,29.25,1.25,1.0,0.0,0.0,0.0,0.0,31.0,-1.0,-1.5
BAL,2021,10,MIA,0,46.5,8.5,19.0,27.5,1.75,2.25,4.0,0.0,0.0,0.0,22.0,4.0,6.0
BAL,2021,11,CHI,0,43.0,5.0,19.0,24.0,3.75,2.5,3.0,0.0,1.0,0.0,13.0,9.0,13.5
BAL,2021,12,CLE,1,47.0,3.0,22.0,25.0,3.0,1.0,3.0,0.0,2.0,0.0,10.0,11.0,16.5
BAL,2021,13,PIT,0,44.0,4.0,20.0,24.0,2.5,1.5,1.0,0.0,0.0,0.0,20.0,2.0,3.0
BAL,2021,14,CLE,0,44.0,-3.0,23.5,20.5,2.75,1.25,0.0,1.0,0.0,0.0,24.0,2.0,3.0
BAL,2021,15,GB,1,45.5,-9.5,27.5,18.0,1.75,0.5,3.0,0.0,0.0,0.0,31.0,2.0,3.0
BAL,2021,16,CIN,0,43.0,-7.5,25.25,17.75,4.0,1.25,3.0,0.0,0.0,0.0,41.0,-1.0,-1.5
BAL,2021,17,LA,1,47.0,-7.0,27.0,20.0,2.0,1.0,1.0,2.0,1.0,1.0,20.0,14.0,21.0
BAL,2021,18,PIT,1,41.0,3.0,19.0,22.0,3.0,1.25,1.0,1.0,0.0,0.0,16.0,4.0,6.0
BAL,2022,1,NYJ,0,44.0,6.5,18.75,25.25,4.25,0.5,3.0,1.0,1.0,0.0,9.0,11.0,16.5
BAL,2022,2,MIA,1,44.0,3.0,20.5,23.5,2.75,0.75,1.0,2.0,0.0,0.0,42.0,1.0,1.5
BAL,2022,3,NE,0,45.5,2.5,21.5,24.0,1.0,2.0,3.0,3.0,1.0,0.0,26.0,11.0,16.5
BAL,2022,4,BUF,1,50.0,-3.0,26.5,23.5,1.75,1.5,1.0,1.0,1.0,0.0,23.0,5.0,7.5
BAL,2022,5,CIN,1,47.5,3.0,22.25,25.25,4.0,1.5,3.0,1.0,0.0,0.0,17.0,6.0,9.0
BAL,2022,6,NYG,0,46.0,5.5,20.25,25.75,2.5,0.75,4.0,0.0,1.0,0.0,24.0,6.0,9.0
BAL,2022,7,CLE,1,46.0,6.5,19.75,26.25,1.75,1.5,5.0,0.0,2.0,0.0,20.0,10.0,15.0
BAL,2022,8,TB,0,46.0,-2.0,24.0,22.0,1.0,0.5,3.0,0.0,0.0,0.0,22.0,3.0,4.5
BAL,2022,9,NO,0,46.0,1.0,22.5,23.5,0.5,1.5,4.0,1.0,0.0,0.0,13.0,10.0,15.0
BAL,2022,11,CAR,1,42.0,13.0,14.5,27.5,0.75,1.0,4.0,2.0,1.0,0.0,3.0,17.0,25.5
BAL,2022,12,JAX,0,43.0,3.5,19.75,23.25,1.75,1.0,4.0,0.0,1.0,0.0,28.0,5.0,7.5
BAL,2022,13,DEN,1,40.5,9.5,15.5,25.0,3.75,1.25,2.0,0.0,0.0,0.0,9.0,6.0,9.0
BAL,2022,14,PIT,0,37.0,-1.5,19.25,17.75,2.75,0.0,2.0,3.0,0.0,0.0,14.0,9.0,13.5
BAL,2022,15,CLE,0,39.5,-2.5,21.0,18.5,2.0,1.5,3.0,0.0,0.0,0.0,13.0,7.0,10.5
BAL,2022,16,ATL,1,35.0,6.5,14.25,20.75,1.5,1.0,2.0,0.0,1.0,0.0,9.0,8.0,12.0
BAL,2022,17,PIT,1,35.5,1.0,17.25,18.25,0.75,1.0,2.0,0.0,0.0,0.0,16.0,3.0,4.5
BAL,2022,18,CIN,0,39.0,-11.0,25.0,14.0,1.75,1.25,2.0,0.0,1.0,0.0,27.0,4.0,6.0
BAL,2022,19,CIN,0,40.0,-7.5,23.75,16.25,0.0,0.0,0.0,0.0,0.0,0.0,24.0,0.0,0.0
BAL,2023,1,HOU,1,43.5,9.5,17.0,26.5,1.25,1.5,5.0,0.0,1.0,0.0,9.0,11.0,16.5
BAL,2023,2,CIN,0,45.5,-3.5,24.5,21.0,2.0,1.25,1.0,1.0,0.0,0.0,24.0,3.0,4.5
BAL,2023,3,IND,1,43.5,7.5,18.0,25.5,2.0,1.75,5.0,0.0,0.0,0.0,22.0,5.0,7.5
BAL,2023,4,CLE,0,38.5,2.0,18.25,20.25,4.75,2.25,4.0,3.0,0.0,0.0,3.0,17.0,25.5
BAL,2023,5,PIT,0,38.5,4.5,17.0,21.5,2.75,1.25,3.0,0.0,0.0,0.0,17.0,4.0,6.0
BAL,2023,6,TEN,0,42.5,5.5,18.5,24.0,3.5,0.5,6.0,1.0,0.0,0.0,16.0,9.0,13.5
BAL,2023,7,DET,1,43.5,3.0,20.25,23.25,1.75,0.5,5.0,1.0,0.0,0.0,6.0,14.0,21.0
BAL,2023,8,ARI,0,44.5,9.5,17.5,27.0,2.5,1.75,2.0,2.0,0.0,0.0,24.0,6.0,9.0
BAL,2023,9,SEA,1,44.5,6.0,19.25,25.25,2.25,1.5,4.0,1.0,1.0,0.0,3.0,15.0,22.5
BAL,2023,10,CLE,1,38.5,6.0,16.25,22.25,2.0,1.75,4.0,1.0,0.0,1.0,33.0,11.0,16.5
BAL,2023,11,CIN,1,46.5,4.0,21.25,25.25,2.75,1.0,5.0,0.0,0.0,0.0,20.0,6.0,9.0
BAL,2023,12,LAC,0,49.0,3.0,23.0,26.0,1.75,0.75,3.0,1.0,3.0,0.0,10.0,15.0,22.5
BAL,2023,14,LA,1,42.0,7.5,17.25,24.75,0.5,1.0,2.0,0.0,0.0,1.0,31.0,7.0,10.5
BAL,2023,15,JAX,0,42.5,4.0,19.25,23.25,2.25,1.5,1.0,0.0,2.0,0.0,7.0,9.0,13.5
BAL,2023,16,SF,0,47.5,-6.5,27.0,20.5,1.5,1.0,4.0,5.0,0.0,0.0,19.0,15.0,22.5
BAL,2023,17,MIA,1,47.0,3.0,22.0,25.0,2.25,0.5,3.0,2.0,1.0,0.0,19.0,10.0,15.0
BAL,2023,18,PIT,1,34.0,-3.0,18.5,15.5,2.0,1.0,3.0,0.0,2.0,0.0,17.0,8.0,12.0
BAL,2023,20,HOU,1,44.0,10.0,17.0,27.0,0.0,0.0,0.0,0.0,0.0,0.0,10.0,4.0,6.0
BAL,2023,21,KC,1,44.0,4.5,19.75,24.25,0.0,0.0,0.0,0.0,0.0,0.0,17.0,1.0,1.5
BAL,2024,1,KC,0,46.0,-3.0,24.5,21.5,2.5,1.5,2.0,1.0,0.0,0.0,27.0,4.0,6.0
BAL,2024,2,LV,1,41.0,9.0,16.0,25.0,2.75,0.75,5.0,1.0,0.0,0.0,26.0,7.0,10.5
BAL,2024,3,DAL,0,47.5,1.5,23.0,24.5,2.25,1.25,3.0,0.0,1.0,0.0,25.0,5.0,7.5
BAL,2024,4,BUF,1,46.5,2.5,22.0,24.5,1.25,1.0,3.0,0.0,1.0,0.0,10.0,9.0,13.5
BAL,2024,5,CIN,0,48.5,2.5,23.0,25.5,2.0,0.75,3.0,1.0,0.0,0.0,38.0,1.0,1.5
BAL,2024,6,WAS,1,51.5,6.5,22.5,29.0,2.5,0.75,3.0,0.0,0.0,0.0,23.0,3.0,4.5
BAL,2024,7,TB,0,51.0,4.5,23.25,27.75,2.75,1.75,3.0,2.0,0.0,0.0,31.0,6.0,9.0
BAL,2024,8,CLE,0,44.5,7.5,18.5,26.0,4.75,1.0,2.0,0.0,1.0,0.0,29.0,3.0,4.5
BAL,2024,9,DEN,1,46.5,9.0,18.75,27.75,1.75,1.25,4.0,1.0,0.0,0.0,10.0,10.0,15.0
BAL,2024,10,CIN,1,53.0,6.0,23.5,29.5,2.25,1.0,3.0,0.0,1.0,0.0,34.0,4.0,6.0
BAL,2024,11,PIT,0,48.0,3.0,22.5,25.5,2.75,1.0,4.0,1.0,0.0,0.0,18.0,7.0,10.5
BAL,2024,12,LAC,0,51.0,3.0,24.0,27.0,2.75,0.25,4.0,0.0,0.0,0.0,23.0,4.0,6.0
BAL,2024,13,PHI,1,50.0,3.0,23.5,26.5,2.75,1.0,2.0,0.0,0.0,0.0,24.0,2.0,3.0
BAL,2024,15,NYG,0,43.5,16.5,13.5,30.0,3.5,1.75,3.0,1.0,0.0,0.0,14.0,6.0,9.0
BAL,2024,16,PIT,1,44.5,7.0,18.75,25.75,2.25,1.5,3.0,1.0,1.0,1.0,17.0,14.0,21.0
BAL,2024,17,HOU,0,46.5,5.5,20.5,26.0,3.0,1.5,5.0,1.0,0.0,0.0,2.0,14.0,21.0
BAL,2024,18,CLE,1,42.5,19.5,11.5,31.0,3.5,3.0,2.0,2.0,0.0,1.0,10.0,16.0,24.0
BAL,2024,19,PIT,1,44.5,9.5,17.5,27.0,0.0,0.0,0.0,0.0,0.0,0.0,14.0,1.0,1.5
BAL,2024,20,BUF,0,51.5,1.5,25.0,26.5,0.0,0.0,0.0,0.0,0.0,0.0,27.0,0.0,0.0
BUF,2020,1,NYJ,1,39.5,6.5,16.5,23.0,0.0,0.0,3.0,1.0,1.0,0.0,17.0,8.0,12.0
BUF,2020,2,MIA,0,42.5,5.5,18.5,24.0,1.0,3.0,3.0,0.0,0.0,0.0,28.0,2.0,3.0
BUF,2020,3,LA,1,46.5,1.5,22.5,24.0,1.0,0.5,2.0,1.0,1.0,0.0,32.0,5.0,7.5
BUF,2020,4,LV,0,53.0,3.0,25.0,28.0,1.6666666666666667,1.3333333333333333,2.0,0.0,2.0,0.0,23.0,6.0,9.0
BUF,2020,5,TEN,0,52.0,3.0,24.5,27.5,1.3333333333333333,0.3333333333333333,0.0,0.0,0.0,0.0,42.0,-4.0,-6.0
BUF,2020,6,KC,1,55.0,-5.5,30.25,24.75,1.25,0.75,1.0,0.0,1.0,0.0,26.0,3.0,4.5
BUF,2020,7,NYJ,0,47.0,9.5,18.75,28.25,3.5,1.0,6.0,2.0,0.0,0.0,10.0,14.0,21.0
BUF,2020,8,NE,1,41.0,4.0,18.5,22.5,2.5,3.0,2.0,0.0,1.0,0.0,21.0,4.0,6.0
BUF,2020,9,SEA,1,55.0,-3.0,29.0,26.0,2.5,1.25,5.0,2.0,2.0,0.0,34.0,12.0,18.0
BUF,2020,10,ARI,0,55.5,-3.0,29.25,26.25,0.75,1.0,3.0,1.0,1.0,0.0,32.0,6.0,9.0
BUF,2020,12,LAC,1,51.0,4.5,23.25,27.75,2.25,1.0,3.0,1.0,0.0,0.0,17.0,6.0,9.0
BUF,2020,13,SF,0,48.0,-1.5,24.75,23.25,2.0,2.5,0.0,2.0,0.0,0.0,24.0,4.0,6.0
BUF,2020,14,PIT,1,48.5,2.0,23.25,25.25,0.0,1.0,1.0,2.0,0.0,1.0,15.0,12.0,18.0
BUF,2020,15,DEN,0,49.0,5.5,21.75,27.25,0.5,2.0,3.0,0.0,2.0,1.0,19.0,14.0,21.0
BUF,2020,16,NE,0,47.0,7.0,20.0,27.0,3.25,1.0,3.0,0.0,0.0,0.0,9.0,7.0,10.5
BUF,2020,17,MIA,1,42.5,-3.5,23.0,19.5,2.25,0.75,1.0,3.0,1.0,2.0,26.0,21.0,31.5
BUF,2020,18,IND,1,50.5,7.0,21.75,28.75,0.0,0.0,0.0,0.0,0.0,0.0,24.0,0.0,0.0
BUF,2020,19,BAL,1,50.0,2.5,23.75,26.25,0.0,0.0,0.0,0.0,0.0,0.0,3.0,7.0,10.5
BUF,2020,20,KC,0,54.5,-3.0,28.75,25.75,0.0,0.0,0.0,0.0,0.0,0.0,38.0,-4.0,-6.0
BUF,2021,1,PIT,1,48.0,6.5,20.75,27.25,1.0,1.5,2.0,0.0,0.0,0.0,23.0,2.0,3.0
BUF,2021,2,MIA,0,48.0,3.5,22.25,25.75,2.0,1.5,6.0,1.0,1.0,0.0,0.0,20.0,30.0
BUF,2021,3,WAS,1,45.5,7.5,19.0,26.5,2.0,1.75,1.0,2.0,1.0,0.0,21.0,7.0,10.5
BUF,2021,4,HOU,1,47.5,19.0,14.25,33.25,2.5,0.5,3.0,4.0,1.0,0.0,0.0,23.0,34.5
BUF,2021,5,KC,0,57.0,-2.5,29.75,27.25,1.25,1.75,2.0,2.0,2.0,1.0,20.0,17.0,25.5
BUF,2021,6,TEN,0,53.5,6.0,23.75,29.75,3.5,1.0,0.0,1.0,0.0,0.0,34.0,1.0,1.5
BUF,2021,8,MIA,1,48.5,15.0,16.75,31.75,1.75,1.75,2.0,1.0,1.0,0.0,11.0,10.0,15.0
BUF,2021,9,JAX,0,48.0,14.5,16.75,31.25,1.5,1.0,2.0,0.0,1.0,0.0,9.0,8.0,12.0
BUF,2021,10,NYJ,0,47.0,13.0,17.0,30.0,2.0,2.25,1.0,4.0,1.0,0.0,17.0,12.0,18.0
BUF,2021,11,IND,1,49.5,7.5,21.0,28.5,1.0,1.0,0.0,0.0,0.0,0.0,41.0,-4.0,-6.0
BUF,2021,12,NO,0,45.0,7.0,19.0,26.0,1.5,1.25,2.0,1.0,0.0,0.0,6.0,11.0,16.5
BUF,2021,13,NE,1,40.0,3.0,18.5,21.5,2.25,0.75,0.0,0.0,0.0,0.0,14.0,1.0,1.5
BUF,2021,14,TB,0,52.5,-3.5,28.0,24.5,0.75,1.75,2.0,0.0,0.0,0.0,33.0,1.0,1.5
BUF,2021,15,CAR,1,43.0,14.0,14.5,28.5,1.75,2.0,4.0,1.0,0.0,0.0,14.0,7.0,10.5
BUF,2021,16,NE,0,43.5,-1.0,22.25,21.25,1.5,0.75,1.0,2.0,0.0,0.0,21.0,5.0,7.5
BUF,2021,17,ATL,1,46.5,14.0,16.25,30.25,2.75,1.0,5.0,0.0,1.0,0.0,15.0,8.0,12.0
BUF,2021,18,NYJ,1,43.0,16.0,13.5,29.5,2.75,0.5,9.0,0.0,0.0,0.0,10.0,13.0,19.5
BUF,2021,19,NE,1,43.0,4.5,19.25,23.75,0.0,0.0,0.0,0.0,0.0,0.0,17.0,1.0,1.5
BUF,2021,20,KC,0,54.0,-2.5,28.25,25.75,0.0,0.0,0.0,0.0,0.0,0.0,42.0,-4.0,-6.0
BUF,2022,1,LA,0,51.5,1.0,25.25,26.25,2.5,2.25,7.0,3.0,0.0,0.0,10.0,17.0,25.5
BUF,2022,2,TEN,1,47.5,10.0,18.75,28.75,1.75,0.0,2.0,2.0,1.0,1.0,7.0,18.0,27.0
BUF,2022,3,MIA,0,54.0,4.0,25.0,29.0,2.25,1.0,2.0,0.0,0.0,0.0,21.0,2.0,3.0
BUF,2022,4,BAL,0,50.0,3.0,23.5,26.5,2.25,1.5,2.0,2.0,0.0,0.0,20.0,7.0,10.5
BUF,2022,5,PIT,1,44.0,14.0,15.0,29.0,2.0,1.5,3.0,1.0,1.0,0.0,3.0,14.0,21.0
BUF,2022,6,KC,0,54.0,2.5,25.75,28.25,2.0,0.5,3.0,2.0,0.0,0.0,20.0,8.0,12.0
BUF,2022,8,GB,1,47.0,10.5,18.25,28.75,1.75,0.75,2.0,1.0,0.0,0.0,17.0,5.0,7.5
BUF,2022,9,NYJ,0,46.0,11.0,17.5,28.5,2.25,0.75,2.0,0.0,1.0,0.0,20.0,5.0,7.5
BUF,2022,10,MIN,1,47.0,6.5,20.25,26.75,2.25,1.0,4.0,2.0,0.0,0.0,33.0,7.0,10.5
BUF,2022,11,CLE,1,50.5,7.5,21.5,29.0,3.5,2.0,1.0,0.0,1.0,0.0,23.0,3.0,4.5
BUF,2022,12,DET,0,54.0,10.0,22.0,32.0,0.75,0.25,2.0,0.0,2.0,0.0,25.0,6.0,9.0
BUF,2022,13,NE,0,43.5,3.5,20.0,23.5,4.75,0.5,1.0,0.0,0.0,0.0,10.0,5.0,7.5
BUF,2022,14,NYJ,1,43.5,10.0,16.75,26.75,2.0,0.75,4.0,0.0,2.0,0.0,12.0,12.0,18.0
BUF,2022,15,MIA,1,44.0,7.0,18.5,25.5,2.75,1.25,2.0,0.0,0.0,0.0,29.0,1.0,1.5
BUF,2022,16,CHI,0,40.0,8.0,16.0,24.0,3.0,1.75,2.0,1.0,1.0,0.0,13.0,10.0,15.0
BUF,2022,18,NE,1,44.0,8.0,18.0,26.0,2.0,0.75,1.0,3.0,1.0,0.0,23.0,9.0,13.5
BUF,2022,19,MIA,1,44.0,14.0,15.0,29.0,0.0,0.0,0.0,0.0,0.0,0.0,31.0,-1.0,-1.5
BUF,2022,20,CIN,1,48.5,6.0,21.25,27.25,0.0,0.0,0.0,0.0,0.0,0.0,27.0,0.0,0.0
BUF,2023,1,NYJ,0,44.5,2.5,21.0,23.5,2.75,1.5,3.0,1.0,0.0,0.0,22.0,5.0,7.5
BUF,2023,2,LV,1,47.0,7.5,19.75,27.25,2.25,2.0,0.0,2.0,1.0,0.0,10.0,10.0,15.0
BUF,2023,3,WAS,0,44.0,5.5,19.25,24.75,4.0,2.0,9.0,4.0,1.0,1.0,3.0,32.0,48.0
BUF,2023,4,MIA,1,53.0,2.5,25.25,27.75,0.5,0.75,4.0,1.0,1.0,0.0,20.0,9.0,13.5
BUF,2023,5,JAX,1,48.5,5.5,21.5,27.0,2.0,1.5,5.0,0.0,2.0,0.0,25.0,9.0,13.5
BUF,2023,6,NYG,1,43.5,15.5,14.0,29.5,5.75,1.25,3.0,0.0,0.0,0.0,9.0,7.0,10.5
BUF,2023,7,NE,0,41.0,7.5,16.75,24.25,2.0,1.75,1.0,0.0,1.0,0.0,29.0,2.0,3.0
BUF,2023,8,TB,1,43.0,10.0,16.5,26.5,1.75,1.5,3.0,0.0,0.0,0.0,18.0,4.0,6.0
BUF,2023,9,CIN,0,51.0,-1.5,26.25,24.75,3.0,1.0,1.0,0.0,0.0,0.0,24.0,1.0,1.5
BUF,2023,10,DEN,1,47.5,7.5,20.0,27.5,3.75,2.0,4.0,0.0,1.0,0.0,24.0,6.0,9.0
BUF,2023,11,NYJ,1,39.5,8.0,15.75,23.75,4.75,1.5,6.0,2.0,2.0,0.0,6.0,21.0,31.5
BUF,2023,12,PHI,0,49.0,-2.5,25.75,23.25,3.25,1.25,2.0,1.0,1.0,0.0,37.0,2.0,3.0
BUF,2023,14,KC,0,49.5,-2.0,25.75,23.75,1.75,1.0,1.0,1.0,1.0,0.0,17.0,6.0,9.0
BUF,2023,15,DAL,1,49.5,2.0,23.75,25.75,1.75,0.25,3.0,1.0,0.0,0.0,10.0,9.0,13.5
BUF,2023,16,LAC,0,44.5,13.0,15.75,28.75,3.0,2.5,5.0,0.0,1.0,0.0,22.0,7.0,10.5
BUF,2023,17,NE,1,40.0,15.0,12.5,27.5,3.25,1.0,3.0,3.0,1.0,1.0,21.0,17.0,25.5
BUF,2023,18,MIA,0,47.5,2.5,22.5,25.0,3.0,1.25,1.0,2.0,0.0,1.0,14.0,12.0,18.0
BUF,2023,19,PIT,1,39.5,10.0,14.75,24.75,0.0,0.0,0.0,0.0,0.0,0.0,17.0,1.0,1.5
BUF,2023,20,KC,1,45.5,2.5,21.5,24.0,0.0,0.0,0.0,0.0,0.0,0.0,27.0,0.0,0.0
BUF,2024,1,ARI,1,46.0,6.5,19.75,26.25,1.75,0.75,4.0,0.0,1.0,0.0,28.0,5.0,7.5
BUF,2024,2,MIA,0,48.5,-2.5,25.5,23.0,2.0,1.25,2.0,3.0,0.0,1.0,10.0,18.0,27.0
BUF,2024,3,JAX,1,46.5,4.0,21.25,25.25,2.5,0.75,5.0,1.0,1.0,0.0,10.0,13.0,19.5
BUF,2024,4,BAL,0,46.5,-2.5,24.5,22.0,1.75,1.0,1.0,0.0,1.0,0.0,35.0,-1.0,-1.5
BUF,2024,5,HOU,0,48.0,-1.0,24.5,23.5,3.5,0.75,1.0,1.0,1.0,0.0,23.0,5.0,7.5
BUF,2024,6,NYJ,0,42.0,1.0,20.5,21.5,3.0,1.0,3.0,1.0,0.0,0.0,20.0,6.0,9.0
BUF,2024,7,TEN,1,41.0,9.5,15.75,25.25,3.25,1.75,3.0,1.0,1.0,0.0,10.0,11.0,16.5
BUF,2024,8,SEA,0,45.5,3.0,21.25,24.25,3.0,1.5,1.0,1.0,0.0,0.0,10.0,7.0,10.5
BUF,2024,9,MIA,1,49.0,6.5,21.25,27.75,2.0,1.25,1.0,0.0,1.0,0.0,27.0,3.0,4.5
BUF,2024,10,IND,0,46.5,4.5,21.0,25.5,2.0,1.5,4.0,3.0,1.0,1.0,20.0,19.0,28.5
BUF,2024,11,KC,1,46.5,2.5,22.0,24.5,2.75,1.0,2.0,2.0,0.0,0.0,21.0,6.0,9.0
BUF,2024,13,SF,1,45.0,6.5,19.25,25.75,2.25,1.0,2.0,0.0,3.0,0.0,10.0,12.0,18.0
BUF,2024,14,LA,0,49.5,3.5,23.0,26.5,2.75,0.75,0.0,0.0,0.0,0.0,44.0,-4.0,-6.0
BUF,2024,15,DET,0,55.5,-2.5,29.0,26.5,1.5,0.5,3.0,0.0,1.0,0.0,42.0,1.0,1.5
BUF,2024,16,NE,1,48.0,14.0,17.0,31.0,3.25,1.5,2.0,1.0,2.0,1.0,21.0,14.0,21.0
BUF,2024,17,NYJ,1,44.5,10.0,17.25,27.25,1.75,0.75,4.0,2.0,1.0,0.0,14.0,11.0,16.5
BUF,2024,18,NE,0,36.5,3.0,16.75,19.75,3.0,1.5,1.0,0.0,1.0,0.0,23.0,3.0,4.5
BUF,2024,19,DEN,1,48.5,7.5,20.5,28.0,0.0,0.0,0.0,0.0,0.0,0.0,7.0,4.0,6.0
BUF,2024,20,BAL,1,51.5,-1.5,26.5,25.0,0.0,0.0,0.0,0.0,0.0,0.0,25.0,0.0,0.0
BUF,2024,21,KC,0,49.5,-1.5,25.5,24.0,0.0,0.0,0.0,0.0,0.0,0.0,32.0,-1.0,-1.5
CAR,2020,1,LV,1,48.0,-3.0,25.5,22.5,0.0,0.0,0.0,0.0,0.0,0.0,34.0,-1.0,-1.5
CAR,2020,2,TB,0,47.0,-7.5,27.25,19.75,3.0,3.0,0.0,1.0,1.0,0.0,31.0,3.0,4.5
CAR,2020,3,LAC,0,43.5,-6.0,24.75,18.75,2.0,0.5,2.0,1.0,3.0,0.0,16.0,11.0,16.5
CAR,2020,4,ARI,1,52.5,-3.0,27.75,24.75,2.0,2.0,1.0,0.0,1.0,0.0,21.0,3.0,4.5
CAR,2020,5,ATL,0,53.5,-2.5,28.0,25.5,2.25,0.75,2.0,1.0,0.0,0.0,16.0,5.0,7.5
CAR,2020,6,CHI,1,45.0,2.0,21.5,23.5,2.5,1.5,0.0,1.0,0.0,0.0,23.0,2.0,3.0
CAR,2020,7,NO,0,49.5,-7.0,28.25,21.25,1.5,1.0,1.0,0.0,1.0,0.0,27.0,3.0,4.5
CAR,2020,8,ATL,1,52.0,1.5,25.25,26.75,2.5,0.75,2.0,1.0,0.0,0.0,25.0,4.0,6.0
CAR,2020,9,KC,0,51.5,-10.0,30.75,20.75,2.0,0.75,2.0,0.0,1.0,0.0,33.0,3.0,4.5
CAR,2020,10,TB,1,49.5,-6.0,27.75,21.75,1.25,1.0,1.0,0.0,1.0,0.0,46.0,-1.0,-1.5
CAR,2020,11,DET,1,47.0,-3.0,25.0,22.0,2.5,1.25,5.0,0.0,1.0,0.0,0.0,17.0,25.5
CAR,2020,12,MIN,0,50.0,-3.0,26.5,23.5,1.25,1.25,2.0,0.0,2.0,2.0,28.0,17.0,25.5
CAR,2020,14,DEN,1,46.0,4.0,21.0,25.0,0.75,3.0,1.0,0.0,1.0,0.0,32.0,2.0,3.0
CAR,2020,15,GB,0,53.0,-9.5,31.25,21.75,0.75,1.0,5.0,0.0,0.0,0.0,24.0,5.0,7.5
CAR,2020,16,WAS,0,41.0,1.0,20.0,21.0,3.0,1.0,3.0,2.0,1.0,0.0,13.0,13.0,19.5
CAR,2020,17,NO,1,47.0,-6.0,26.5,20.5,2.0,1.5,2.0,0.0,0.0,0.0,33.0,1.0,1.5
CAR,2021,1,NYJ,1,44.5,3.5,20.5,24.0,2.5,0.75,6.0,1.0,0.0,0.0,14.0,9.0,13.5
CAR,2021,2,NO,1,45.0,-3.0,24.0,21.0,0.75,0.75,4.0,2.0,0.0,0.0,7.0,12.0,18.0
CAR,2021,3,HOU,0,43.0,8.0,17.5,25.5,1.75,0.75,4.0,0.0,0.0,0.0,9.0,8.0,12.0
CAR,2021,4,DAL,0,51.5,-4.5,28.0,23.5,3.25,1.0,0.0,0.0,0.0,0.0,36.0,-4.0,-6.0
CAR,2021,5,PHI,1,46.0,2.5,21.75,24.25,2.0,0.5,2.0,1.0,1.0,0.0,21.0,6.0,9.0
CAR,2021,6,MIN,1,45.5,-2.5,24.0,21.5,1.5,0.75,0.0,0.0,1.0,1.0,34.0,7.0,10.5
CAR,2021,7,NYG,0,42.5,3.0,19.75,22.75,1.5,2.0,2.0,0.0,0.0,0.0,25.0,2.0,3.0
CAR,2021,8,ATL,0,47.0,-2.5,24.75,22.25,1.25,1.25,3.0,2.0,0.0,0.0,13.0,11.0,16.5
CAR,2021,9,NE,1,41.5,-3.5,22.5,19.0,1.25,1.25,2.0,1.0,1.0,0.0,24.0,6.0,9.0
CAR,2021,10,ARI,0,42.0,-7.0,24.5,17.5,2.5,0.75,4.0,1.0,1.0,0.0,10.0,12.0,18.0
CAR,2021,11,WAS,1,43.0,3.5,19.75,23.25,3.5,1.75,3.0,0.0,1.0,0.0,27.0,5.0,7.5
CAR,2021,12,MIA,0,41.0,1.0,20.0,21.0,2.5,1.75,2.0,0.0,1.0,0.0,33.0,3.0,4.5
CAR,2021,14,ATL,1,41.0,2.5,19.25,21.75,3.0,2.25,0.0,0.0,1.0,0.0,29.0,1.0,1.5
CAR,2021,15,BUF,0,43.0,-14.0,28.5,14.5,2.0,2.25,4.0,1.0,0.0,0.0,31.0,5.0,7.5
CAR,2021,16,TB,1,44.5,-11.5,28.0,16.5,2.0,1.5,0.0,0.0,0.0,0.0,32.0,-1.0,-1.5
CAR,2021,17,NO,0,37.0,-7.0,22.0,15.0,3.75,1.5,2.0,0.0,0.0,0.0,18.0,3.0,4.5
CAR,2021,18,TB,0,43.0,-11.0,27.0,16.0,1.75,0.75,1.0,0.0,0.0,0.0,41.0,-3.0,-4.5
CAR,2022,1,CLE,1,42.5,2.5,20.0,22.5,3.75,2.0,1.0,0.0,0.0,0.0,26.0,1.0,1.5
CAR,2022,2,NYG,0,44.0,1.0,21.5,22.5,3.5,3.0,3.0,0.0,0.0,0.0,19.0,4.0,6.0
CAR,2022,3,NO,1,41.0,-2.0,21.5,19.5,3.25,1.5,1.0,2.0,1.0,1.0,14.0,14.0,21.0
CAR,2022,4,ARI,1,44.0,1.0,21.5,22.5,2.75,0.5,1.0,1.0,0.0,1.0,26.0,9.0,13.5
CAR,2022,5,SF,1,40.0,-6.0,23.0,17.0,1.75,1.5,2.0,0.0,1.0,0.0,37.0,0.0,0.0
CAR,2022,6,LA,0,41.5,-10.0,25.75,15.75,3.5,2.25,1.0,1.0,0.0,1.0,24.0,9.0,13.5
CAR,2022,7,TB,1,39.5,-13.0,26.25,13.25,1.5,1.0,1.0,0.0,0.0,0.0,3.0,8.0,12.0
CAR,2022,8,ATL,0,41.0,-4.5,22.75,18.25,2.75,0.25,2.0,2.0,0.0,0.0,37.0,2.0,3.0
CAR,2022,9,CIN,0,43.0,-7.0,25.0,18.0,3.5,0.75,2.0,0.0,0.0,0.0,42.0,-2.0,-3.0
CAR,2022,10,ATL,1,41.5,-2.5,22.0,19.5,2.25,0.75,5.0,1.0,0.0,0.0,15.0,8.0,12.0
CAR,2022,11,BAL,0,42.0,-13.0,27.5,14.5,2.75,1.0,3.0,1.0,0.0,0.0,13.0,9.0,13.5
CAR,2022,12,DEN,1,36.5,-1.0,18.75,17.75,3.25,0.75,3.0,0.0,3.0,0.0,10.0,13.0,19.5
CAR,2022,14,SEA,0,44.5,-3.5,24.0,20.5,3.0,1.5,3.0,2.0,0.0,0.0,24.0,7.0,10.5
CAR,2022,15,PIT,1,36.5,2.5,17.0,19.5,1.75,0.75,1.0,0.0,0.0,0.0,24.0,1.0,1.5
CAR,2022,16,DET,1,43.5,-2.5,23.0,20.5,1.0,0.5,2.0,0.0,1.0,0.0,23.0,4.0,6.0
CAR,2022,17,TB,0,40.5,-3.5,22.0,18.5,0.5,2.75,3.0,0.0,1.0,0.0,30.0,4.0,6.0
CAR,2022,18,NO,0,41.5,-3.5,22.5,19.0,2.75,0.75,1.0,0.0,1.0,0.0,7.0,7.0,10.5
CAR,2023,1,ATL,0,40.5,-3.5,22.0,18.5,2.25,1.0,4.0,0.0,0.0,0.0,24.0,4.0,6.0
CAR,2023,2,NO,1,39.5,-3.0,21.25,18.25,3.0,1.25,4.0,1.0,0.0,0.0,20.0,7.0,10.5
CAR,2023,3,SEA,0,42.5,-5.0,23.75,18.75,2.5,0.5,2.0,1.0,0.0,0.0,37.0,0.0,0.0
CAR,2023,4,MIN,1,46.5,-4.5,25.5,21.0,2.0,2.5,2.0,2.0,0.0,1.0,21.0,12.0,18.0
CAR,2023,5,DET,0,43.5,-9.5,26.5,17.0,1.25,1.5,2.0,0.0,0.0,0.0,42.0,-2.0,-3.0
CAR,2023,6,MIA,0,47.5,-14.0,30.75,16.75,1.5,1.5,0.0,1.0,0.0,1.0,42.0,4.0,6.0
CAR,2023,8,HOU,1,43.0,-3.0,23.0,20.0,0.5,0.5,2.0,0.0,1.0,0.0,13.0,8.0,12.0
CAR,2023,9,IND,1,45.0,-1.5,23.25,21.75,2.5,2.25,1.0,0.0,0.0,0.0,27.0,1.0,1.5
CAR,2023,10,CHI,0,38.0,-3.0,20.5,17.5,2.5,2.5,0.0,0.0,0.0,1.0,16.0,7.0,10.5
CAR,2023,11,DAL,1,43.0,-11.0,27.0,16.0,3.25,1.0,0.0,0.0,0.0,0.0,33.0,-1.0,-1.5
CAR,2023,12,TEN,0,36.0,-3.5,19.75,16.25,3.0,1.0,1.0,0.0,0.0,0.0,17.0,2.0,3.0
CAR,2023,13,TB,0,37.0,-4.0,20.5,16.5,3.75,1.5,1.0,1.0,0.0,0.0,21.0,3.0,4.5
CAR,2023,14,NO,0,39.0,-5.5,22.25,16.75,1.5,1.5,1.0,1.0,0.0,0.0,28.0,2.0,3.0
CAR,2023,15,ATL,1,32.0,-3.0,17.5,14.5,2.25,0.75,0.0,1.0,1.0,0.0,7.0,8.0,12.0
CAR,2023,16,GB,1,39.5,-3.5,21.5,18.0,1.5,1.0,1.0,0.0,0.0,0.0,33.0,0.0,0.0
CAR,2023,17,JAX,0,38.0,-3.5,20.75,17.25,3.25,2.5,3.0,0.0,0.0,0.0,26.0,3.0,4.5
CAR,2023,18,TB,1,36.5,-5.0,20.75,15.75,2.5,1.25,3.0,0.0,0.0,0.0,9.0,7.0,10.5
CAR,2024,1,NO,0,41.5,-3.5,22.5,19.0,1.75,0.25,1.0,0.0,0.0,0.0,47.0,-3.0,-4.5
CAR,2024,2,LAC,1,39.0,-5.0,22.0,17.0,2.5,0.75,1.0,1.0,1.0,0.0,26.0,5.0,7.5
CAR,2024,3,LV,0,40.0,-5.5,22.75,17.25,3.5,1.0,3.0,1.0,0.0,0.0,22.0,5.0,7.5
CAR,2024,4,CIN,1,47.0,-4.5,25.75,21.25,2.75,0.75,0.0,1.0,0.0,0.0,34.0,1.0,1.5
CAR,2024,5,CHI,0,40.0,-4.0,22.0,18.0,4.0,1.5,1.0,0.0,0.0,0.0,36.0,-3.0,-4.5
CAR,2024,6,ATL,1,45.5,-6.0,25.75,19.75,2.0,1.0,0.0,0.0,1.0,0.0,38.0,-2.0,-3.0
CAR,2024,7,WAS,0,51.0,-10.0,30.5,20.5,2.0,0.75,1.0,0.0,0.0,0.0,40.0,-3.0,-4.5
CAR,2024,8,DEN,0,40.5,-13.0,26.75,13.75,1.25,1.0,2.0,0.0,2.0,0.0,28.0,5.0,7.5
CAR,2024,9,NO,1,43.5,-7.0,25.25,18.25,4.25,1.5,1.0,0.0,0.0,0.0,22.0,1.0,1.5
CAR,2024,10,NYG,1,40.5,-6.5,23.5,17.0,4.0,1.0,2.0,2.0,1.0,0.0,17.0,9.0,13.5
CAR,2024,12,KC,1,43.0,-11.0,27.0,16.0,2.75,1.0,5.0,0.0,0.0,0.0,30.0,4.0,6.0
CAR,2024,13,TB,1,46.0,-6.5,26.25,19.75,1.0,1.25,4.0,2.0,0.0,0.0,26.0,8.0,12.0
CAR,2024,14,PHI,0,44.5,-14.0,29.25,15.25,2.5,0.5,4.0,0.0,0.0,0.0,22.0,4.0,6.0
CAR,2024,15,DAL,1,42.0,2.5,19.75,22.25,2.25,1.0,1.0,0.0,1.0,0.0,30.0,2.0,3.0
CAR,2024,16,ARI,1,47.0,-5.5,26.25,20.75,2.0,1.25,3.0,1.0,1.0,0.0,30.0,6.0,9.0
CAR,2024,17,TB,0,47.5,-9.5,28.5,19.0,3.25,2.25,2.0,0.0,0.0,0.0,48.0,-2.0,-3.0
CAR,2024,18,ATL,0,48.5,-7.5,28.0,20.5,1.5,1.5,1.0,1.0,0.0,0.0,38.0,-1.0,-1.5
CHI,2020,1,DET,0,42.5,-2.5,22.5,20.0,0.0,0.0,1.0,1.0,0.0,0.0,23.0,3.0,4.5
CHI,2020,2,NYG,1,42.5,4.5,19.0,23.5,3.0,3.0,4.0,1.0,1.0,0.0,13.0,12.0,18.0
CHI,2020,3,ATL,0,46.0,-2.5,24.25,21.75,1.5,1.0,2.0,1.0,0.0,0.0,26.0,4.0,6.0
CHI,2020,4,IND,1,43.5,-3.5,23.5,20.0,1.0,1.0,1.0,0.0,0.0,0.0,19.0,2.0,3.0
CHI,2020,5,TB,1,44.0,-3.5,23.75,20.25,1.25,1.5,3.0,0.0,1.0,0.0,19.0,6.0,9.0
CHI,2020,6,CAR,0,45.0,-2.0,23.5,21.5,1.75,1.25,4.0,2.0,1.0,0.0,16.0,11.0,16.5
CHI,2020,7,LA,0,44.0,-6.5,25.25,18.75,1.25,1.25,1.0,0.0,1.0,1.0,24.0,9.0,13.5
CHI,2020,8,NO,1,41.0,-5.5,23.25,17.75,1.75,1.0,1.0,0.0,0.0,0.0,26.0,1.0,1.5
CHI,2020,9,TEN,0,46.5,-6.5,26.5,20.0,1.25,0.75,3.0,0.0,0.0,0.0,24.0,3.0,4.5
CHI,2020,10,MIN,1,44.0,-3.5,23.75,20.25,1.5,1.25,1.0,1.0,2.0,0.0,19.0,8.0,12.0
CHI,2020,12,GB,0,44.0,-7.5,25.75,18.25,1.0,1.75,0.0,0.0,0.0,0.0,41.0,-4.0,-6.0
CHI,2020,13,DET,1,44.0,3.0,20.5,23.5,3.0,1.75,2.0,1.0,0.0,0.0,34.0,3.0,4.5
CHI,2020,14,HOU,1,46.0,-1.0,23.5,22.5,2.25,0.75,7.0,0.0,1.0,0.0,7.0,13.0,19.5
CHI,2020,15,MIN,0,47.5,-2.5,25.0,22.5,3.5,1.75,3.0,1.0,0.0,0.0,27.0,5.0,7.5
CHI,2020,16,JAX,0,47.0,9.5,18.75,28.25,1.75,1.5,1.0,2.0,0.0,0.0,17.0,6.0,9.0
CHI,2020,17,GB,1,48.5,-4.5,26.5,22.0,2.0,0.25,1.0,0.0,0.0,0.0,35.0,-3.0,-4.5
CHI,2020,18,NO,0,48.0,-11.0,29.5,18.5,0.0,0.0,0.0,0.0,0.0,0.0,21.0,0.0,0.0
CHI,2021,1,LA,0,46.0,-9.5,27.75,18.25,2.25,1.25,1.0,0.0,0.0,0.0,34.0,0.0,0.0
CHI,2021,2,CIN,1,44.5,2.0,21.25,23.25,1.75,0.5,5.0,3.0,1.0,1.0,17.0,20.0,30.0
CHI,2021,3,CLE,0,45.0,-7.5,26.25,18.75,3.0,1.75,5.0,0.0,0.0,0.0,26.0,5.0,7.5
CHI,2021,4,DET,1,42.0,3.0,19.5,22.5,1.75,1.0,4.0,0.0,2.0,0.0,14.0,9.0,13.5
CHI,2021,5,LV,0,46.0,-5.5,25.75,20.25,3.0,0.75,3.0,1.0,0.0,0.0,9.0,9.0,13.5
CHI,2021,6,GB,1,44.0,-5.5,24.75,19.25,2.25,0.5,3.0,0.0,0.0,0.0,24.0,3.0,4.5
CHI,2021,7,TB,0,47.0,-12.5,29.75,17.25,1.5,0.25,0.0,0.0,1.0,0.0,38.0,-2.0,-3.0
CHI,2021,8,SF,1,40.0,-4.5,22.25,17.75,2.5,2.25,0.0,0.0,0.0,0.0,33.0,-1.0,-1.5
CHI,2021,9,PIT,0,40.0,-7.0,23.5,16.5,1.5,1.0,4.0,0.0,0.0,0.0,29.0,3.0,4.5
CHI,2021,11,BAL,1,43.0,-5.0,24.0,19.0,3.75,1.5,6.0,1.0,0.0,0.0,16.0,9.0,13.5
CHI,2021,12,DET,0,41.5,2.0,19.75,21.75,3.0,1.25,1.0,0.0,1.0,0.0,14.0,4.0,6.0
CHI,2021,13,ARI,1,43.5,-7.5,25.5,18.0,2.5,1.0,1.0,0.0,0.0,0.0,33.0,0.0,0.0
CHI,2021,14,GB,0,43.0,-11.5,27.25,15.75,1.25,0.75,3.0,0.0,0.0,1.0,45.0,5.0,7.5
CHI,2021,15,MIN,1,48.0,-7.0,27.5,20.5,1.5,1.25,4.0,1.0,1.0,0.0,17.0,9.0,13.5
CHI,2021,16,SEA,0,41.0,-7.0,24.0,17.0,2.25,1.25,2.0,0.0,0.0,0.0,24.0,2.0,3.0
CHI,2021,17,NYG,1,36.5,7.0,14.75,21.75,2.0,2.25,4.0,2.0,2.0,0.0,3.0,19.0,28.5
CHI,2021,18,MIN,0,45.5,-3.5,24.5,21.0,2.25,1.25,3.0,0.0,0.0,0.0,31.0,2.0,3.0
CHI,2022,1,SF,1,38.0,-6.5,22.25,15.75,1.5,1.5,2.0,1.0,1.0,0.0,10.0,10.0,15.0
CHI,2022,2,GB,0,42.0,-10.5,26.25,15.75,2.0,1.25,3.0,0.0,1.0,0.0,27.0,5.0,7.5
CHI,2022,3,HOU,1,40.0,3.0,18.5,21.5,2.75,0.5,1.0,2.0,0.0,0.0,20.0,6.0,9.0
CHI,2022,4,NYG,0,39.0,-3.0,21.0,18.0,4.0,1.75,1.0,1.0,1.0,0.0,20.0,6.0,9.0
CHI,2022,5,MIN,0,44.0,-10.0,27.0,17.0,1.75,1.5,1.0,1.0,0.0,0.0,29.0,2.0,3.0
CHI,2022,6,WAS,1,38.5,-1.0,19.75,18.75,4.75,1.25,3.0,0.0,1.0,0.0,12.0,9.0,13.5
CHI,2022,7,NE,0,40.0,-9.5,24.75,15.25,2.25,2.0,1.0,3.0,1.0,0.0,14.0,10.0,15.0
CHI,2022,8,DAL,0,43.0,-10.5,26.75,16.25,1.5,1.0,1.0,1.0,0.0,0.0,49.0,-1.0,-1.5
CHI,2022,9,MIA,1,46.0,-4.0,25.0,21.0,2.5,1.5,0.0,0.0,0.0,0.0,35.0,-4.0,-6.0
CHI,2022,10,DET,1,48.5,3.0,22.75,25.75,2.0,2.0,2.0,0.0,0.0,0.0,31.0,1.0,1.5
CHI,2022,11,ATL,0,48.5,-3.0,25.75,22.75,3.0,1.0,0.0,0.0,1.0,0.0,27.0,2.0,3.0
CHI,2022,12,NYJ,0,36.5,-8.5,22.5,14.0,2.75,1.0,1.0,0.0,0.0,0.0,31.0,0.0,0.0
CHI,2022,13,GB,1,45.0,-4.0,24.5,20.5,1.75,1.5,0.0,0.0,0.0,0.0,28.0,-1.0,-1.5
CHI,2022,15,PHI,1,48.0,-8.5,28.25,19.75,2.75,0.75,1.0,2.0,1.0,0.0,25.0,7.0,10.5
CHI,2022,16,BUF,1,40.0,-8.0,24.0,16.0,2.5,0.75,1.0,2.0,1.0,0.0,35.0,3.0,4.5
CHI,2022,17,DET,0,52.5,-4.5,28.5,24.0,1.0,0.25,2.0,0.0,0.0,0.0,41.0,-2.0,-3.0
CHI,2022,18,MIN,1,42.5,-6.5,24.5,18.0,4.25,2.25,0.0,1.0,1.0,0.0,29.0,3.0,4.5
CHI,2023,1,GB,1,41.0,1.0,20.0,21.0,2.0,1.25,1.0,0.0,0.0,0.0,38.0,-3.0,-4.5
CHI,2023,2,TB,0,41.0,-2.5,21.75,19.25,1.0,1.0,0.0,0.0,0.0,0.0,27.0,0.0,0.0
CHI,2023,3,KC,0,48.0,-13.0,30.5,17.5,0.75,1.0,0.0,2.0,0.0,0.0,41.0,0.0,0.0
CHI,2023,4,DEN,1,47.0,-3.0,25.0,22.0,3.0,1.5,1.0,0.0,0.0,0.0,31.0,0.0,0.0
CHI,2023,5,WAS,0,45.5,-6.0,25.75,19.75,6.0,2.0,5.0,1.0,1.0,0.0,20.0,10.0,15.0
CHI,2023,6,MIN,1,44.5,-3.0,23.75,20.75,2.75,2.0,2.0,0.0,1.0,0.0,19.0,5.0,7.5
CHI,2023,7,LV,1,38.5,-2.5,20.5,18.0,3.75,2.0,1.0,3.0,0.0,1.0,12.0,17.0,25.5
CHI,2023,8,LAC,0,46.0,-9.5,27.75,18.25,2.25,1.5,0.0,0.0,1.0,0.0,30.0,1.0,1.5
CHI,2023,9,NO,0,42.0,-9.0,25.5,16.5,1.5,1.0,0.0,0.0,0.0,0.0,24.0,0.0,0.0
CHI,2023,10,CAR,1,38.0,3.0,17.5,20.5,3.75,1.75,3.0,0.0,0.0,0.0,13.0,7.0,10.5
CHI,2023,11,DET,0,48.0,-8.0,28.0,20.0,2.25,1.0,2.0,3.0,1.0,0.0,31.0,9.0,13.5
CHI,2023,12,MIN,0,43.5,-3.0,23.25,20.25,2.5,1.5,2.0,4.0,0.0,0.0,10.0,14.0,21.0
CHI,2023,14,DET,1,44.5,-3.0,23.75,20.75,1.5,1.75,4.0,2.0,1.0,0.0,13.0,14.0,21.0
CHI,2023,15,CLE,0,38.0,-3.0,20.5,17.5,2.0,2.0,4.0,3.0,1.0,1.0,20.0,19.0,28.5
CHI,2023,16,ARI,1,42.0,4.5,18.75,23.25,3.0,0.75,2.0,0.0,0.0,0.0,16.0,3.0,4.5
CHI,2023,17,ATL,1,39.0,3.0,18.0,21.0,1.75,0.75,2.0,4.0,0.0,0.0,17.0,11.0,16.5
CHI,2023,18,GB,0,45.5,-2.5,24.0,21.5,1.25,1.0,1.0,0.0,1.0,0.0,17.0,4.0,6.0
CHI,2024,1,TEN,1,43.0,4.0,19.5,23.5,5.25,0.75,3.0,2.0,1.0,2.0,17.0,22.0,33.0
CHI,2024,2,HOU,0,45.5,-6.0,25.75,19.75,2.5,0.5,3.0,0.0,1.0,0.0,19.0,6.0,9.0
CHI,2024,3,IND,0,43.0,-1.5,22.25,20.75,1.25,1.25,1.0,2.0,0.0,0.0,21.0,5.0,7.5
CHI,2024,4,LA,1,40.0,3.0,18.5,21.5,3.0,0.75,3.0,1.0,1.0,0.0,18.0,8.0,12.0
CHI,2024,5,CAR,1,40.0,4.0,18.0,22.0,2.0,1.5,4.0,1.0,2.0,0.0,10.0,14.0,21.0
CHI,2024,6,JAX,1,44.5,-1.5,23.0,21.5,2.5,1.25,4.0,1.0,1.0,0.0,16.0,9.0,13.5
CHI,2024,8,WAS,0,46.5,-1.5,24.0,22.5,1.75,0.75,2.0,0.0,0.0,0.0,18.0,3.0,4.5
CHI,2024,9,ARI,0,44.5,-1.5,23.0,21.5,0.25,1.5,3.0,0.0,2.0,0.0,29.0,6.0,9.0
CHI,2024,10,NE,1,37.5,6.5,15.5,22.0,3.0,1.75,1.0,1.0,0.0,0.0,19.0,4.0,6.0
CHI,2024,11,GB,1,41.0,-6.0,23.5,17.5,1.0,1.25,1.0,1.0,0.0,0.0,20.0,4.0,6.0
CHI,2024,12,MIN,1,39.5,-3.0,21.25,18.25,2.5,1.75,3.0,0.0,2.0,0.0,30.0,6.0,9.0
CHI,2024,13,DET,0,47.5,-9.5,28.5,19.0,1.0,1.25,2.0,0.0,1.0,0.0,23.0,4.0,6.0
CHI,2024,14,SF,0,43.5,-3.0,23.25,20.25,2.25,1.75,1.0,1.0,0.0,0.0,38.0,-1.0,-1.5
CHI,2024,15,MIN,0,43.5,-7.0,25.25,18.25,3.5,1.0,2.0,1.0,0.0,0.0,30.0,3.0,4.5
CHI,2024,16,DET,1,47.5,-7.0,27.25,20.25,2.25,0.75,1.0,0.0,0.0,0.0,34.0,0.0,0.0
CHI,2024,17,SEA,1,43.5,-3.5,23.5,20.0,3.0,1.5,3.0,0.0,1.0,0.0,6.0,12.0,18.0
CHI,2024,18,GB,0,41.5,-10.0,25.75,15.75,1.0,0.75,3.0,0.0,2.0,1.0,22.0,13.0,19.5
CIN,2020,1,LAC,1,41.5,-2.5,22.0,19.5,0.0,0.0,2.0,0.0,0.0,0.0,16.0,3.0,4.5
CIN,2020,2,CLE,0,44.5,-6.0,25.25,19.25,2.0,3.0,0.0,1.0,0.0,0.0,35.0,-2.0,-3.0
CIN,2020,3,PHI,0,46.5,-5.5,26.0,20.5,4.0,3.5,3.0,2.0,0.0,0.0,23.0,7.0,10.5
CIN,2020,4,JAX,1,50.0,1.0,24.5,25.5,3.3333333333333335,1.3333333333333333,3.0,1.0,0.0,0.0,25.0,5.0,7.5
CIN,2020,5,BAL,0,49.0,-12.5,30.75,18.25,2.75,1.0,1.0,1.0,0.0,0.0,27.0,3.0,4.5
CIN,2020,6,IND,0,46.0,-7.5,26.75,19.25,1.0,0.75,1.0,1.0,1.0,0.0,31.0,4.0,6.0
CIN,2020,7,CLE,1,50.0,-4.5,27.25,22.75,2.25,1.0,0.0,1.0,0.0,0.0,37.0,-2.0,-3.0
CIN,2020,8,TEN,1,49.5,-7.5,28.5,21.0,1.5,0.75,1.0,1.0,0.0,0.0,20.0,4.0,6.0
CIN,2020,10,PIT,0,45.5,-6.5,26.0,19.5,1.0,1.0,0.0,0.0,1.0,0.0,36.0,-2.0,-3.0
CIN,2020,11,WAS,0,48.0,-2.0,25.0,23.0,2.25,1.75,2.0,1.0,0.0,0.0,20.0,5.0,7.5
CIN,2020,12,NYG,1,45.0,-6.5,25.75,19.25,3.5,1.5,0.0,0.0,1.0,0.0,19.0,3.0,4.5
CIN,2020,13,MIA,0,43.0,-10.5,26.75,16.25,3.25,1.0,0.0,0.0,1.0,0.0,19.0,3.0,4.5
CIN,2020,14,DAL,1,44.0,-3.0,23.5,20.5,2.0,1.5,2.0,0.0,0.0,0.0,30.0,1.0,1.5
CIN,2020,15,PIT,1,40.5,-14.5,27.5,13.0,0.25,1.25,1.0,1.0,2.0,0.0,17.0,8.0,12.0
CIN,2020,16,HOU,0,46.0,-7.5,26.75,19.25,4.75,1.5,1.0,0.0,1.0,0.0,31.0,2.0,3.0
CIN,2020,17,BAL,1,46.0,-13.5,29.75,16.25,1.25,0.75,0.0,1.0,0.0,0.0,38.0,-2.0,-3.0
CIN,2021,1,MIN,1,47.0,-3.0,25.0,22.0,3.5,0.75,3.0,0.0,1.0,0.0,24.0,5.0,7.5
CIN,2021,2,CHI,0,44.5,-2.0,23.25,21.25,1.5,1.75,3.0,1.0,0.0,0.0,20.0,6.0,9.0
CIN,2021,3,PIT,0,42.5,-2.5,22.5,20.0,1.5,0.5,4.0,2.0,0.0,0.0,10.0,12.0,18.0
CIN,2021,4,JAX,1,46.0,7.5,19.25,26.75,2.75,2.5,1.0,0.0,0.0,0.0,21.0,1.0,1.5
CIN,2021,5,GB,1,50.0,-2.0,26.0,24.0,2.25,1.0,2.0,1.0,0.0,0.0,25.0,4.0,6.0
CIN,2021,6,DET,0,46.5,3.5,21.5,25.0,2.75,1.5,1.0,1.0,0.0,0.0,11.0,7.0,10.5
CIN,2021,7,BAL,0,45.5,-6.5,26.0,19.5,3.0,1.0,5.0,0.0,0.0,0.0,17.0,6.0,9.0
CIN,2021,8,NYJ,0,43.5,11.5,16.0,27.5,2.5,1.75,2.0,2.0,1.0,0.0,34.0,7.0,10.5
CIN,2021,9,CLE,1,47.5,2.5,22.5,25.0,2.75,1.0,2.0,0.0,0.0,0.0,41.0,-2.0,-3.0
CIN,2021,11,LV,0,50.5,1.0,24.75,25.75,1.25,1.75,2.0,1.0,1.0,0.0,13.0,10.0,15.0
CIN,2021,12,PIT,1,43.5,3.5,20.0,23.5,2.25,0.75,3.0,2.0,1.0,1.0,10.0,19.0,28.5
CIN,2021,13,LAC,1,49.5,2.5,23.5,26.0,1.75,1.0,4.0,1.0,2.0,0.0,41.0,6.0,9.0
CIN,2021,14,SF,1,49.0,-2.5,25.75,23.25,1.5,1.25,5.0,0.0,2.0,0.0,26.0,9.0,13.5
CIN,2021,15,DEN,0,45.0,-3.0,24.0,21.0,1.0,1.0,3.0,0.0,1.0,0.0,10.0,9.0,13.5
CIN,2021,16,BAL,1,43.0,7.5,17.75,25.25,3.5,1.75,1.0,1.0,0.0,0.0,21.0,3.0,4.5
CIN,2021,17,KC,1,51.0,-3.5,27.25,23.75,1.75,1.0,0.0,0.0,0.0,0.0,31.0,-1.0,-1.5
CIN,2021,18,CLE,0,38.0,-6.5,22.25,15.75,3.5,1.75,1.0,1.0,1.0,1.0,21.0,11.0,16.5
CIN,2021,19,LV,1,48.5,6.0,21.25,27.25,0.0,0.0,0.0,0.0,0.0,0.0,19.0,1.0,1.5
CIN,2021,20,TEN,0,48.5,-4.0,26.25,22.25,0.0,0.0,0.0,0.0,0.0,0.0,16.0,1.0,1.5
CIN,2021,21,KC,0,54.5,-7.0,30.75,23.75,0.0,0.0,0.0,0.0,0.0,0.0,24.0,0.0,0.0
CIN,2021,22,LA,1,48.5,-4.5,26.5,22.0,0.0,0.0,0.0,0.0,0.0,0.0,23.0,0.0,0.0
CIN,2022,1,PIT,1,44.5,7.5,18.5,26.0,2.0,1.25,1.0,0.0,0.0,0.0,23.0,1.0,1.5
CIN,2022,2,DAL,0,42.0,7.5,17.25,24.75,2.25,0.5,1.0,0.0,1.0,0.0,20.0,4.0,6.0
CIN,2022,3,NYJ,0,46.0,6.5,19.75,26.25,3.75,1.0,4.0,2.0,2.0,0.0,12.0,16.0,24.0
CIN,2022,4,MIA,1,48.5,4.0,22.25,26.25,1.75,0.5,1.0,2.0,0.0,0.0,15.0,6.0,9.0
CIN,2022,5,BAL,0,47.5,-3.0,25.25,22.25,2.0,1.25,1.0,1.0,0.0,0.0,19.0,4.0,6.0
CIN,2022,6,NO,0,42.5,3.0,19.75,22.75,2.5,2.75,1.0,0.0,1.0,0.0,26.0,3.0,4.5
CIN,2022,7,ATL,1,47.5,6.5,20.5,27.0,2.75,0.75,3.0,0.0,0.0,0.0,17.0,4.0,6.0
CIN,2022,8,CLE,0,45.0,3.0,21.0,24.0,2.5,2.0,2.0,1.0,1.0,0.0,32.0,5.0,7.5
CIN,2022,9,CAR,1,43.0,7.0,18.0,25.0,2.5,0.75,0.0,2.0,1.0,0.0,21.0,6.0,9.0
CIN,2022,11,PIT,0,39.0,3.5,17.75,21.25,4.0,1.25,2.0,0.0,0.0,0.0,30.0,1.0,1.5
CIN,2022,12,TEN,0,43.0,1.0,21.0,22.0,2.5,0.75,1.0,0.0,0.0,0.0,16.0,2.0,3.0
CIN,2022,13,KC,1,53.0,-2.5,27.75,25.25,1.25,1.5,2.0,0.0,1.0,0.0,24.0,4.0,6.0
CIN,2022,14,CLE,1,47.0,4.5,21.25,25.75,2.25,1.5,2.0,1.0,0.0,0.0,10.0,8.0,12.0
CIN,2022,15,TB,0,47.0,3.5,21.75,25.25,1.0,1.75,1.0,2.0,2.0,0.0,23.0,9.0,13.5
CIN,2022,16,NE,0,42.0,3.0,19.5,22.5,1.25,0.5,4.0,0.0,1.0,0.0,18.0,7.0,10.5
CIN,2022,18,BAL,1,39.0,11.0,14.0,25.0,1.5,0.75,4.0,2.0,2.0,1.0,16.0,19.0,28.5
CIN,2022,19,BAL,1,40.0,7.5,16.25,23.75,0.0,0.0,0.0,0.0,0.0,0.0,17.0,1.0,1.5
CIN,2022,20,BUF,0,48.5,-6.0,27.25,21.25,0.0,0.0,0.0,0.0,0.0,0.0,10.0,4.0,6.0
CIN,2022,21,KC,0,48.5,-2.0,25.25,23.25,0.0,0.0,0.0,0.0,0.0,0.0,23.0,0.0,0.0
CIN,2023,1,CLE,0,46.5,1.0,22.75,23.75,4.25,0.75,3.0,1.0,1.0,0.0,24.0,7.0,10.5
CIN,2023,2,BAL,1,45.5,3.5,21.0,24.5,2.25,1.75,0.0,0.0,0.0,1.0,27.0,6.0,9.0
CIN,2023,3,LA,1,45.5,3.0,21.25,24.25,2.25,1.0,6.0,2.0,0.0,0.0,16.0,11.0,16.5
CIN,2023,4,TEN,0,41.5,2.5,19.5,22.0,4.25,1.25,3.0,1.0,0.0,0.0,27.0,5.0,7.5
CIN,2023,5,ARI,0,45.5,3.0,21.25,24.25,1.5,0.5,3.0,2.0,1.0,1.0,20.0,16.0,24.0
CIN,2023,6,SEA,1,45.5,3.0,21.25,24.25,1.75,0.25,4.0,2.0,0.0,0.0,13.0,12.0,18.0
CIN,2023,8,SF,0,44.0,-4.0,24.0,20.0,1.5,1.25,2.0,2.0,1.0,0.0,17.0,9.0,13.5
CIN,2023,9,BUF,1,51.0,1.5,24.75,26.25,0.75,1.75,1.0,1.0,1.0,0.0,18.0,6.0,9.0
CIN,2023,10,HOU,1,46.0,5.5,20.25,25.75,1.75,1.0,1.0,1.0,2.0,0.0,30.0,6.0,9.0
CIN,2023,11,BAL,0,46.5,-4.0,25.25,21.25,2.0,1.5,3.0,0.0,0.0,0.0,34.0,2.0,3.0
CIN,2023,12,PIT,1,36.0,-2.0,19.0,17.0,1.75,0.5,2.0,0.0,1.0,0.0,16.0,5.0,7.5
CIN,2023,13,JAX,0,41.0,-10.0,25.5,15.5,2.25,2.25,4.0,0.0,0.0,0.0,31.0,3.0,4.5
CIN,2023,14,IND,1,45.0,3.0,21.0,24.0,1.5,0.75,3.0,1.0,0.0,0.0,14.0,6.0,9.0
CIN,2023,15,MIN,1,41.5,3.0,19.25,22.25,2.5,1.75,3.0,2.0,0.0,0.0,24.0,7.0,10.5
CIN,2023,16,PIT,0,39.5,3.0,18.25,21.25,2.0,1.5,1.0,0.0,0.0,0.0,34.0,0.0,0.0
CIN,2023,17,KC,0,46.0,-7.5,26.75,19.25,2.75,1.75,2.0,0.0,1.0,0.0,25.0,4.0,6.0
CIN,2023,18,CLE,1,37.0,7.5,14.75,22.25,1.75,3.0,3.0,2.0,0.0,0.0,14.0,8.0,12.0
CIN,2024,1,NE,1,40.5,8.0,16.25,24.25,4.0,2.25,1.0,0.0,1.0,0.0,16.0,4.0,6.0
CIN,2024,2,KC,0,47.5,-6.5,27.0,20.5,2.25,1.25,2.0,2.0,1.0,0.0,26.0,8.0,12.0
CIN,2024,3,WAS,1,46.0,7.5,19.25,26.75,3.0,1.25,2.0,0.0,0.0,0.0,38.0,-2.0,-3.0
CIN,2024,4,CAR,0,47.0,4.5,21.25,25.75,2.75,1.75,0.0,1.0,0.0,0.0,24.0,2.0,3.0
CIN,2024,5,BAL,1,48.5,-2.5,25.5,23.0,1.0,0.75,1.0,0.0,1.0,0.0,41.0,-1.0,-1.5
CIN,2024,6,NYG,0,46.0,4.5,20.75,25.25,1.75,1.25,2.0,1.0,0.0,0.0,7.0,8.0,12.0
CIN,2024,7,CLE,0,42.0,5.5,18.25,23.75,5.75,1.0,4.0,2.0,0.0,0.0,14.0,9.0,13.5
CIN,2024,8,PHI,1,47.5,2.5,22.5,25.0,4.0,0.75,0.0,0.0,0.0,0.0,37.0,-4.0,-6.0
CIN,2024,9,LV,1,45.0,8.0,18.5,26.5,2.75,2.75,5.0,0.0,2.0,0.0,24.0,9.0,13.5
CIN,2024,10,BAL,0,53.0,-6.0,29.5,23.5,2.0,0.5,0.0,0.0,0.0,0.0,35.0,-4.0,-6.0
CIN,2024,11,LAC,0,48.0,-1.0,24.5,23.5,3.0,0.25,2.0,0.0,1.0,0.0,34.0,3.0,4.5
CIN,2024,13,PIT,1,46.0,3.0,21.5,24.5,3.75,1.5,2.0,1.0,0.0,1.0,44.0,6.0,9.0
CIN,2024,14,DAL,0,51.0,5.0,23.0,28.0,2.25,2.0,3.0,1.0,0.0,0.0,20.0,6.0,9.0
CIN,2024,15,TEN,0,46.5,6.0,20.25,26.25,4.25,1.25,1.0,4.0,2.0,1.0,27.0,19.0,28.5
CIN,2024,16,CLE,1,46.5,10.0,18.25,28.25,3.0,3.25,5.0,2.0,1.0,0.0,6.0,18.0,27.0
CIN,2024,17,DEN,1,50.5,3.5,23.5,27.0,1.0,1.25,2.0,1.0,0.0,0.0,24.0,4.0,6.0
CIN,2024,18,PIT,0,48.5,2.5,23.0,25.5,2.75,2.0,4.0,0.0,1.0,0.0,17.0,7.0,10.5
CLE,2020,1,BAL,0,47.0,-7.0,27.0,20.0,0.0,0.0,2.0,0.0,1.0,0.0,38.0,0.0,0.0
CLE,2020,2,CIN,1,44.5,6.0,19.25,25.25,3.0,2.0,3.0,0.0,1.0,0.0,30.0,4.0,6.0
CLE,2020,3,WAS,1,45.0,7.5,18.75,26.25,3.5,0.5,3.0,3.0,2.0,0.0,20.0,14.0,21.0
CLE,2020,4,DAL,0,56.5,-3.5,30.0,26.5,2.0,2.0,3.0,1.0,2.0,0.0,38.0,5.0,7.5
CLE,2020,5,IND,1,48.5,1.0,23.75,24.75,1.0,0.75,1.0,2.0,0.0,1.0,23.0,11.0,16.5
CLE,2020,6,PIT,0,50.0,-3.0,26.5,23.5,1.5,0.75,2.0,0.0,0.0,0.0,38.0,-2.0,-3.0
CLE,2020,7,CIN,0,50.0,4.5,22.75,27.25,4.5,1.25,4.0,1.0,1.0,0.0,34.0,7.0,10.5
CLE,2020,8,LV,1,48.0,1.0,23.5,24.5,2.0,1.75,2.0,0.0,0.0,0.0,16.0,3.0,4.5
CLE,2020,10,HOU,1,46.0,4.5,20.75,25.25,2.0,1.0,2.0,0.0,0.0,0.0,7.0,6.0,9.0
CLE,2020,11,PHI,1,45.5,2.5,21.5,24.0,4.0,1.5,5.0,2.0,1.0,1.0,17.0,18.0,27.0
CLE,2020,12,JAX,0,48.5,7.5,20.5,28.0,3.0,1.75,0.0,0.0,0.0,0.0,25.0,0.0,0.0
CLE,2020,13,TEN,0,54.0,-4.0,29.0,25.0,1.75,0.25,3.0,1.0,2.0,0.0,35.0,5.0,7.5
CLE,2020,14,BAL,1,45.5,-3.0,24.25,21.25,1.5,1.5,4.0,0.0,0.0,0.0,47.0,0.0,0.0
CLE,2020,15,NYG,0,44.5,6.0,19.25,25.25,3.25,1.25,1.0,0.0,0.0,0.0,6.0,8.0,12.0
CLE,2020,16,NYJ,0,45.0,6.5,19.25,25.75,2.75,1.5,2.0,0.0,0.0,0.0,23.0,2.0,3.0
CLE,2020,17,PIT,1,45.0,10.5,17.25,27.75,0.75,1.5,1.0,1.0,0.0,0.0,22.0,3.0,4.5
CLE,2020,18,PIT,0,47.5,-5.0,26.25,21.25,0.0,0.0,0.0,0.0,0.0,0.0,37.0,-4.0,-6.0
CLE,2020,19,KC,0,55.5,-7.5,31.5,24.0,0.0,0.0,0.0,0.0,0.0,0.0,22.0,0.0,0.0
CLE,2021,1,KC,0,54.5,-5.5,30.0,24.5,2.0,1.75,2.0,0.0,0.0,0.0,33.0,1.0,1.5
CLE,2021,2,HOU,1,48.5,13.5,17.5,31.0,2.75,1.0,1.0,1.0,0.0,0.0,21.0,3.0,4.5
CLE,2021,3,CHI,1,45.0,7.5,18.75,26.25,2.0,1.75,9.0,0.0,0.0,0.0,6.0,16.0,24.0
CLE,2021,4,MIN,0,52.0,1.0,25.5,26.5,2.0,0.5,2.0,1.0,0.0,0.0,7.0,8.0,12.0
CLE,2021,5,LAC,0,46.5,-2.5,24.5,22.0,1.75,1.0,2.0,0.0,1.0,0.0,47.0,0.0,0.0
CLE,2021,6,ARI,1,48.0,3.0,22.5,25.5,2.0,1.0,2.0,0.0,0.0,0.0,37.0,-2.0,-3.0
CLE,2021,7,DEN,1,40.5,2.0,19.25,21.25,3.5,1.75,2.0,1.0,0.0,0.0,14.0,5.0,7.5
CLE,2021,8,PIT,1,43.0,5.5,18.75,24.25,2.0,1.5,2.0,0.0,0.0,0.0,15.0,3.0,4.5
CLE,2021,9,CIN,0,47.5,-2.5,25.0,22.5,2.25,1.25,5.0,2.0,1.0,1.0,16.0,18.0,27.0
CLE,2021,10,NE,0,45.5,-2.5,24.0,21.5,1.5,1.25,2.0,0.0,0.0,0.0,45.0,-2.0,-3.0
CLE,2021,11,DET,1,42.5,13.0,14.75,27.75,3.25,1.0,0.0,2.0,0.0,0.0,10.0,8.0,12.0
CLE,2021,12,BAL,0,47.0,-3.0,25.0,22.0,4.5,1.25,2.0,4.0,0.0,0.0,16.0,11.0,16.5
CLE,2021,14,BAL,1,44.0,3.0,20.5,23.5,4.75,2.0,4.0,0.0,2.0,1.0,22.0,14.0,21.0
CLE,2021,15,LV,1,41.0,-3.0,22.0,19.0,2.75,1.75,2.0,1.0,1.0,0.0,16.0,7.0,10.5
CLE,2021,16,GB,0,46.5,-7.5,27.0,19.5,2.25,0.25,0.0,0.0,0.0,0.0,24.0,0.0,0.0
CLE,2021,17,PIT,0,43.5,1.0,21.25,22.25,2.75,1.0,2.0,1.0,0.0,0.0,26.0,4.0,6.0
CLE,2021,18,CIN,1,38.0,6.5,15.75,22.25,3.75,0.0,4.0,0.0,0.0,0.0,16.0,5.0,7.5
CLE,2022,1,CAR,0,42.5,-2.5,22.5,20.0,5.0,1.5,4.0,1.0,0.0,0.0,24.0,6.0,9.0
CLE,2022,2,NYJ,1,38.5,6.5,16.0,22.5,3.5,0.75,2.0,0.0,1.0,0.0,31.0,3.0,4.5
CLE,2022,3,PIT,1,38.0,4.5,16.75,21.25,1.75,0.75,1.0,0.0,1.0,1.0,17.0,10.0,15.0
CLE,2022,4,ATL,0,48.0,1.0,23.5,24.5,2.25,2.5,1.0,1.0,0.0,0.0,23.0,3.0,4.5
CLE,2022,5,LAC,1,47.0,-1.0,24.0,23.0,1.0,1.0,1.0,0.0,0.0,0.0,30.0,0.0,0.0
CLE,2022,6,NE,1,43.0,2.5,20.25,22.75,1.75,2.0,2.0,0.0,2.0,0.0,38.0,2.0,3.0
CLE,2022,7,BAL,0,46.0,-6.5,26.25,19.75,2.25,1.75,3.0,0.0,1.0,0.0,23.0,5.0,7.5
CLE,2022,8,CIN,1,45.0,-3.0,24.0,21.0,2.5,0.25,5.0,1.0,1.0,0.0,13.0,13.0,19.5
CLE,2022,10,MIA,0,49.0,-3.0,26.0,23.0,2.0,1.0,1.0,0.0,0.0,0.0,39.0,-3.0,-4.5
CLE,2022,11,BUF,0,50.5,-7.5,29.0,21.5,2.5,2.25,2.0,0.0,0.0,0.0,31.0,1.0,1.5
CLE,2022,12,TB,1,42.0,-3.0,22.5,19.5,1.25,0.5,3.0,0.0,0.0,0.0,17.0,4.0,6.0
CLE,2022,13,HOU,0,47.0,7.5,19.75,27.25,4.25,2.25,0.0,2.0,1.0,3.0,14.0,25.0,37.5
CLE,2022,14,CIN,0,47.0,-4.5,25.75,21.25,1.5,0.5,2.0,1.0,0.0,0.0,23.0,4.0,6.0
CLE,2022,15,BAL,1,39.5,2.5,18.5,21.0,2.5,1.25,3.0,1.0,1.0,0.0,3.0,14.0,21.0
CLE,2022,16,NO,1,32.0,3.0,14.5,17.5,2.25,0.75,0.0,1.0,0.0,0.0,17.0,3.0,4.5
CLE,2022,17,WAS,0,41.5,-1.0,21.25,20.25,2.5,1.5,3.0,3.0,0.0,0.0,10.0,13.0,19.5
CLE,2022,18,PIT,0,40.0,-2.5,21.25,18.75,1.25,1.0,1.0,0.0,1.0,0.0,28.0,2.0,3.0
CLE,2023,1,CIN,1,46.5,-1.0,23.75,22.75,2.0,1.5,2.0,0.0,0.0,0.0,3.0,9.0,13.5
CLE,2023,2,PIT,0,39.0,2.5,18.25,20.75,2.0,1.0,2.0,1.0,1.0,0.0,26.0,6.0,9.0
CLE,2023,3,TEN,1,38.0,3.5,17.25,20.75,3.5,1.75,5.0,0.0,0.0,0.0,3.0,12.0,18.0
CLE,2023,4,BAL,1,38.5,-2.0,20.25,18.25,3.0,2.0,3.0,0.0,1.0,0.0,28.0,4.0,6.0
CLE,2023,6,SF,1,36.0,-9.5,22.75,13.25,1.25,0.25,3.0,1.0,0.0,0.0,17.0,6.0,9.0
CLE,2023,7,IND,0,40.0,3.5,18.25,21.75,2.75,1.25,4.0,1.0,3.0,1.0,38.0,14.0,21.0
CLE,2023,8,SEA,0,39.5,-4.0,21.75,17.75,2.5,1.25,1.0,2.0,0.0,0.0,24.0,5.0,7.5
CLE,2023,9,ARI,1,38.0,13.0,12.5,25.5,2.75,2.25,7.0,2.0,1.0,0.0,0.0,23.0,34.5
CLE,2023,10,BAL,0,38.5,-6.0,22.25,16.25,1.5,1.25,3.0,2.0,1.0,1.0,31.0,14.0,21.0
CLE,2023,11,PIT,1,34.0,2.5,15.75,18.25,1.5,0.5,3.0,0.0,0.0,0.0,10.0,7.0,10.5
CLE,2023,12,DEN,0,37.5,-1.5,19.5,18.0,3.25,0.75,1.0,0.0,1.0,0.0,29.0,2.0,3.0
CLE,2023,13,LA,0,39.5,-3.5,21.5,18.0,1.0,1.25,0.0,0.0,0.0,0.0,36.0,-4.0,-6.0
CLE,2023,14,JAX,1,37.5,2.5,17.5,20.0,2.5,1.5,4.0,3.0,1.0,0.0,27.0,12.0,18.0
CLE,2023,15,CHI,1,38.0,3.0,17.5,20.5,2.0,0.75,3.0,2.0,0.0,0.0,17.0,8.0,12.0
CLE,2023,16,HOU,0,40.0,3.0,18.5,21.5,4.5,0.25,3.0,2.0,0.0,0.0,22.0,7.0,10.5
CLE,2023,17,NYJ,1,33.5,6.5,13.5,20.0,3.5,2.75,2.0,1.0,1.0,1.0,20.0,13.0,19.5
CLE,2023,18,CIN,0,37.0,-7.5,22.25,14.75,3.5,1.5,3.0,1.0,0.0,0.0,31.0,4.0,6.0
CLE,2023,19,HOU,0,45.0,2.5,21.25,23.75,0.0,0.0,0.0,0.0,0.0,0.0,45.0,-4.0,-6.0
CLE,2024,1,DAL,1,42.0,2.5,19.75,22.25,2.5,1.25,3.0,0.0,0.0,0.0,33.0,2.0,3.0
CLE,2024,2,JAX,0,41.5,-3.0,22.25,19.25,2.5,1.75,4.0,0.0,0.0,0.0,13.0,8.0,12.0
CLE,2024,3,NYG,1,38.0,6.5,15.75,22.25,3.5,1.25,2.0,0.0,2.0,0.0,21.0,6.0,9.0
CLE,2024,4,LV,0,36.5,2.5,17.0,19.5,3.75,1.25,2.0,0.0,1.0,1.0,20.0,11.0,16.5
CLE,2024,5,WAS,0,44.0,-3.0,23.5,20.5,2.25,0.25,3.0,1.0,1.0,0.0,34.0,6.0,9.0
CLE,2024,6,PHI,0,42.0,-8.0,25.0,17.0,3.25,1.75,1.0,0.0,0.0,1.0,20.0,8.0,12.0
CLE,2024,7,CIN,1,42.0,-5.5,23.75,18.25,2.25,0.75,3.0,0.0,0.0,0.0,21.0,3.0,4.5
CLE,2024,8,BAL,1,44.5,-7.5,26.0,18.5,1.5,1.0,3.0,0.0,0.0,0.0,24.0,3.0,4.5
CLE,2024,9,LAC,1,42.5,-2.0,22.25,20.25,2.75,0.25,6.0,0.0,0.0,0.0,27.0,6.0,9.0
CLE,2024,11,NO,0,44.0,1.0,21.5,22.5,3.0,0.5,1.0,1.0,1.0,0.0,35.0,1.0,1.5
CLE,2024,12,PIT,1,36.5,-3.5,20.0,16.5,3.0,1.25,4.0,0.0,1.0,0.0,19.0,7.0,10.5
CLE,2024,13,DEN,0,41.5,-6.5,24.0,17.5,2.0,0.25,0.0,2.0,0.0,0.0,41.0,0.0,0.0
CLE,2024,14,PIT,0,43.0,-6.0,24.5,18.5,3.25,1.5,1.0,0.0,2.0,0.0,27.0,5.0,7.5
CLE,2024,15,KC,1,41.5,-4.5,23.0,18.5,3.75,0.5,0.0,0.0,1.0,0.0,21.0,2.0,3.0
CLE,2024,16,CIN,0,46.5,-10.0,28.25,18.25,2.5,2.0,4.0,0.0,1.0,0.0,24.0,6.0,9.0
CLE,2024,17,MIA,1,32.5,-3.0,17.75,14.75,2.0,1.0,4.0,0.0,0.0,0.0,20.0,5.0,7.5
CLE,2024,18,BAL,0,42.5,-19.5,31.0,11.5,2.0,0.5,0.0,0.0,0.0,0.0,35.0,-4.0,-6.0
DAL,2020,1,LA,0,52.0,-1.0,26.5,25.5,0.0,0.0,1.0,1.0,0.0,0.0,20.0,4.0,6.0
DAL,2020,2,ATL,1,53.0,3.0,25.0,28.0,2.0,2.0,1.0,0.0,0.0,0.0,39.0,-3.0,-4.5
DAL,2020,3,SEA,0,58.0,-5.5,31.75,26.25,2.5,0.5,4.0,0.0,1.0,0.0,38.0,2.0,3.0
DAL,2020,4,CLE,1,56.5,3.5,26.5,30.0,1.3333333333333333,1.3333333333333333,2.0,0.0,0.0,0.0,49.0,-2.0,-3.0
DAL,2020,5,NYG,1,52.0,7.5,22.25,29.75,3.5,2.25,2.0,0.0,1.0,1.0,34.0,9.0,13.5
DAL,2020,6,ARI,1,55.5,1.0,27.25,28.25,1.5,1.75,1.0,0.0,0.0,0.0,38.0,-3.0,-4.5
DAL,2020,7,WAS,0,44.5,1.0,21.75,22.75,4.25,2.0,2.0,0.0,0.0,0.0,25.0,2.0,3.0
DAL,2020,8,PHI,0,43.0,-10.0,26.5,16.5,4.25,1.25,4.0,2.0,2.0,0.0,23.0,12.0,18.0
DAL,2020,9,PIT,1,44.0,-14.0,29.0,15.0,1.25,1.25,0.0,0.0,0.0,0.0,24.0,0.0,0.0
DAL,2020,11,MIN,0,50.0,-7.0,28.5,21.5,1.0,1.5,2.0,0.0,2.0,0.0,28.0,5.0,7.5
DAL,2020,12,WAS,1,46.0,2.5,21.75,24.25,2.0,1.5,3.0,1.0,0.0,0.0,41.0,1.0,1.5
DAL,2020,13,BAL,0,46.0,-8.5,27.25,18.75,2.0,1.5,0.0,1.0,0.0,0.0,34.0,1.0,1.5
DAL,2020,14,CIN,0,44.0,3.0,20.5,23.5,4.0,2.0,2.0,0.0,3.0,1.0,7.0,18.0,27.0
DAL,2020,15,SF,1,46.0,-4.0,25.0,21.0,2.0,2.75,2.0,2.0,1.0,0.0,33.0,7.0,10.5
DAL,2020,16,PHI,1,50.0,-3.0,26.5,23.5,4.75,0.75,3.0,2.0,1.0,0.0,17.0,10.0,15.0
DAL,2020,17,NYG,0,44.5,1.5,21.5,23.0,4.25,1.0,2.0,1.0,1.0,0.0,23.0,6.0,9.0
DAL,2021,1,TB,0,52.5,-10.0,31.25,21.25,1.5,0.25,0.0,2.0,2.0,0.0,31.0,7.0,10.5
DAL,2021,2,LAC,0,55.0,-3.0,29.0,26.0,2.0,0.75,2.0,2.0,0.0,0.0,17.0,7.0,10.5
DAL,2021,3,PHI,1,51.5,3.5,24.0,27.5,2.25,1.5,2.0,2.0,0.0,1.0,21.0,12.0,18.0
DAL,2021,4,CAR,1,51.5,4.5,23.5,28.0,2.25,1.75,5.0,2.0,0.0,0.0,28.0,8.0,12.0
DAL,2021,5,NYG,1,53.0,7.5,22.75,30.25,2.0,0.75,0.0,2.0,0.0,1.0,20.0,11.0,16.5
DAL,2021,6,NE,0,50.5,3.5,23.5,27.0,2.5,1.75,2.0,1.0,1.0,1.0,29.0,11.0,16.5
DAL,2021,8,MIN,0,49.5,-4.5,27.0,22.5,1.25,1.0,1.0,0.0,0.0,0.0,16.0,2.0,3.0
DAL,2021,9,DEN,1,50.0,10.5,19.75,30.25,3.25,1.75,4.0,0.0,1.0,0.0,30.0,5.0,7.5
DAL,2021,10,ATL,1,55.0,8.0,23.5,31.5,1.5,1.5,2.0,3.0,0.0,1.0,3.0,21.0,31.5
DAL,2021,11,KC,0,56.0,-2.5,29.25,26.75,1.75,1.5,3.0,1.0,1.0,0.0,19.0,8.0,12.0
DAL,2021,12,LV,1,51.0,7.0,22.0,29.0,1.25,2.25,3.0,0.0,0.0,0.0,36.0,-1.0,-1.5
DAL,2021,13,NO,0,46.0,6.0,20.0,26.0,1.75,1.5,2.0,4.0,0.0,1.0,17.0,17.0,25.5
DAL,2021,14,WAS,0,48.0,6.5,20.75,27.25,2.5,1.0,5.0,1.0,3.0,1.0,20.0,20.0,30.0
DAL,2021,15,NYG,0,43.0,11.5,15.75,27.25,2.0,1.5,1.0,3.0,1.0,0.0,6.0,16.0,24.0
DAL,2021,16,WAS,1,45.5,10.5,17.5,28.0,2.25,1.5,5.0,2.0,0.0,2.0,14.0,22.0,33.0
DAL,2021,17,ARI,1,53.0,6.5,23.25,29.75,1.75,0.75,1.0,0.0,0.0,0.0,25.0,1.0,1.5
DAL,2021,18,PHI,0,46.0,6.5,19.75,26.25,1.75,0.5,3.0,1.0,0.0,0.0,26.0,5.0,7.5
DAL,2021,19,SF,1,51.0,3.0,24.0,27.0,0.0,0.0,0.0,0.0,0.0,0.0,23.0,0.0,0.0
DAL,2022,1,TB,1,49.5,-2.5,26.0,23.5,1.5,0.75,2.0,1.0,0.0,0.0,19.0,5.0,7.5
DAL,2022,2,CIN,1,42.0,-7.5,24.75,17.25,4.5,1.25,6.0,0.0,0.0,0.0,17.0,7.0,10.5
DAL,2022,3,NYG,0,38.5,-1.0,19.75,18.75,3.75,2.5,5.0,1.0,0.0,0.0,16.0,8.0,12.0
DAL,2022,4,WAS,1,40.5,3.0,18.75,21.75,4.5,1.25,2.0,2.0,0.0,0.0,10.0,10.0,15.0
DAL,2022,5,LA,0,42.0,-5.5,23.75,18.25,4.0,2.25,5.0,1.0,2.0,1.0,10.0,21.0,31.5
DAL,2022,6,PHI,0,42.5,-6.5,24.5,18.0,2.5,0.5,4.0,0.0,0.0,0.0,26.0,4.0,6.0
DAL,2022,7,DET,1,49.5,7.0,21.25,28.25,1.5,1.5,5.0,2.0,3.0,0.0,6.0,22.0,33.0
DAL,2022,8,CHI,1,43.0,10.5,16.25,26.75,4.25,1.5,4.0,0.0,1.0,1.0,29.0,11.0,16.5
DAL,2022,10,GB,0,44.5,3.5,20.5,24.0,1.75,1.25,2.0,0.0,1.0,0.0,31.0,3.0,4.5
DAL,2022,11,MIN,0,48.5,1.5,23.5,25.0,3.0,1.25,7.0,0.0,1.0,0.0,3.0,16.0,24.0
DAL,2022,12,NYG,1,45.5,10.5,17.5,28.0,2.75,0.75,3.0,0.0,0.0,0.0,20.0,4.0,6.0
DAL,2022,13,IND,1,44.5,11.0,16.75,27.75,4.25,1.25,3.0,3.0,2.0,1.0,19.0,20.0,30.0
DAL,2022,14,HOU,1,44.5,17.0,13.75,30.75,3.5,2.5,0.0,1.0,2.0,0.0,23.0,6.0,9.0
DAL,2022,15,JAX,0,48.5,4.0,22.25,26.25,2.75,0.5,1.0,1.0,2.0,0.0,40.0,3.0,4.5
DAL,2022,16,PHI,1,48.0,4.0,22.0,26.0,2.25,1.0,0.0,2.0,2.0,0.0,34.0,7.0,10.5
DAL,2022,17,TEN,0,41.0,14.0,13.5,27.5,4.5,2.0,2.0,1.0,1.0,0.0,13.0,10.0,15.0
DAL,2022,18,WAS,0,40.5,7.5,16.5,24.0,3.25,2.0,3.0,1.0,1.0,0.0,26.0,7.0,10.5
DAL,2022,19,TB,0,45.5,2.5,21.5,24.0,0.0,0.0,0.0,0.0,0.0,0.0,14.0,1.0,1.5
DAL,2022,20,SF,0,46.5,-3.5,25.0,21.5,0.0,0.0,0.0,0.0,0.0,0.0,19.0,1.0,1.5
DAL,2023,1,NYG,0,44.5,3.5,20.5,24.0,1.25,0.75,7.0,2.0,1.0,2.0,0.0,35.0,52.5
DAL,2023,2,NYJ,1,38.5,8.5,15.0,23.5,2.5,1.5,3.0,3.0,1.0,0.0,10.0,15.0,22.5
DAL,2023,3,ARI,0,43.5,11.5,16.0,27.5,2.0,1.5,2.0,0.0,0.0,0.0,28.0,1.0,1.5
DAL,2023,4,NE,1,43.0,6.5,18.25,24.75,1.75,2.0,2.0,2.0,1.0,2.0,3.0,27.0,40.5
DAL,2023,5,SF,0,45.0,-3.5,24.25,20.75,1.75,0.25,1.0,0.0,1.0,0.0,42.0,-1.0,-1.5
DAL,2023,6,LAC,0,49.5,1.5,24.0,25.5,2.25,0.5,1.0,1.0,1.0,0.0,17.0,6.0,9.0
DAL,2023,8,LA,1,44.5,6.5,19.0,25.5,2.75,0.5,2.0,1.0,0.0,1.0,20.0,11.0,16.5
DAL,2023,9,PHI,0,46.5,-3.5,25.0,21.5,2.0,2.25,3.0,0.0,0.0,0.0,28.0,2.0,3.0
DAL,2023,10,NYG,1,38.5,17.5,10.5,28.0,4.75,0.75,5.0,1.0,0.0,0.0,17.0,8.0,12.0
DAL,2023,11,CAR,0,43.0,11.0,16.0,27.0,4.25,1.0,7.0,1.0,1.0,1.0,10.0,21.0,31.5
DAL,2023,12,WAS,1,48.0,13.0,17.5,30.5,2.75,2.5,4.0,1.0,0.0,1.0,10.0,16.0,24.0
DAL,2023,13,SEA,1,47.5,9.5,19.0,28.5,3.25,1.0,1.0,1.0,0.0,0.0,35.0,-1.0,-1.5
DAL,2023,14,PHI,1,52.5,3.5,24.5,28.0,3.25,0.75,1.0,0.0,3.0,0.0,13.0,11.0,16.5
DAL,2023,15,BUF,0,49.5,-2.0,25.75,23.75,1.25,1.75,1.0,0.0,0.0,0.0,31.0,0.0,0.0
DAL,2023,16,MIA,0,48.5,-1.5,25.0,23.5,2.5,1.25,1.0,0.0,0.0,0.0,22.0,1.0,1.5
DAL,2023,17,DET,1,53.0,5.5,23.75,29.25,2.0,1.0,1.0,2.0,0.0,0.0,19.0,6.0,9.0
DAL,2023,18,WAS,0,47.5,13.0,17.25,30.25,1.5,1.5,4.0,2.0,1.0,0.0,10.0,14.0,21.0
DAL,2023,19,GB,1,52.5,7.0,22.75,29.75,0.0,0.0,0.0,0.0,0.0,0.0,48.0,-4.0,-6.0
DAL,2024,1,CLE,0,42.0,-2.5,22.25,19.75,2.25,2.75,6.0,2.0,0.0,1.0,17.0,17.0,25.5
DAL,2024,2,NO,1,47.0,6.5,20.25,26.75,1.75,0.25,1.0,1.0,0.0,0.0,44.0,-1.0,-1.5
DAL,2024,3,BAL,1,47.5,-1.5,24.5,23.0,2.0,1.25,0.0,0.0,0.0,0.0,28.0,-1.0,-1.5
DAL,2024,4,NYG,0,45.0,5.5,19.75,25.25,2.5,1.5,1.0,1.0,0.0,0.0,15.0,4.0,6.0
DAL,2024,5,PIT,0,43.5,-2.5,23.0,20.5,2.5,0.75,3.0,0.0,1.0,0.0,17.0,6.0,9.0
DAL,2024,6,DET,1,52.5,-3.5,28.0,24.5,1.75,1.0,3.0,0.0,0.0,0.0,47.0,-1.0,-1.5
DAL,2024,8,SF,0,48.0,-5.5,26.75,21.25,1.0,2.0,2.0,0.0,0.0,0.0,30.0,1.0,1.5
DAL,2024,9,ATL,0,52.0,-3.0,27.5,24.5,2.25,1.25,2.0,0.0,1.0,0.0,27.0,4.0,6.0
DAL,2024,10,PHI,1,44.5,-7.5,26.0,18.5,2.25,0.5,5.0,1.0,1.0,0.0,34.0,8.0,12.0
DAL,2024,11,HOU,1,41.5,-7.5,24.5,17.0,4.5,1.25,1.0,1.0,0.0,0.0,34.0,2.0,3.0
DAL,2024,12,WAS,0,45.0,-10.5,27.75,17.25,2.0,0.25,4.0,2.0,1.0,0.0,26.0,10.0,15.0
DAL,2024,13,NYG,1,39.0,4.5,17.25,21.75,3.0,1.75,6.0,1.0,1.0,1.0,20.0,17.0,25.5
DAL,2024,14,CIN,1,51.0,-5.0,28.0,23.0,2.75,1.25,2.0,1.0,1.0,0.0,27.0,6.0,9.0
DAL,2024,15,CAR,0,42.0,-2.5,22.25,19.75,1.25,0.75,6.0,2.0,2.0,0.0,14.0,15.0,22.5
DAL,2024,16,TB,1,47.5,-4.5,26.0,21.5,2.25,2.0,4.0,1.0,1.0,0.0,24.0,8.0,12.0
DAL,2024,17,PHI,0,37.5,-7.5,22.5,15.0,3.25,0.75,0.0,0.0,0.0,0.0,41.0,-4.0,-6.0
DAL,2024,18,WAS,1,43.5,-7.0,25.25,18.25,4.0,1.75,6.0,0.0,0.0,0.0,23.0,6.0,9.0
DEN,2020,1,TEN,1,41.0,-3.0,22.0,19.0,0.0,0.0,1.0,0.0,0.0,0.0,16.0,2.0,3.0
DEN,2020,2,PIT,0,41.0,-6.0,23.5,17.5,2.0,0.0,1.0,1.0,1.0,0.0,26.0,5.0,7.5
DEN,2020,3,TB,1,42.5,-6.0,24.25,18.25,1.5,2.5,2.0,0.0,0.0,0.0,28.0,1.0,1.5
DEN,2020,4,NYJ,0,41.0,-1.0,21.0,20.0,2.0,1.6666666666666667,6.0,0.0,0.0,0.0,28.0,5.0,7.5
DEN,2020,6,NE,0,43.5,-7.0,25.25,18.25,1.75,1.75,4.0,2.0,1.0,0.0,12.0,14.0,21.0
DEN,2020,7,KC,1,46.0,-7.0,26.5,19.5,1.25,1.0,4.0,0.0,1.0,0.0,43.0,2.0,3.0
DEN,2020,8,LAC,1,44.5,-3.0,23.75,20.75,2.0,1.5,2.0,2.0,0.0,0.0,30.0,5.0,7.5
DEN,2020,9,ATL,0,50.0,-4.5,27.25,22.75,2.0,1.0,2.0,1.0,0.0,0.0,34.0,3.0,4.5
DEN,2020,10,LV,0,50.5,-3.5,27.0,23.5,1.75,1.0,0.0,0.0,0.0,0.0,37.0,-4.0,-6.0
DEN,2020,11,MIA,1,46.0,-4.0,25.0,21.0,1.5,1.25,6.0,1.0,0.0,0.0,13.0,12.0,18.0
DEN,2020,12,NO,1,36.5,-17.0,26.75,9.75,2.0,1.5,3.0,1.0,0.0,0.0,31.0,4.0,6.0
DEN,2020,13,KC,0,51.0,-13.0,32.0,19.0,1.0,0.75,1.0,0.0,0.0,0.0,22.0,1.0,1.5
DEN,2020,14,CAR,0,46.0,-4.0,25.0,21.0,1.5,1.25,4.0,0.0,0.0,1.0,27.0,10.0,15.0
DEN,2020,15,BUF,1,49.0,-5.5,27.25,21.75,1.25,2.0,1.0,0.0,0.0,0.0,48.0,-3.0,-4.5
DEN,2020,16,LAC,0,47.5,-2.5,25.0,22.5,2.0,1.0,2.0,0.0,0.0,0.0,19.0,3.0,4.5
DEN,2020,17,LV,1,50.5,-2.5,26.5,24.0,1.5,1.75,3.0,2.0,2.0,0.0,32.0,10.0,15.0
DEN,2021,1,NYG,0,41.5,3.0,19.25,22.25,4.25,1.25,2.0,0.0,1.0,0.0,13.0,8.0,12.0
DEN,2021,2,JAX,0,45.0,6.0,19.5,25.5,3.25,1.75,1.0,2.0,0.0,0.0,13.0,9.0,13.5
DEN,2021,3,NYJ,1,42.0,10.5,15.75,26.25,3.75,1.75,5.0,2.0,0.0,0.0,0.0,19.0,28.5
DEN,2021,4,BAL,1,44.0,1.0,21.5,22.5,2.0,1.5,3.0,0.0,0.0,0.0,23.0,3.0,4.5
DEN,2021,5,PIT,0,40.0,2.0,19.0,21.0,2.5,1.25,1.0,0.0,1.0,0.0,27.0,3.0,4.5
DEN,2021,6,LV,1,45.5,5.0,20.25,25.25,3.0,0.75,2.0,0.0,0.0,0.0,34.0,1.0,1.5
DEN,2021,7,CLE,0,40.5,-2.0,21.25,19.25,3.5,0.75,1.0,0.0,0.0,0.0,17.0,2.0,3.0
DEN,2021,8,WAS,1,45.0,4.0,20.5,24.5,1.75,1.5,5.0,2.0,0.0,0.0,10.0,13.0,19.5
DEN,2021,9,DAL,0,50.0,-10.5,30.25,19.75,1.25,1.5,2.0,1.0,0.0,0.0,16.0,5.0,7.5
DEN,2021,10,PHI,1,44.5,1.0,21.75,22.75,1.25,0.75,2.0,1.0,0.0,0.0,30.0,3.0,4.5
DEN,2021,12,LAC,1,47.5,-2.5,25.0,22.5,1.75,1.0,3.0,2.0,0.0,1.0,13.0,17.0,25.5
DEN,2021,13,KC,0,46.5,-8.5,27.5,19.0,1.5,1.25,1.0,1.0,1.0,0.0,22.0,5.0,7.5
DEN,2021,14,DET,1,42.0,13.0,14.5,27.5,2.0,1.25,2.0,1.0,1.0,0.0,10.0,10.0,15.0
DEN,2021,15,CIN,1,45.0,3.0,21.0,24.0,4.0,1.5,3.0,0.0,0.0,0.0,15.0,4.0,6.0
DEN,2021,16,LV,0,42.0,1.0,20.5,21.5,2.75,1.75,2.0,1.0,2.0,0.0,17.0,9.0,13.5
DEN,2021,17,LAC,0,45.5,-8.0,26.75,18.75,1.75,2.0,0.0,0.0,1.0,0.0,34.0,1.0,1.5
DEN,2021,18,KC,1,44.5,-11.5,28.0,16.5,1.5,0.5,1.0,0.0,0.0,0.0,28.0,0.0,0.0
DEN,2022,1,SEA,0,44.0,6.0,19.0,25.0,1.75,0.75,2.0,0.0,1.0,0.0,17.0,5.0,7.5
DEN,2022,2,HOU,1,46.0,10.5,17.75,28.25,2.25,0.5,3.0,0.0,0.0,0.0,9.0,7.0,10.5
DEN,2022,3,SF,1,44.0,-1.0,22.5,21.5,1.75,1.5,4.0,1.0,2.0,0.0,10.0,14.0,21.0
DEN,2022,4,LV,0,45.5,-2.5,24.0,21.5,2.75,1.5,2.0,0.0,0.0,0.0,32.0,1.0,1.5
DEN,2022,5,IND,1,42.0,3.5,19.25,22.75,3.75,2.5,6.0,2.0,0.0,0.0,12.0,14.0,21.0
DEN,2022,6,LAC,0,45.5,-3.5,24.5,21.0,1.25,1.0,2.0,1.0,1.0,0.0,19.0,7.0,10.5
DEN,2022,7,NYJ,1,37.0,-2.0,19.5,17.5,2.25,1.5,3.0,0.0,0.0,0.0,16.0,4.0,6.0
DEN,2022,8,JAX,0,41.0,-1.0,21.0,20.0,2.0,2.25,2.0,2.0,0.0,0.0,17.0,7.0,10.5
DEN,2022,10,TEN,0,40.0,-2.5,21.25,18.75,3.25,0.5,1.0,0.0,1.0,0.0,17.0,4.0,6.0
DEN,2022,11,LV,1,41.5,2.5,19.5,22.0,2.25,0.5,1.0,0.0,0.0,0.0,22.0,1.0,1.5
DEN,2022,12,CAR,0,36.5,1.0,17.75,18.75,1.5,1.75,0.0,0.0,0.0,0.0,23.0,0.0,0.0
DEN,2022,13,BAL,0,40.5,-9.5,25.0,15.5,2.5,1.0,4.0,2.0,0.0,0.0,10.0,12.0,18.0
DEN,2022,14,KC,1,44.5,-8.5,26.5,18.0,0.75,1.5,2.0,3.0,0.0,0.0,34.0,7.0,10.5
DEN,2022,15,ARI,1,37.5,1.5,18.0,19.5,3.0,1.5,3.0,3.0,0.0,0.0,15.0,10.0,15.0
DEN,2022,16,LA,0,36.5,3.0,16.75,19.75,4.0,1.75,0.0,0.0,0.0,0.0,51.0,-4.0,-6.0
DEN,2022,17,KC,0,46.0,-13.5,29.75,16.25,1.75,1.5,0.0,1.0,0.0,0.0,27.0,2.0,3.0
DEN,2022,18,LAC,1,38.5,6.0,16.25,22.25,2.75,1.0,1.0,0.0,3.0,0.0,28.0,6.0,9.0
DEN,2023,1,LV,1,43.0,3.0,20.0,23.0,3.0,2.0,0.0,1.0,0.0,0.0,17.0,3.0,4.5
DEN,2023,2,WAS,1,38.5,4.0,17.25,21.25,3.5,2.5,4.0,0.0,0.0,0.0,35.0,0.0,0.0
DEN,2023,3,MIA,0,47.5,-6.0,26.75,20.75,1.0,1.25,0.0,0.0,0.0,0.0,70.0,-4.0,-6.0
DEN,2023,4,CHI,0,47.0,3.0,22.0,25.0,3.5,2.0,4.0,1.0,1.0,1.0,28.0,13.0,19.5
DEN,2023,5,NYJ,1,42.5,2.5,20.0,22.5,2.75,1.5,4.0,1.0,1.0,0.0,31.0,7.0,10.5
DEN,2023,6,KC,0,47.5,-10.5,29.0,18.5,1.0,1.5,2.0,1.0,0.0,0.0,19.0,5.0,7.5
DEN,2023,7,GB,1,44.0,1.5,21.25,22.75,2.25,1.5,0.0,1.0,0.0,0.0,17.0,3.0,4.5
DEN,2023,8,KC,1,45.5,-7.0,26.25,19.25,1.5,1.25,3.0,2.0,2.0,0.0,9.0,15.0,22.5
DEN,2023,10,BUF,0,47.5,-7.5,27.5,20.0,1.0,1.75,0.0,2.0,2.0,0.0,22.0,8.0,12.0
DEN,2023,11,MIN,1,43.5,2.5,20.5,23.0,2.0,1.0,2.0,1.0,2.0,0.0,20.0,9.0,13.5
DEN,2023,12,CLE,1,37.5,1.5,18.0,19.5,2.25,1.25,4.0,0.0,3.0,0.0,12.0,14.0,21.0
DEN,2023,13,HOU,0,47.5,-3.5,25.5,22.0,3.0,2.0,5.0,0.0,0.0,0.0,22.0,5.0,7.5
DEN,2023,14,LAC,0,45.0,-3.0,24.0,21.0,1.25,1.5,6.0,1.0,1.0,0.0,7.0,14.0,21.0
DEN,2023,15,DET,0,49.0,-5.5,27.25,21.75,2.5,2.5,2.0,0.0,0.0,0.0,42.0,-2.0,-3.0
DEN,2023,16,NE,1,37.5,7.0,15.25,22.25,3.25,1.5,2.0,0.0,1.0,0.0,26.0,4.0,6.0
DEN,2023,17,LAC,1,39.5,3.5,18.0,21.5,3.5,1.75,1.0,0.0,1.0,0.0,9.0,7.0,10.5
DEN,2023,18,LV,0,37.5,-3.5,20.5,17.0,2.25,1.0,3.0,0.0,0.0,0.0,27.0,3.0,4.5
DEN,2024,1,SEA,0,42.0,-6.5,24.25,17.75,1.5,0.25,2.0,1.0,0.0,0.0,26.0,4.0,6.0
DEN,2024,2,PIT,1,36.5,-3.0,19.75,16.75,1.75,0.5,2.0,0.0,0.0,0.0,13.0,6.0,9.0
DEN,2024,3,TB,0,40.5,-6.0,23.25,17.25,2.75,1.25,7.0,1.0,1.0,0.0,7.0,15.0,22.5
DEN,2024,4,NYJ,0,39.5,-7.5,23.5,16.0,1.5,0.5,5.0,0.0,1.0,0.0,9.0,11.0,16.5
DEN,2024,5,LV,1,36.0,3.0,16.5,19.5,3.5,1.5,3.0,3.0,0.0,1.0,18.0,16.0,24.0
DEN,2024,6,LAC,1,37.0,-3.0,20.0,17.0,2.25,0.5,3.0,0.0,0.0,0.0,23.0,3.0,4.5
DEN,2024,7,NO,0,37.0,2.5,17.25,19.75,2.0,1.5,6.0,0.0,2.0,1.0,10.0,20.0,30.0
DEN,2024,8,CAR,1,40.5,13.0,13.75,26.75,1.5,2.0,2.0,2.0,0.0,0.0,14.0,7.0,10.5
DEN,2024,9,BAL,0,46.5,-9.0,27.75,18.75,2.0,0.75,1.0,0.0,0.0,0.0,41.0,-3.0,-4.5
DEN,2024,10,KC,0,42.5,-7.5,25.0,17.5,2.25,1.25,4.0,0.0,0.0,0.0,16.0,5.0,7.5
DEN,2024,11,ATL,1,44.5,2.0,21.25,23.25,2.5,1.25,4.0,1.0,0.0,0.0,6.0,13.0,19.5
DEN,2024,12,LV,0,41.5,6.5,17.5,24.0,3.75,2.0,5.0,1.0,1.0,0.0,19.0,10.0,15.0
DEN,2024,13,CLE,1,41.5,6.5,17.5,24.0,3.0,1.75,3.0,3.0,0.0,2.0,32.0,20.0,30.0
DEN,2024,15,IND,1,43.5,4.5,19.5,24.0,1.5,1.75,2.0,2.0,3.0,1.0,13.0,22.0,33.0
DEN,2024,16,LAC,0,41.5,-3.0,22.25,19.25,3.75,0.75,2.0,1.0,0.0,0.0,34.0,3.0,4.5
DEN,2024,17,CIN,0,50.5,-3.5,27.0,23.5,2.75,2.25,7.0,0.0,1.0,0.0,30.0,8.0,12.0
DEN,2024,18,KC,1,40.5,10.5,15.0,25.5,1.0,0.25,5.0,0.0,0.0,0.0,0.0,15.0,22.5
DEN,2024,19,BUF,0,48.5,-7.5,28.0,20.5,0.0,0.0,0.0,0.0,0.0,0.0,31.0,-1.0,-1.5
DET,2020,1,CHI,1,42.5,2.5,20.0,22.5,0.0,0.0,1.0,0.0,0.0,0.0,27.0,1.0,1.5
DET,2020,2,GB,0,51.0,-7.0,29.0,22.0,0.0,0.0,1.0,0.0,0.0,0.0,42.0,-3.0,-4.5
DET,2020,3,ARI,0,55.5,-4.5,30.0,25.5,2.5,1.5,1.0,3.0,0.0,0.0,23.0,7.0,10.5
DET,2020,4,NO,1,51.5,-3.0,27.25,24.25,1.0,0.6666666666666666,2.0,1.0,0.0,0.0,35.0,0.0,0.0
DET,2020,6,JAX,0,52.5,3.0,24.75,27.75,3.25,1.75,1.0,1.0,1.0,0.0,16.0,6.0,9.0
DET,2020,7,ATL,0,54.0,-1.0,27.5,26.5,2.5,0.75,2.0,0.0,1.0,0.0,22.0,4.0,6.0
DET,2020,8,IND,1,49.0,-3.5,26.25,22.75,0.75,1.0,2.0,0.0,0.0,0.0,41.0,-2.0,-3.0
DET,2020,9,MIN,0,51.5,-3.0,27.25,24.25,2.0,1.5,1.0,0.0,0.0,0.0,34.0,0.0,0.0
DET,2020,10,WAS,1,46.0,2.5,21.75,24.25,3.75,1.5,2.0,0.0,1.0,0.0,27.0,4.0,6.0
DET,2020,11,CAR,0,47.0,3.0,22.0,25.0,2.25,0.5,1.0,2.0,0.0,0.0,20.0,6.0,9.0
DET,2020,12,HOU,1,52.5,-3.0,27.75,24.75,1.75,0.5,2.0,0.0,1.0,0.0,41.0,0.0,0.0
DET,2020,13,CHI,0,44.0,-3.0,23.5,20.5,3.25,1.75,2.0,0.0,1.0,0.0,30.0,3.0,4.5
DET,2020,14,GB,1,55.5,-9.5,32.5,23.0,1.0,1.5,0.0,0.0,0.0,0.0,31.0,-1.0,-1.5
DET,2020,15,TEN,0,54.5,-9.5,32.0,22.5,1.75,1.25,1.0,0.0,0.0,0.0,46.0,-3.0,-4.5
DET,2020,16,TB,1,55.0,-12.0,33.5,21.5,1.25,1.0,2.0,0.0,0.0,1.0,47.0,4.0,6.0
DET,2020,17,MIN,1,54.0,-3.0,28.5,25.5,3.75,1.0,3.0,0.0,1.0,0.0,37.0,1.0,1.5
DET,2021,1,SF,1,46.0,-9.5,27.75,18.25,3.0,2.0,1.0,0.0,2.0,0.0,41.0,1.0,1.5
DET,2021,2,GB,0,49.5,-11.5,30.5,19.0,2.25,1.0,3.0,0.0,0.0,0.0,35.0,-1.0,-1.5
DET,2021,3,BAL,1,51.0,-7.5,29.25,21.75,1.0,1.5,4.0,1.0,0.0,0.0,19.0,7.0,10.5
DET,2021,4,CHI,0,42.0,-3.0,22.5,19.5,4.0,1.5,1.0,1.0,0.0,0.0,24.0,3.0,4.5
DET,2021,5,MIN,0,49.5,-10.0,29.75,19.75,1.75,0.5,2.0,1.0,1.0,0.0,19.0,7.0,10.5
DET,2021,6,CIN,1,46.5,-3.5,25.0,21.5,2.25,1.75,2.0,1.0,0.0,0.0,34.0,3.0,4.5
DET,2021,7,LA,0,51.0,-17.0,34.0,17.0,1.0,1.25,1.0,0.0,0.0,0.0,28.0,0.0,0.0
DET,2021,8,PHI,1,48.5,-3.0,25.75,22.75,2.25,1.25,0.0,0.0,0.0,0.0,44.0,-4.0,-6.0
DET,2021,10,PIT,0,43.0,-9.0,26.0,17.0,2.0,0.5,0.0,1.0,2.0,0.0,16.0,7.0,10.5
DET,2021,11,CLE,0,42.5,-13.0,27.75,14.75,3.0,0.5,1.0,2.0,0.0,0.0,13.0,9.0,13.5
DET,2021,12,CHI,1,41.5,-2.0,21.75,19.75,3.5,2.5,1.0,1.0,0.0,0.0,16.0,4.0,6.0
DET,2021,13,MIN,1,47.5,-7.0,27.25,20.25,1.25,0.75,3.0,0.0,1.0,0.0,27.0,5.0,7.5
DET,2021,14,DEN,0,42.0,-13.0,27.5,14.5,1.75,1.25,1.0,0.0,0.0,0.0,38.0,-3.0,-4.5
DET,2021,15,ARI,1,48.0,-13.0,30.5,17.5,2.75,1.0,2.0,1.0,0.0,0.0,12.0,8.0,12.0
DET,2021,16,ATL,0,42.5,-7.5,25.0,17.5,2.25,1.0,3.0,0.0,1.0,0.0,20.0,6.0,9.0
DET,2021,17,SEA,0,41.5,-8.5,25.0,16.5,2.25,1.0,1.0,0.0,0.0,0.0,51.0,-3.0,-4.5
DET,2021,18,GB,1,45.0,-4.0,24.5,20.5,1.5,0.0,4.0,2.0,1.0,0.0,30.0,9.0,13.5
DET,2022,1,PHI,1,49.0,-6.0,27.5,21.5,2.0,0.75,1.0,0.0,0.0,0.0,38.0,-3.0,-4.5
DET,2022,2,WAS,1,48.5,-1.0,24.75,23.75,3.0,1.5,5.0,1.0,0.0,0.0,27.0,7.0,10.5
DET,2022,3,MIN,0,52.0,-6.5,29.25,22.75,2.0,0.75,1.0,0.0,1.0,0.0,28.0,2.0,3.0
DET,2022,4,SEA,1,48.5,3.0,22.75,25.75,1.75,1.5,0.0,0.0,0.0,0.0,48.0,-4.0,-6.0
DET,2022,5,NE,0,46.5,-3.0,24.75,21.75,2.25,2.5,0.0,1.0,0.0,0.0,29.0,1.0,1.5
DET,2022,7,DAL,0,49.5,-7.0,28.25,21.25,1.0,0.75,2.0,0.0,1.0,0.0,24.0,4.0,6.0
DET,2022,8,MIA,1,52.0,-3.5,27.75,24.25,2.25,1.75,2.0,0.0,1.0,0.0,31.0,3.0,4.5
DET,2022,9,GB,1,49.5,-4.0,26.75,22.75,2.0,0.5,1.0,3.0,0.0,0.0,9.0,11.0,16.5
DET,2022,10,CHI,0,48.5,-3.0,25.75,22.75,3.75,0.75,3.0,1.0,0.0,1.0,30.0,10.0,15.0
DET,2022,11,NYG,0,44.0,-3.0,23.5,20.5,3.25,0.25,2.0,2.0,1.0,0.0,18.0,9.0,13.5
DET,2022,12,BUF,1,54.0,-10.0,32.0,22.0,2.75,2.0,3.0,1.0,0.0,0.0,28.0,4.0,6.0
DET,2022,13,JAX,1,51.5,1.0,25.25,26.25,2.75,1.0,2.0,0.0,1.0,0.0,14.0,5.0,7.5
DET,2022,14,MIN,1,51.5,2.5,24.5,27.0,3.5,1.0,4.0,0.0,2.0,0.0,23.0,8.0,12.0
DET,2022,15,NYJ,0,44.0,-2.0,23.0,21.0,2.5,1.0,4.0,1.0,0.0,1.0,17.0,13.0,19.5
DET,2022,16,CAR,0,43.5,2.5,20.5,23.0,2.5,0.75,0.0,0.0,0.0,0.0,37.0,-4.0,-6.0
DET,2022,17,CHI,1,52.5,4.5,24.0,28.5,2.5,1.75,7.0,1.0,1.0,0.0,10.0,15.0,22.5
DET,2022,18,GB,0,49.0,-5.5,27.25,21.75,1.5,0.75,2.0,1.0,1.0,0.0,16.0,7.0,10.5
DET,2023,1,KC,0,53.0,-4.0,28.5,24.5,1.25,0.75,0.0,1.0,0.0,1.0,20.0,9.0,13.5
DET,2023,2,SEA,1,47.5,4.5,21.5,26.0,2.75,0.75,1.0,0.0,0.0,0.0,37.0,-3.0,-4.5
DET,2023,3,ATL,1,47.5,3.0,22.25,25.25,2.0,0.75,7.0,0.0,1.0,0.0,6.0,16.0,24.0
DET,2023,4,GB,0,45.0,2.5,21.25,23.75,1.25,0.75,5.0,2.0,0.0,0.0,20.0,10.0,15.0
DET,2023,5,CAR,1,43.5,9.5,17.0,26.5,3.5,1.25,1.0,2.0,1.0,0.0,24.0,7.0,10.5
DET,2023,6,TB,0,43.5,3.0,20.25,23.25,1.0,0.75,1.0,1.0,0.0,0.0,6.0,10.0,15.0
DET,2023,7,BAL,0,43.5,-3.0,23.25,20.25,3.0,2.25,0.0,0.0,1.0,0.0,38.0,-2.0,-3.0
DET,2023,8,LV,1,46.0,7.0,19.5,26.5,3.0,2.0,6.0,1.0,0.0,0.0,14.0,9.0,13.5
DET,2023,10,LAC,0,48.5,2.5,23.0,25.5,2.75,1.25,0.0,1.0,0.0,0.0,38.0,-2.0,-3.0
DET,2023,11,CHI,1,48.0,8.0,20.0,28.0,1.25,1.75,2.0,0.0,1.0,0.0,26.0,4.0,6.0
DET,2023,12,GB,1,47.0,8.5,19.25,27.75,3.0,1.25,0.0,0.0,0.0,0.0,29.0,-1.0,-1.5
DET,2023,13,NO,0,47.5,4.0,21.75,25.75,1.25,1.25,2.0,1.0,1.0,0.0,28.0,5.0,7.5
DET,2023,14,CHI,0,44.5,3.0,20.75,23.75,1.75,2.0,3.0,0.0,0.0,0.0,28.0,2.0,3.0
DET,2023,15,DEN,1,49.0,5.5,21.75,27.25,2.0,1.25,2.0,0.0,1.0,0.0,17.0,5.0,7.5
DET,2023,16,MIN,0,47.5,2.5,22.5,25.0,3.0,2.25,4.0,4.0,0.0,0.0,24.0,12.0,18.0
DET,2023,17,DAL,0,53.0,-5.5,29.25,23.75,3.5,0.75,3.0,1.0,1.0,0.0,20.0,8.0,12.0
DET,2023,18,MIN,1,47.5,3.5,22.0,25.5,4.0,2.25,4.0,2.0,0.0,0.0,20.0,9.0,13.5
DET,2023,19,LA,1,52.5,3.5,24.5,28.0,0.0,0.0,0.0,0.0,0.0,0.0,23.0,0.0,0.0
DET,2023,20,TB,1,49.5,6.0,21.75,27.75,0.0,0.0,0.0,0.0,0.0,0.0,23.0,0.0,0.0
DET,2023,21,SF,0,52.5,-7.5,30.0,22.5,0.0,0.0,0.0,0.0,0.0,0.0,34.0,-1.0,-1.5
DET,2024,1,LA,1,54.0,5.0,24.5,29.5,2.5,1.5,2.0,1.0,0.0,0.0,20.0,5.0,7.5
DET,2024,2,TB,1,51.5,7.5,22.0,29.5,2.0,1.0,5.0,1.0,0.0,0.0,20.0,8.0,12.0
DET,2024,3,ARI,0,51.5,3.0,24.25,27.25,1.75,0.75,1.0,1.0,0.0,0.0,13.0,7.0,10.5
DET,2024,4,SEA,1,46.5,3.5,21.5,25.0,2.0,0.75,3.0,1.0,1.0,0.0,29.0,6.0,9.0
DET,2024,6,DAL,0,52.5,3.5,24.5,28.0,2.25,1.5,4.0,3.0,2.0,0.0,9.0,18.0,27.0
DET,2024,7,MIN,0,50.5,-1.0,25.75,24.75,3.5,1.5,4.0,1.0,0.0,0.0,29.0,5.0,7.5
DET,2024,8,TEN,1,45.0,12.5,16.25,28.75,3.0,1.75,1.0,2.0,2.0,1.0,14.0,16.0,24.0
DET,2024,9,GB,0,47.5,2.5,22.5,25.0,1.5,1.25,0.0,1.0,0.0,1.0,14.0,9.0,13.5
DET,2024,10,HOU,0,49.0,4.5,22.25,26.75,4.0,1.0,4.0,2.0,0.0,0.0,23.0,8.0,12.0
DET,2024,11,JAX,1,47.5,14.0,16.75,30.75,1.5,1.75,1.0,1.0,0.0,0.0,6.0,10.0,15.0
DET,2024,12,IND,0,50.5,7.0,21.75,28.75,3.5,2.25,0.0,0.0,0.0,0.0,6.0,7.0,10.5
DET,2024,13,CHI,1,47.5,9.5,19.0,28.5,5.25,0.0,5.0,0.0,0.0,0.0,20.0,6.0,9.0
DET,2024,14,GB,1,53.0,3.0,25.0,28.0,0.75,0.75,1.0,0.0,1.0,0.0,31.0,2.0,3.0
DET,2024,15,BUF,1,55.5,2.5,26.5,29.0,0.5,0.75,0.0,0.0,0.0,0.0,48.0,-4.0,-6.0
DET,2024,16,CHI,0,47.5,7.0,20.25,27.25,4.25,0.5,2.0,0.0,2.0,0.0,17.0,7.0,10.5
DET,2024,17,SF,0,50.5,4.0,23.25,27.25,2.25,1.5,2.0,2.0,0.0,0.0,34.0,5.0,7.5
DET,2024,18,MIN,1,56.5,3.0,26.75,29.75,2.5,0.5,2.0,0.0,0.0,0.0,9.0,6.0,9.0
DET,2024,20,WAS,1,55.5,8.5,23.5,32.0,0.0,0.0,0.0,0.0,0.0,0.0,45.0,-4.0,-6.0
GB,2020,1,MIN,0,45.0,-1.0,23.0,22.0,0.0,0.0,2.0,1.0,0.0,0.0,34.0,3.0,4.5
GB,2020,2,DET,1,51.0,7.0,22.0,29.0,1.0,1.0,4.0,1.0,0.0,1.0,21.0,12.0,18.0
GB,2020,3,NO,0,52.0,-3.5,27.75,24.25,0.5,0.5,2.0,0.0,1.0,0.0,30.0,3.0,4.5
GB,2020,4,ATL,1,56.5,5.0,25.75,30.75,1.6666666666666667,1.0,4.0,0.0,0.0,0.0,16.0,5.0,7.5
GB,2020,6,TB,0,55.0,3.0,26.0,29.0,1.25,1.0,0.0,0.0,0.0,0.0,38.0,-4.0,-6.0
GB,2020,7,HOU,0,55.5,2.5,26.5,29.0,2.75,0.75,3.0,0.0,1.0,0.0,20.0,6.0,9.0
GB,2020,8,MIN,1,47.0,5.5,20.75,26.25,2.25,2.25,1.0,0.0,0.0,0.0,28.0,0.0,0.0
GB,2020,9,SF,0,48.5,6.0,21.25,27.25,2.25,1.75,1.0,1.0,1.0,0.0,17.0,6.0,9.0
GB,2020,10,JAX,1,47.0,13.5,16.75,30.25,3.0,1.5,3.0,1.0,0.0,0.0,20.0,6.0,9.0
GB,2020,11,IND,0,52.0,-1.5,26.75,25.25,1.0,1.0,1.0,1.0,1.0,0.0,34.0,4.0,6.0
GB,2020,12,CHI,1,44.0,7.5,18.25,25.75,3.5,1.5,3.0,2.0,1.0,1.0,25.0,15.0,22.5
GB,2020,13,PHI,1,50.0,8.0,21.0,29.0,4.5,2.0,7.0,1.0,0.0,0.0,16.0,10.0,15.0
GB,2020,14,DET,0,55.5,9.5,23.0,32.5,3.0,1.25,4.0,0.0,0.0,0.0,24.0,4.0,6.0
GB,2020,15,CAR,1,53.0,9.5,21.75,31.25,2.0,1.25,3.0,0.0,1.0,0.0,16.0,6.0,9.0
GB,2020,16,TEN,1,52.5,3.0,24.75,27.75,1.5,1.0,2.0,2.0,0.0,0.0,14.0,7.0,10.5
GB,2020,17,CHI,0,48.5,4.5,22.0,26.5,1.75,1.0,1.0,1.0,2.0,0.0,16.0,8.0,12.0
GB,2020,19,LA,1,45.0,7.0,19.0,26.0,0.0,0.0,0.0,0.0,0.0,0.0,18.0,1.0,1.5
GB,2020,20,TB,1,53.0,3.0,25.0,28.0,0.0,0.0,0.0,0.0,0.0,0.0,31.0,-1.0,-1.5
GB,2021,1,NO,0,49.0,4.0,22.5,26.5,2.0,1.25,0.0,0.0,0.0,0.0,38.0,-4.0,-6.0
GB,2021,2,DET,1,49.5,11.5,19.0,30.5,2.0,1.75,1.0,1.0,1.0,0.0,17.0,6.0,9.0
GB,2021,3,SF,0,50.5,-3.5,27.0,23.5,1.75,1.0,4.0,1.0,1.0,0.0,28.0,7.0,10.5
GB,2021,4,PIT,1,45.0,6.5,19.25,25.75,2.25,1.0,2.0,1.0,1.0,0.0,17.0,7.0,10.5
GB,2021,5,CIN,0,50.0,2.0,24.0,26.0,2.75,1.25,3.0,2.0,0.0,0.0,22.0,7.0,10.5
GB,2021,6,CHI,0,44.0,5.5,19.25,24.75,3.75,0.5,4.0,1.0,0.0,0.0,14.0,7.0,10.5
GB,2021,7,WAS,1,48.0,8.5,19.75,28.25,1.0,1.75,4.0,1.0,1.0,0.0,10.0,12.0,18.0
GB,2021,8,ARI,0,51.0,-6.5,28.75,22.25,2.75,0.5,2.0,2.0,0.0,0.0,21.0,6.0,9.0
GB,2021,9,KC,0,48.0,-7.0,27.5,20.5,2.75,3.0,1.0,0.0,1.0,0.0,13.0,7.0,10.5
GB,2021,10,SEA,1,49.5,3.0,23.25,26.25,3.75,0.75,3.0,2.0,0.0,0.0,0.0,17.0,25.5
GB,2021,11,MIN,0,48.0,1.0,23.5,24.5,0.75,0.5,2.0,0.0,0.0,0.0,34.0,1.0,1.5
GB,2021,12,LA,1,47.0,-2.0,24.5,22.5,2.25,1.0,2.0,1.0,2.0,1.0,28.0,13.0,19.5
GB,2021,14,CHI,1,43.0,11.5,15.75,27.25,2.5,2.25,2.0,2.0,1.0,1.0,30.0,13.0,19.5
GB,2021,15,BAL,0,45.5,9.5,18.0,27.5,4.75,2.0,1.0,0.0,0.0,0.0,30.0,0.0,0.0
GB,2021,16,CLE,1,46.5,7.5,19.5,27.0,1.0,1.25,5.0,4.0,0.0,0.0,22.0,13.0,19.5
GB,2021,17,MIN,1,42.0,13.0,14.5,27.5,2.5,1.5,2.0,0.0,0.0,0.0,10.0,6.0,9.0
GB,2021,18,DET,0,45.0,4.0,20.5,24.5,1.0,1.75,1.0,0.0,0.0,0.0,37.0,-3.0,-4.5
GB,2021,20,SF,1,47.0,5.5,20.75,26.25,0.0,0.0,0.0,0.0,0.0,0.0,13.0,4.0,6.0
GB,2022,1,MIN,0,47.0,-2.5,24.75,22.25,3.0,0.75,1.0,0.0,0.0,0.0,23.0,1.0,1.5
GB,2022,2,CHI,1,42.0,10.5,15.75,26.25,3.75,1.25,3.0,1.0,0.0,0.0,10.0,9.0,13.5
GB,2022,3,TB,0,41.5,-1.0,21.25,20.25,1.25,0.75,3.0,0.0,2.0,0.0,12.0,11.0,16.5
GB,2022,4,NE,1,40.5,10.0,15.25,25.25,1.75,3.0,4.0,0.0,1.0,0.0,24.0,6.0,9.0
GB,2022,5,NYG,1,42.0,8.5,16.75,25.25,3.5,1.5,1.0,0.0,0.0,0.0,27.0,1.0,1.5
GB,2022,6,NYJ,1,44.5,7.5,18.5,26.0,2.25,1.75,2.0,0.0,0.0,0.0,27.0,2.0,3.0
GB,2022,7,WAS,0,41.5,4.0,18.75,22.75,4.25,1.25,1.0,1.0,1.0,1.0,23.0,11.0,16.5
GB,2022,8,BUF,0,47.0,-10.5,28.75,18.25,1.5,1.5,2.0,2.0,0.0,0.0,27.0,6.0,9.0
GB,2022,9,DET,0,49.5,4.0,22.75,26.75,2.25,2.5,0.0,1.0,0.0,0.0,15.0,3.0,4.5
GB,2022,10,DAL,1,44.5,-3.5,24.0,20.5,1.5,1.25,2.0,2.0,1.0,0.0,28.0,7.0,10.5
GB,2022,11,TEN,1,40.5,3.0,18.75,21.75,2.25,0.75,3.0,1.0,0.0,0.0,27.0,5.0,7.5
GB,2022,12,PHI,0,46.0,-6.5,26.25,19.75,2.75,1.75,2.0,0.0,1.0,0.0,40.0,0.0,0.0
GB,2022,13,CHI,0,45.0,4.0,20.5,24.5,2.75,1.0,0.0,2.0,1.0,0.0,19.0,7.0,10.5
GB,2022,15,LA,1,39.5,8.0,15.75,23.75,3.75,1.5,5.0,1.0,0.0,0.0,12.0,11.0,16.5
GB,2022,16,MIA,0,49.0,-3.5,26.25,22.75,3.0,1.25,2.0,3.0,1.0,0.0,20.0,11.0,16.5
GB,2022,17,MIN,1,47.5,3.0,22.25,25.25,4.25,1.25,2.0,3.0,1.0,1.0,17.0,17.0,25.5
GB,2022,18,DET,1,49.0,5.5,21.75,27.25,1.0,0.25,1.0,0.0,0.0,0.0,20.0,2.0,3.0
GB,2023,1,CHI,0,41.0,-1.0,21.0,20.0,4.0,1.75,4.0,1.0,1.0,1.0,20.0,15.0,22.5
GB,2023,2,ATL,0,40.5,-3.0,21.75,18.75,2.25,0.75,1.0,1.0,0.0,0.0,25.0,3.0,4.5
GB,2023,3,NO,1,41.5,-1.5,21.5,20.0,4.0,1.25,4.0,0.0,0.0,0.0,17.0,5.0,7.5
GB,2023,4,DET,1,45.0,-2.5,23.75,21.25,1.0,1.25,2.0,1.0,0.0,0.0,34.0,3.0,4.5
GB,2023,5,LV,0,45.0,-1.0,23.0,22.0,2.75,2.5,4.0,1.0,0.0,0.0,17.0,7.0,10.5
GB,2023,7,DEN,0,44.0,-1.5,22.75,21.25,2.5,2.25,1.0,0.0,0.0,0.0,19.0,2.0,3.0
GB,2023,8,MIN,1,41.5,-1.0,21.25,20.25,1.75,1.25,3.0,0.0,1.0,0.0,24.0,5.0,7.5
GB,2023,9,LA,1,38.0,3.5,17.25,20.75,2.75,0.5,1.0,1.0,1.0,0.0,3.0,12.0,18.0
GB,2023,10,PIT,0,38.5,-3.0,20.75,17.75,2.0,0.5,1.0,0.0,0.0,0.0,23.0,1.0,1.5
GB,2023,11,LAC,1,44.0,-3.0,23.5,20.5,2.5,1.0,2.0,0.0,1.0,0.0,20.0,5.0,7.5
GB,2023,12,DET,0,47.0,-8.5,27.75,19.25,2.0,2.0,3.0,0.0,3.0,1.0,22.0,15.0,22.5
GB,2023,13,KC,1,43.5,-5.5,24.5,19.0,1.75,1.75,3.0,1.0,0.0,0.0,19.0,6.0,9.0
GB,2023,14,NYG,0,37.5,6.0,15.75,21.75,7.0,1.0,0.0,0.0,2.0,0.0,24.0,4.0,6.0
GB,2023,15,TB,1,41.5,4.0,18.75,22.75,3.0,1.25,5.0,0.0,1.0,0.0,34.0,6.0,9.0
GB,2023,16,CAR,0,39.5,3.5,18.0,21.5,3.75,1.0,2.0,0.0,0.0,0.0,30.0,1.0,1.5
GB,2023,17,MIN,0,42.5,-1.0,21.75,20.75,3.5,2.5,4.0,1.0,2.0,0.0,10.0,14.0,21.0
GB,2023,18,CHI,1,45.5,2.5,21.5,24.0,2.5,0.75,5.0,0.0,0.0,0.0,9.0,9.0,13.5
GB,2023,19,DAL,0,52.5,-7.0,29.75,22.75,0.0,0.0,0.0,0.0,0.0,0.0,32.0,-1.0,-1.5
GB,2023,20,SF,0,50.5,-10.5,30.5,20.0,0.0,0.0,0.0,0.0,0.0,0.0,24.0,0.0,0.0
GB,2024,1,PHI,0,49.5,-2.0,25.75,23.75,1.5,2.25,2.0,2.0,1.0,0.0,34.0,7.0,10.5
GB,2024,2,IND,1,41.5,-3.0,22.25,19.25,2.5,0.75,1.0,3.0,0.0,0.0,10.0,11.0,16.5
GB,2024,3,TEN,0,37.0,-3.0,20.0,17.0,3.75,1.75,8.0,2.0,1.0,1.0,14.0,21.0,31.5
GB,2024,4,MIN,1,44.0,2.5,20.75,23.25,3.25,1.5,2.0,1.0,1.0,0.0,31.0,5.0,7.5
GB,2024,5,LA,0,49.5,3.0,23.25,26.25,3.25,1.0,3.0,1.0,1.0,0.0,19.0,8.0,12.0
GB,2024,6,ARI,1,47.0,5.5,20.75,26.25,1.75,1.0,0.0,0.0,3.0,0.0,13.0,10.0,15.0
GB,2024,7,HOU,1,48.0,3.0,22.5,25.5,2.5,1.25,4.0,0.0,1.0,0.0,22.0,6.0,9.0
GB,2024,8,JAX,0,49.0,3.5,22.75,26.25,1.25,1.25,1.0,1.0,1.0,0.0,27.0,5.0,7.5
GB,2024,9,DET,1,47.5,-2.5,25.0,22.5,3.5,0.25,1.0,0.0,0.0,0.0,24.0,1.0,1.5
GB,2024,11,CHI,0,41.0,6.0,17.5,23.5,5.25,0.5,3.0,0.0,0.0,0.0,19.0,4.0,6.0
GB,2024,12,SF,1,44.5,6.5,19.0,25.5,2.0,1.0,2.0,1.0,2.0,0.0,10.0,12.0,18.0
GB,2024,13,MIA,1,47.5,3.5,22.0,25.5,2.0,1.0,5.0,0.0,0.0,0.0,17.0,6.0,9.0
GB,2024,14,DET,0,53.0,-3.0,28.0,25.0,1.25,1.5,1.0,1.0,0.0,0.0,34.0,2.0,3.0
GB,2024,15,SEA,0,48.0,3.0,22.5,25.5,3.0,1.0,7.0,2.0,0.0,0.0,13.0,15.0,22.5
GB,2024,16,NO,1,44.0,14.0,15.0,29.0,1.5,1.0,3.0,1.0,1.0,0.0,0.0,17.0,25.5
GB,2024,17,MIN,0,49.0,1.0,24.0,25.0,3.5,0.5,1.0,1.0,0.0,0.0,27.0,3.0,4.5
GB,2024,18,CHI,1,41.5,10.0,15.75,25.75,4.5,1.25,1.0,1.0,1.0,0.0,24.0,5.0,7.5
GB,2024,19,PHI,0,45.5,-5.5,25.5,20.0,0.0,0.0,0.0,0.0,0.0,0.0,22.0,0.0,0.0
HOU,2020,1,KC,0,53.5,-9.5,31.5,22.0,0.0,0.0,1.0,0.0,0.0,0.0,34.0,0.0,0.0
HOU,2020,2,BAL,1,49.5,-7.5,28.5,21.0,2.0,1.0,4.0,0.0,0.0,0.0,33.0,3.0,4.5
HOU,2020,3,PIT,0,46.5,-4.0,25.25,21.25,1.5,1.0,2.0,0.0,0.0,0.0,28.0,1.0,1.5
HOU,2020,4,MIN,1,52.5,3.5,24.5,28.0,2.3333333333333335,2.3333333333333335,3.0,0.0,1.0,0.0,31.0,4.0,6.0
HOU,2020,5,JAX,1,55.0,6.5,24.25,30.75,3.25,1.25,4.0,0.0,2.0,0.0,14.0,9.0,13.5
HOU,2020,6,TEN,0,52.0,-4.0,28.0,24.0,1.0,0.25,2.0,1.0,1.0,0.0,42.0,2.0,3.0
HOU,2020,7,GB,1,55.5,-2.5,29.0,26.5,2.0,0.5,0.0,0.0,0.0,0.0,35.0,-4.0,-6.0
HOU,2020,9,JAX,0,49.0,7.0,21.0,28.0,3.25,1.5,2.0,1.0,0.0,0.0,25.0,4.0,6.0
HOU,2020,10,CLE,0,46.0,-4.5,25.25,20.75,1.25,1.5,1.0,0.0,0.0,0.0,10.0,5.0,7.5
HOU,2020,11,NE,1,49.5,-2.5,26.0,23.5,1.25,1.25,2.0,0.0,0.0,0.0,20.0,3.0,4.5
HOU,2020,12,DET,0,52.5,3.0,24.75,27.75,3.25,1.5,4.0,1.0,2.0,1.0,25.0,16.0,24.0
HOU,2020,13,IND,1,50.0,-3.5,26.75,23.25,1.0,1.25,3.0,0.0,0.0,0.0,26.0,3.0,4.5
HOU,2020,14,CHI,0,46.0,1.0,22.5,23.5,2.5,1.75,3.0,0.0,1.0,0.0,36.0,1.0,1.5
HOU,2020,15,IND,0,52.5,-7.5,30.0,22.5,1.5,0.75,1.0,0.0,0.0,0.0,27.0,1.0,1.5
HOU,2020,16,CIN,1,46.0,7.5,19.25,26.75,3.0,2.0,0.0,0.0,0.0,0.0,37.0,-4.0,-6.0
HOU,2020,17,TEN,1,55.5,-7.0,31.25,24.25,1.75,1.5,2.0,0.0,1.0,0.0,41.0,0.0,0.0
HOU,2021,1,JAX,1,45.5,-3.5,24.5,21.0,3.0,1.25,1.0,3.0,0.0,0.0,21.0,7.0,10.5
HOU,2021,2,CLE,0,48.5,-13.5,31.0,17.5,2.75,1.0,2.0,1.0,2.0,0.0,31.0,7.0,10.5
HOU,2021,3,CAR,1,43.0,-8.0,25.5,17.5,2.5,2.5,3.0,0.0,0.0,0.0,24.0,3.0,4.5
HOU,2021,4,BUF,0,47.5,-19.0,33.25,14.25,1.25,1.5,1.0,1.0,0.0,0.0,40.0,-1.0,-1.5
HOU,2021,5,NE,1,39.5,-8.0,23.75,15.75,2.5,1.75,1.0,1.0,1.0,0.0,25.0,5.0,7.5
HOU,2021,6,IND,0,43.5,-10.5,27.0,16.5,2.25,1.0,2.0,0.0,0.0,0.0,31.0,1.0,1.5
HOU,2021,7,ARI,0,47.0,-20.5,33.75,13.25,1.75,0.5,4.0,1.0,0.0,0.0,31.0,5.0,7.5
HOU,2021,8,LA,1,47.0,-17.0,32.0,15.0,1.0,1.25,1.0,0.0,0.0,0.0,38.0,-3.0,-4.5
HOU,2021,9,MIA,0,45.0,-4.0,24.5,20.5,1.5,1.75,4.0,2.0,2.0,0.0,17.0,13.0,19.5
HOU,2021,11,TEN,0,44.5,-10.5,27.5,17.0,2.25,1.25,2.0,4.0,0.0,0.0,13.0,14.0,21.0
HOU,2021,12,NYJ,1,44.5,3.0,20.75,23.75,1.75,2.75,4.0,1.0,0.0,0.0,21.0,6.0,9.0
HOU,2021,13,IND,1,45.5,-10.0,27.75,17.75,1.25,1.0,1.0,0.0,1.0,0.0,31.0,2.0,3.0
HOU,2021,14,SEA,1,40.5,-10.0,25.25,15.25,3.25,1.5,0.0,0.0,0.0,0.0,33.0,-1.0,-1.5
HOU,2021,15,JAX,0,40.0,-6.0,23.0,17.0,2.25,2.25,3.0,0.0,0.0,0.0,16.0,4.0,6.0
HOU,2021,16,LAC,1,46.0,-13.5,29.75,16.25,2.25,1.75,1.0,2.0,1.0,1.0,29.0,12.0,18.0
HOU,2021,17,SF,0,44.0,-14.0,29.0,15.0,2.0,2.0,1.0,1.0,0.0,0.0,23.0,3.0,4.5
HOU,2021,18,TEN,1,43.0,-10.5,26.75,16.25,3.25,1.0,1.0,0.0,0.0,0.0,28.0,0.0,0.0
HOU,2022,1,IND,1,46.0,-7.0,26.5,19.5,2.5,0.75,2.0,1.0,1.0,0.0,20.0,7.0,10.5
HOU,2022,2,DEN,0,46.0,-10.5,28.25,17.75,1.5,0.75,3.0,1.0,0.0,0.0,16.0,6.0,9.0
HOU,2022,3,CHI,0,40.0,-3.0,21.5,18.5,3.5,1.5,5.0,2.0,0.0,0.0,23.0,9.0,13.5
HOU,2022,4,LAC,1,45.0,-5.5,25.25,19.75,1.5,1.0,1.0,0.0,1.0,0.0,34.0,2.0,3.0
HOU,2022,5,JAX,0,44.0,-7.0,25.5,18.5,1.5,1.5,0.0,2.0,0.0,0.0,6.0,11.0,16.5
HOU,2022,7,LV,0,46.0,-7.0,26.5,19.5,1.5,0.5,1.0,0.0,0.0,0.0,38.0,-3.0,-4.5
HOU,2022,8,TEN,1,39.0,-1.0,20.0,19.0,2.75,0.5,3.0,1.0,0.0,0.0,17.0,6.0,9.0
HOU,2022,9,PHI,1,45.5,-14.0,29.75,15.75,2.75,0.25,4.0,0.0,1.0,0.0,29.0,5.0,7.5
HOU,2022,10,NYG,0,41.5,-5.5,23.5,18.0,2.75,0.25,3.0,0.0,0.0,0.0,24.0,3.0,4.5
HOU,2022,11,WAS,1,41.0,-3.0,22.0,19.0,2.25,1.5,0.0,0.0,0.0,0.0,23.0,0.0,0.0
HOU,2022,12,MIA,0,47.0,-14.0,30.5,16.5,0.75,0.25,5.0,0.0,1.0,0.0,30.0,6.0,9.0
HOU,2022,13,CLE,1,47.0,-7.5,27.25,19.75,2.5,1.25,1.0,1.0,2.0,0.0,27.0,7.0,10.5
HOU,2022,14,DAL,0,44.5,-17.0,30.75,13.75,0.75,1.5,1.0,2.0,0.0,0.0,27.0,5.0,7.5
HOU,2022,15,KC,1,48.5,-14.5,31.5,17.0,1.25,1.5,2.0,0.0,2.0,0.0,30.0,5.0,7.5
HOU,2022,16,TEN,0,34.0,-3.0,18.5,15.5,3.75,1.25,4.0,2.0,1.0,0.0,14.0,11.0,16.5
HOU,2022,17,JAX,1,43.0,-3.5,23.25,19.75,1.0,1.25,2.0,2.0,0.0,0.0,31.0,5.0,7.5
HOU,2022,18,IND,0,38.0,-3.0,20.5,17.5,3.75,2.5,2.0,2.0,1.0,1.0,31.0,13.0,19.5
HOU,2023,1,BAL,0,43.5,-9.5,26.5,17.0,2.0,1.75,4.0,1.0,1.0,0.0,25.0,8.0,12.0
HOU,2023,2,IND,1,40.0,-1.0,20.5,19.5,3.75,2.5,0.0,0.0,0.0,0.0,31.0,-1.0,-1.5
HOU,2023,3,JAX,0,43.5,-7.5,25.5,18.0,2.25,1.75,0.0,1.0,1.0,0.0,17.0,5.0,7.5
HOU,2023,4,PIT,1,41.5,-3.0,22.25,19.25,2.25,1.25,3.0,1.0,0.0,0.0,6.0,12.0,18.0
HOU,2023,5,ATL,0,42.0,-2.5,22.25,19.75,4.0,1.25,0.0,0.0,2.0,0.0,21.0,4.0,6.0
HOU,2023,6,NO,1,42.5,-2.0,22.25,20.25,3.25,1.0,2.0,1.0,0.0,0.0,13.0,8.0,12.0
HOU,2023,8,CAR,0,43.0,3.0,20.0,23.0,3.25,1.0,6.0,0.0,0.0,0.0,15.0,7.0,10.5
HOU,2023,9,TB,1,39.5,2.5,18.5,21.0,2.0,1.0,2.0,0.0,1.0,0.0,37.0,0.0,0.0
HOU,2023,10,CIN,0,46.0,-5.5,25.75,20.25,2.5,0.75,4.0,2.0,0.0,0.0,27.0,8.0,12.0
HOU,2023,11,ARI,1,48.0,5.5,21.25,26.75,3.75,1.75,3.0,1.0,0.0,0.0,16.0,6.0,9.0
HOU,2023,12,JAX,1,48.0,-1.0,24.5,23.5,2.25,2.25,0.0,1.0,0.0,0.0,24.0,2.0,3.0
HOU,2023,13,DEN,1,47.5,3.5,22.0,25.5,3.25,1.0,3.0,3.0,0.0,0.0,17.0,10.0,15.0
HOU,2023,14,NYJ,0,33.5,3.5,15.0,18.5,4.75,2.5,4.0,0.0,1.0,0.0,30.0,5.0,7.5
HOU,2023,15,TEN,0,38.0,-3.0,20.5,17.5,2.5,1.25,7.0,1.0,0.0,0.0,16.0,10.0,15.0
HOU,2023,16,CLE,1,40.0,-3.0,21.5,18.5,2.75,2.75,1.0,2.0,0.0,0.0,36.0,1.0,1.5
HOU,2023,17,TEN,1,44.0,5.0,19.5,24.5,5.0,1.25,6.0,0.0,1.0,1.0,3.0,21.0,31.5
HOU,2023,18,IND,0,47.5,1.5,23.0,24.5,3.25,0.5,1.0,0.0,1.0,0.0,19.0,4.0,6.0
HOU,2023,19,CLE,1,45.0,-2.5,23.75,21.25,0.0,0.0,0.0,0.0,0.0,0.0,14.0,1.0,1.5
HOU,2023,20,BAL,0,44.0,-10.0,27.0,17.0,0.0,0.0,0.0,0.0,0.0,0.0,34.0,-1.0,-1.5
HOU,2024,1,IND,0,49.0,3.0,23.0,26.0,2.75,0.5,2.0,1.0,0.0,0.0,27.0,4.0,6.0
HOU,2024,2,CHI,1,45.5,6.0,19.75,25.75,2.75,0.5,7.0,2.0,0.0,0.0,13.0,15.0,22.5
HOU,2024,3,MIN,0,46.0,2.0,22.0,24.0,3.25,2.25,4.0,0.0,0.0,0.0,34.0,3.0,4.5
HOU,2024,4,JAX,1,44.5,5.5,19.5,25.0,3.0,1.25,1.0,0.0,1.0,0.0,20.0,4.0,6.0
HOU,2024,5,BUF,1,48.0,1.0,23.5,24.5,1.25,0.5,1.0,0.0,0.0,0.0,20.0,2.0,3.0
HOU,2024,6,NE,0,38.5,6.5,16.0,22.5,4.5,1.0,4.0,2.0,2.0,0.0,21.0,12.0,18.0
HOU,2024,7,GB,0,48.0,-3.0,25.5,22.5,1.5,1.75,3.0,2.0,0.0,0.0,24.0,7.0,10.5
HOU,2024,8,IND,1,45.0,5.0,20.0,25.0,1.5,0.75,5.0,1.0,1.0,0.0,20.0,10.0,15.0
HOU,2024,9,NYJ,0,43.5,-2.5,23.0,20.5,2.0,1.5,2.0,0.0,1.0,0.0,21.0,4.0,6.0
HOU,2024,10,DET,1,49.0,-4.5,26.75,22.25,3.0,0.25,0.0,5.0,0.0,0.0,26.0,10.0,15.0
HOU,2024,11,DAL,0,41.5,7.5,17.0,24.5,3.0,3.0,5.0,1.0,1.0,1.0,10.0,19.0,28.5
HOU,2024,12,TEN,1,40.5,8.0,16.25,24.25,3.5,1.5,8.0,1.0,1.0,1.0,32.0,17.0,25.5
HOU,2024,13,JAX,0,44.5,3.5,20.5,24.0,1.75,2.0,0.0,1.0,0.0,0.0,20.0,3.0,4.5
HOU,2024,15,MIA,1,46.5,2.5,22.0,24.5,2.25,0.25,3.0,3.0,1.0,0.0,12.0,15.0,22.5
HOU,2024,16,KC,0,42.5,-3.5,23.0,19.5,3.25,0.25,1.0,0.0,0.0,0.0,27.0,1.0,1.5
HOU,2024,17,BAL,1,46.5,-5.5,26.0,20.5,2.0,0.5,1.0,0.0,0.0,0.0,31.0,0.0,0.0
HOU,2024,18,TEN,0,36.5,-2.5,19.5,17.0,1.75,2.5,2.0,0.0,1.0,1.0,14.0,11.0,16.5
HOU,2024,19,LAC,1,41.5,-3.0,22.25,19.25,0.0,0.0,0.0,0.0,0.0,0.0,12.0,4.0,6.0
HOU,2024,20,KC,0,41.5,-9.5,25.5,16.0,0.0,0.0,0.0,0.0,0.0,0.0,23.0,0.0,0.0
IND,2020,1,JAX,0,44.0,7.0,18.5,25.5,0.0,0.0,4.0,0.0,0.0,0.0,27.0,4.0,6.0
IND,2020,2,MIN,1,49.0,3.5,22.75,26.25,2.0,1.0,3.0,3.0,0.0,0.0,11.0,13.0,19.5
IND,2020,3,NYJ,1,44.0,12.5,15.75,28.25,2.0,1.0,2.0,3.0,0.0,2.0,7.0,24.0,36.0
IND,2020,4,CHI,0,43.5,3.5,20.0,23.5,2.3333333333333335,1.3333333333333333,1.0,1.0,0.0,0.0,11.0,7.0,10.5
IND,2020,5,CLE,0,48.5,-1.0,24.75,23.75,1.5,1.0,1.0,2.0,0.0,0.0,32.0,4.0,6.0
IND,2020,6,CIN,1,46.0,7.5,19.25,26.75,4.75,1.25,2.0,1.0,0.0,0.0,27.0,4.0,6.0
IND,2020,8,DET,0,49.0,3.5,22.75,26.25,2.25,0.5,5.0,1.0,1.0,1.0,21.0,15.0,22.5
IND,2020,9,BAL,1,48.0,1.0,23.5,24.5,2.25,1.75,2.0,0.0,1.0,0.0,24.0,4.0,6.0
IND,2020,10,TEN,0,49.0,1.0,24.0,25.0,2.0,0.75,1.0,0.0,0.0,1.0,17.0,8.0,12.0
IND,2020,11,GB,1,52.0,1.5,25.25,26.75,0.75,0.75,1.0,1.0,3.0,0.0,31.0,8.0,12.0
IND,2020,12,TEN,1,51.5,3.0,24.25,27.25,1.75,0.5,1.0,0.0,0.0,0.0,45.0,-3.0,-4.5
IND,2020,13,HOU,0,50.0,3.5,23.25,26.75,1.5,0.5,5.0,1.0,1.0,0.0,20.0,10.0,15.0
IND,2020,14,LV,0,51.5,2.5,24.5,27.0,1.75,2.0,0.0,2.0,1.0,1.0,27.0,12.0,18.0
IND,2020,15,HOU,1,52.5,7.5,22.5,30.0,3.5,1.0,5.0,0.0,2.0,0.0,20.0,10.0,15.0
IND,2020,16,PIT,0,43.0,1.0,21.0,22.0,0.5,1.75,1.0,0.0,0.0,0.0,28.0,0.0,0.0
IND,2020,17,JAX,1,48.0,15.5,16.25,31.75,2.0,2.0,6.0,0.0,1.0,0.0,14.0,9.0,13.5
IND,2020,18,BUF,0,50.5,-7.0,28.75,21.75,0.0,0.0,0.0,0.0,0.0,0.0,27.0,0.0,0.0
IND,2021,1,SEA,1,49.0,-3.0,26.0,23.0,2.0,0.5,3.0,0.0,1.0,0.0,28.0,4.0,6.0
IND,2021,2,LA,1,48.0,-4.0,26.0,22.0,2.25,1.0,1.0,1.0,1.0,1.0,27.0,11.0,16.5
IND,2021,3,TEN,0,47.0,-4.5,25.75,21.25,3.25,1.75,1.0,2.0,1.0,0.0,25.0,7.0,10.5
IND,2021,4,MIA,0,41.5,-2.5,22.0,19.5,2.75,1.75,3.0,0.0,2.0,0.0,17.0,8.0,12.0
IND,2021,5,BAL,0,46.5,-7.5,27.0,19.5,2.75,1.25,2.0,0.0,1.0,0.0,31.0,3.0,4.5
IND,2021,6,HOU,1,43.5,10.5,16.5,27.0,2.75,1.75,2.0,2.0,1.0,0.0,3.0,15.0,22.5
IND,2021,7,SF,0,41.5,-3.5,22.5,19.0,2.0,1.25,2.0,2.0,2.0,0.0,18.0,11.0,16.5
IND,2021,8,TEN,1,51.0,3.0,24.0,27.0,2.75,0.5,3.0,2.0,1.0,0.0,34.0,8.0,12.0
IND,2021,9,NYJ,1,46.0,10.5,17.75,28.25,1.75,2.0,2.0,1.0,1.0,0.0,30.0,5.0,7.5
IND,2021,10,JAX,1,47.5,10.5,18.5,29.0,1.75,1.25,3.0,0.0,1.0,1.0,17.0,12.0,18.0
IND,2021,11,BUF,0,49.5,-7.5,28.5,21.0,2.25,1.5,1.0,3.0,1.0,0.0,15.0,10.0,15.0
IND,2021,12,TB,1,53.0,-3.0,28.0,25.0,1.0,1.75,2.0,1.0,2.0,0.0,38.0,4.0,6.0
IND,2021,13,HOU,0,45.5,10.0,17.75,27.75,3.75,2.0,4.0,1.0,1.0,0.0,0.0,18.0,27.0
IND,2021,15,NE,1,46.0,-1.0,23.5,22.5,1.75,0.25,1.0,2.0,0.0,1.0,17.0,12.0,18.0
IND,2021,16,ARI,0,48.0,-3.0,25.5,22.5,2.25,0.75,0.0,0.0,0.0,0.0,16.0,1.0,1.5
IND,2021,17,LV,1,46.5,8.5,19.0,27.5,2.5,2.5,2.0,2.0,0.0,0.0,23.0,6.0,9.0
IND,2021,18,JAX,0,43.0,14.0,14.5,28.5,2.25,2.0,1.0,0.0,0.0,0.0,26.0,1.0,1.5
IND,2022,1,HOU,0,46.0,7.0,19.5,26.5,1.75,0.5,3.0,0.0,1.0,0.0,20.0,6.0,9.0
IND,2022,2,JAX,0,43.5,3.0,20.25,23.25,1.5,1.25,0.0,0.0,0.0,0.0,24.0,0.0,0.0
IND,2022,3,KC,1,51.0,-4.5,27.75,23.25,0.5,0.25,1.0,1.0,0.0,0.0,17.0,4.0,6.0
IND,2022,4,TEN,1,43.0,4.5,19.25,23.75,1.25,1.0,3.0,0.0,0.0,0.0,24.0,3.0,4.5
IND,2022,5,DEN,0,42.0,-3.5,22.75,19.25,3.0,1.0,4.0,2.0,0.0,0.0,9.0,12.0,18.0
IND,2022,6,JAX,1,41.0,1.0,20.0,21.0,1.0,1.75,4.0,0.0,1.0,0.0,27.0,6.0,9.0
IND,2022,7,TEN,0,43.0,-2.5,22.75,20.25,2.75,1.0,2.0,0.0,1.0,0.0,19.0,5.0,7.5
IND,2022,8,WAS,1,40.5,3.0,18.75,21.75,2.25,1.5,2.0,1.0,0.0,0.0,17.0,5.0,7.5
IND,2022,9,NE,0,40.0,-5.0,22.5,17.5,2.25,2.0,4.0,0.0,1.0,0.0,26.0,6.0,9.0
IND,2022,10,LV,0,41.0,-4.5,22.75,18.25,2.25,0.5,2.0,0.0,0.0,0.0,20.0,3.0,4.5
IND,2022,11,PHI,1,45.5,-6.5,26.0,19.5,3.0,1.25,3.0,0.0,2.0,0.0,17.0,8.0,12.0
IND,2022,12,PIT,1,40.0,2.5,18.75,21.25,4.0,1.25,3.0,0.0,0.0,0.0,24.0,3.0,4.5
IND,2022,13,DAL,0,44.5,-11.0,27.75,16.75,0.75,1.5,1.0,1.0,0.0,0.0,54.0,-1.0,-1.5
IND,2022,15,MIN,0,46.5,-3.5,25.0,21.5,3.5,1.0,7.0,2.0,1.0,2.0,39.0,21.0,31.5
IND,2022,16,LAC,1,44.5,-3.5,24.0,20.5,4.0,0.75,4.0,1.0,1.0,0.0,20.0,9.0,13.5
IND,2022,17,NYG,0,38.5,-5.5,22.0,16.5,3.5,1.0,0.0,0.0,1.0,0.0,38.0,-2.0,-3.0
IND,2022,18,HOU,1,38.0,3.0,17.5,20.5,1.0,1.5,1.0,2.0,1.0,1.0,32.0,12.0,18.0
IND,2023,1,JAX,1,45.5,-4.0,24.75,20.75,1.25,1.75,2.0,1.0,1.0,1.0,31.0,11.0,16.5
IND,2023,2,HOU,0,40.0,1.0,19.5,20.5,2.25,1.5,6.0,0.0,1.0,0.0,20.0,9.0,13.5
IND,2023,3,BAL,0,43.5,-7.5,25.5,18.0,2.25,1.75,4.0,0.0,2.0,0.0,19.0,9.0,13.5
IND,2023,4,LA,1,44.5,-1.0,22.75,21.75,3.0,1.25,2.0,1.0,0.0,0.0,29.0,3.0,4.5
IND,2023,5,TEN,1,43.5,-2.5,23.0,20.5,4.0,1.0,1.0,1.0,0.0,0.0,16.0,4.0,6.0
IND,2023,6,JAX,0,44.0,-4.0,24.0,20.0,2.75,1.5,3.0,1.0,0.0,0.0,37.0,1.0,1.5
IND,2023,7,CLE,1,40.0,-3.5,21.75,18.25,3.75,2.5,2.0,2.0,0.0,0.0,39.0,2.0,3.0
IND,2023,8,NO,1,43.5,-2.0,22.75,20.75,2.0,1.5,1.0,0.0,1.0,0.0,38.0,-1.0,-1.5
IND,2023,9,CAR,0,45.0,1.5,21.75,23.25,4.0,1.0,4.0,3.0,1.0,2.0,13.0,28.0,42.0
IND,2023,10,NE,0,42.0,1.0,20.5,21.5,2.0,1.0,5.0,2.0,0.0,0.0,6.0,16.0,24.0
IND,2023,12,TB,1,45.0,2.5,21.25,23.75,3.0,1.0,6.0,1.0,1.0,0.0,20.0,11.0,16.5
IND,2023,13,TEN,0,42.0,1.5,20.25,21.75,2.75,0.75,6.0,0.0,2.0,1.0,28.0,15.0,22.5
IND,2023,14,CIN,0,45.0,-3.0,24.0,21.0,3.75,1.0,0.0,1.0,1.0,1.0,34.0,9.0,13.5
IND,2023,15,PIT,1,41.5,1.5,20.0,21.5,1.75,0.75,4.0,2.0,1.0,0.0,13.0,14.0,21.0
IND,2023,16,ATL,0,44.0,-3.0,23.5,20.5,1.5,1.25,1.0,0.0,0.0,0.0,29.0,0.0,0.0
IND,2023,17,LV,1,42.5,3.5,19.5,23.0,2.0,1.0,2.0,0.0,0.0,0.0,20.0,3.0,4.5
IND,2023,18,HOU,1,47.5,-1.5,24.5,23.0,3.25,0.75,2.0,0.0,0.0,0.0,23.0,2.0,3.0
IND,2024,1,HOU,1,49.0,-3.0,26.0,23.0,2.5,0.75,4.0,0.0,0.0,0.0,29.0,3.0,4.5
IND,2024,2,GB,0,41.5,3.0,19.25,22.25,1.0,0.5,0.0,0.0,1.0,0.0,16.0,3.0,4.5
IND,2024,3,CHI,1,43.0,1.5,20.75,22.25,4.25,0.75,4.0,2.0,1.0,0.0,16.0,11.0,16.5
IND,2024,4,PIT,1,40.0,-2.5,21.25,18.75,2.25,0.75,4.0,0.0,2.0,0.0,24.0,8.0,12.0
IND,2024,5,JAX,0,45.0,-3.5,24.25,20.75,3.25,1.0,0.0,1.0,1.0,0.0,37.0,0.0,0.0
IND,2024,6,TEN,0,42.0,-2.5,22.25,19.75,4.0,2.25,0.0,1.0,0.0,0.0,17.0,3.0,4.5
IND,2024,7,MIA,1,44.0,3.0,20.5,23.5,3.25,1.5,2.0,0.0,2.0,0.0,10.0,10.0,15.0
IND,2024,8,HOU,0,45.0,-5.0,25.0,20.0,2.25,1.0,2.0,0.0,1.0,0.0,23.0,4.0,6.0
IND,2024,9,MIN,0,47.0,-6.5,26.75,20.25,3.25,1.25,4.0,2.0,1.0,1.0,21.0,16.0,24.0
IND,2024,10,BUF,1,46.5,-4.5,25.5,21.0,1.25,0.75,2.0,2.0,0.0,0.0,30.0,5.0,7.5
IND,2024,11,NYJ,0,43.0,-4.0,23.5,19.5,1.75,1.0,3.0,0.0,0.0,0.0,27.0,3.0,4.5
IND,2024,12,DET,1,50.5,-7.0,28.75,21.75,1.25,1.25,3.0,0.0,0.0,0.0,24.0,3.0,4.5
IND,2024,13,NE,0,41.5,2.5,19.5,22.0,3.0,2.0,4.0,1.0,0.0,0.0,24.0,6.0,9.0
IND,2024,15,DEN,0,43.5,-4.5,24.0,19.5,1.0,0.5,1.0,3.0,0.0,0.0,31.0,6.0,9.0
IND,2024,16,TEN,1,42.5,4.0,19.25,23.25,3.25,2.5,1.0,3.0,0.0,0.0,30.0,6.0,9.0
IND,2024,17,NYG,0,40.5,7.5,16.5,24.0,3.5,1.75,0.0,0.0,0.0,0.0,45.0,-4.0,-6.0
IND,2024,18,JAX,1,45.5,3.5,21.0,24.5,1.5,1.5,2.0,1.0,0.0,0.0,23.0,4.0,6.0
JAX,2020,1,IND,1,44.0,-7.0,25.5,18.5,0.0,0.0,1.0,2.0,0.0,0.0,20.0,6.0,9.0
JAX,2020,2,TEN,0,44.5,-7.0,25.75,18.75,1.0,0.0,1.0,0.0,0.0,0.0,33.0,0.0,0.0
JAX,2020,3,MIA,1,49.0,3.0,23.0,26.0,2.0,1.5,1.0,0.0,0.0,0.0,31.0,0.0,0.0
JAX,2020,4,CIN,0,50.0,-1.0,25.5,24.5,4.666666666666667,1.0,1.0,1.0,0.0,0.0,33.0,2.0,3.0
JAX,2020,5,HOU,0,55.0,-6.5,30.75,24.25,4.0,1.0,1.0,2.0,0.0,0.0,30.0,4.0,6.0
JAX,2020,6,DET,1,52.5,-3.0,27.75,24.75,3.0,0.75,0.0,1.0,0.0,0.0,34.0,1.0,1.5
JAX,2020,7,LAC,0,48.0,-8.0,28.0,20.0,2.25,1.75,1.0,0.0,0.0,1.0,39.0,3.0,4.5
JAX,2020,9,HOU,1,49.0,-7.0,28.0,21.0,2.25,0.75,2.0,0.0,1.0,0.0,27.0,4.0,6.0
JAX,2020,10,GB,0,47.0,-13.5,30.25,16.75,1.75,0.75,1.0,1.0,1.0,1.0,24.0,11.0,16.5
JAX,2020,11,PIT,1,47.0,-11.0,29.0,18.0,0.5,1.25,0.0,1.0,0.0,0.0,27.0,2.0,3.0
JAX,2020,12,CLE,1,48.5,-7.5,28.0,20.5,1.0,0.75,2.0,0.0,1.0,0.0,27.0,4.0,6.0
JAX,2020,13,MIN,0,51.0,-10.5,30.75,20.25,1.5,1.75,4.0,1.0,1.0,1.0,27.0,14.0,21.0
JAX,2020,14,TEN,1,53.0,-7.5,30.25,22.75,1.75,1.0,1.0,0.0,1.0,0.0,31.0,2.0,3.0
JAX,2020,15,BAL,0,49.5,-13.0,31.25,18.25,2.0,1.25,1.0,1.0,0.0,0.0,40.0,-1.0,-1.5
JAX,2020,16,CHI,1,47.0,-9.5,28.25,18.75,2.25,1.5,1.0,1.0,0.0,0.0,41.0,-1.0,-1.5
JAX,2020,17,IND,0,48.0,-15.5,31.75,16.25,2.25,0.5,0.0,1.0,0.0,0.0,28.0,1.0,1.5
JAX,2021,1,HOU,0,45.5,3.5,21.0,24.5,4.25,1.25,1.0,0.0,0.0,0.0,37.0,-3.0,-4.5
JAX,2021,2,DEN,1,45.0,-6.0,25.5,19.5,2.25,1.25,3.0,0.0,0.0,0.0,23.0,3.0,4.5
JAX,2021,3,ARI,1,51.5,-8.0,29.75,21.75,3.0,1.5,0.0,1.0,0.0,1.0,31.0,7.0,10.5
JAX,2021,4,CIN,0,46.0,-7.5,26.75,19.25,2.5,1.75,1.0,0.0,0.0,0.0,24.0,1.0,1.5
JAX,2021,5,TEN,1,49.0,-4.0,26.5,22.5,4.25,1.75,3.0,0.0,0.0,0.0,37.0,-1.0,-1.5
JAX,2021,6,MIA,1,47.5,-2.5,25.0,22.5,3.5,1.5,0.0,1.0,0.0,0.0,20.0,3.0,4.5
JAX,2021,8,SEA,0,44.0,-4.0,24.0,20.0,3.75,0.75,3.0,0.0,0.0,0.0,31.0,2.0,3.0
JAX,2021,9,BUF,1,48.0,-14.5,31.25,16.75,1.0,0.5,4.0,2.0,1.0,0.0,6.0,17.0,25.5
JAX,2021,10,IND,0,47.5,-10.5,29.0,18.5,1.25,1.0,1.0,0.0,0.0,0.0,23.0,1.0,1.5
JAX,2021,11,SF,1,45.0,-6.5,25.75,19.25,2.0,1.75,2.0,0.0,1.0,0.0,30.0,3.0,4.5
JAX,2021,12,ATL,1,46.0,-1.5,23.75,22.25,2.75,2.25,1.0,1.0,0.0,0.0,21.0,3.0,4.5
JAX,2021,13,LA,0,48.0,-14.0,31.0,17.0,2.5,1.75,1.0,0.0,0.0,0.0,37.0,-3.0,-4.5
JAX,2021,14,TEN,0,44.5,-8.5,26.5,18.0,2.25,2.25,4.0,0.0,0.0,0.0,20.0,5.0,7.5
JAX,2021,15,HOU,1,40.0,6.0,17.0,23.0,2.75,1.0,1.0,1.0,0.0,0.0,30.0,2.0,3.0
JAX,2021,16,NYJ,0,42.5,-2.5,22.5,20.0,3.75,0.75,1.0,0.0,0.0,0.0,26.0,1.0,1.5
JAX,2021,17,NE,0,42.0,-17.5,29.75,12.25,1.0,1.0,0.0,0.0,0.0,0.0,50.0,-4.0,-6.0
JAX,2021,18,IND,1,43.0,-14.0,28.5,14.5,1.25,0.5,6.0,1.0,1.0,0.0,11.0,14.0,21.0
JAX,2022,1,WAS,0,43.5,-3.0,23.25,20.25,3.25,0.75,1.0,2.0,1.0,0.0,28.0,6.0,9.0
JAX,2022,2,IND,1,43.5,-3.0,23.25,20.25,2.75,1.0,5.0,3.0,0.0,0.0,0.0,21.0,31.5
JAX,2022,3,LAC,0,46.0,-6.5,26.25,19.75,1.25,0.75,1.0,1.0,1.0,0.0,10.0,9.0,13.5
JAX,2022,4,PHI,0,44.0,-6.5,25.25,18.75,2.5,0.5,2.0,1.0,0.0,1.0,29.0,9.0,13.5
JAX,2022,5,HOU,1,44.0,7.0,18.5,25.5,2.75,1.25,1.0,0.0,0.0,0.0,13.0,5.0,7.5
JAX,2022,6,IND,0,41.0,-1.0,21.0,20.0,4.75,2.5,0.0,0.0,0.0,0.0,34.0,-1.0,-1.5
JAX,2022,7,NYG,1,44.0,3.0,20.5,23.5,2.75,1.0,1.0,0.0,0.0,0.0,23.0,1.0,1.5
JAX,2022,8,DEN,1,41.0,1.0,20.0,21.0,3.0,1.0,3.0,1.0,0.0,0.0,21.0,5.0,7.5
JAX,2022,9,LV,1,47.5,-2.5,25.0,22.5,2.25,0.25,2.0,0.0,1.0,0.0,20.0,5.0,7.5
JAX,2022,10,KC,0,51.5,-10.0,30.75,20.75,2.75,1.0,0.0,1.0,2.0,0.0,27.0,6.0,9.0
JAX,2022,12,BAL,1,43.0,-3.5,23.25,19.75,3.0,0.75,1.0,0.0,2.0,0.0,27.0,5.0,7.5
JAX,2022,13,DET,0,51.5,-1.0,26.25,25.25,1.0,0.75,2.0,0.0,0.0,0.0,40.0,-2.0,-3.0
JAX,2022,14,TEN,0,42.0,-3.0,22.5,19.5,2.75,0.5,4.0,1.0,3.0,0.0,22.0,12.0,18.0
JAX,2022,15,DAL,1,48.5,-4.0,26.25,22.25,0.5,1.25,3.0,2.0,0.0,1.0,34.0,12.0,18.0
JAX,2022,16,NYJ,0,36.5,-2.5,19.5,17.0,2.5,1.25,3.0,1.0,1.0,0.0,3.0,14.0,21.0
JAX,2022,17,HOU,0,43.0,3.5,19.75,23.25,0.5,2.0,2.0,0.0,1.0,1.0,3.0,17.0,25.5
JAX,2022,18,TEN,1,39.5,6.0,16.75,22.75,3.5,2.5,4.0,1.0,1.0,1.0,16.0,15.0,22.5
JAX,2022,19,LAC,1,46.5,-2.0,24.25,22.25,0.0,0.0,0.0,0.0,0.0,0.0,30.0,-1.0,-1.5
JAX,2022,20,KC,0,52.5,-10.0,31.25,21.25,0.0,0.0,0.0,0.0,0.0,0.0,27.0,0.0,0.0
JAX,2023,1,IND,0,45.5,4.0,20.75,24.75,3.5,2.0,4.0,1.0,2.0,0.0,21.0,10.0,15.0
JAX,2023,2,KC,1,50.5,-3.5,27.0,23.5,0.75,0.5,1.0,1.0,1.0,0.0,17.0,6.0,9.0
JAX,2023,3,HOU,1,43.5,7.5,18.0,25.5,3.5,1.5,0.0,0.0,0.0,0.0,37.0,-4.0,-6.0
JAX,2023,4,ATL,1,42.5,3.5,19.5,23.0,3.5,0.75,4.0,2.0,1.0,1.0,7.0,20.0,30.0
JAX,2023,5,BUF,0,48.5,-5.5,27.0,21.5,2.25,1.25,0.0,1.0,1.0,0.0,20.0,5.0,7.5
JAX,2023,6,IND,1,44.0,4.0,20.0,24.0,2.0,0.25,3.0,3.0,1.0,0.0,20.0,12.0,18.0
JAX,2023,7,NO,0,41.0,-2.5,21.75,19.25,2.75,1.0,1.0,1.0,1.0,1.0,24.0,11.0,16.5
JAX,2023,8,PIT,0,41.0,2.5,19.25,21.75,2.25,0.25,3.0,2.0,0.0,0.0,10.0,11.0,16.5
JAX,2023,10,SF,1,44.5,-3.0,23.75,20.75,1.75,2.0,2.0,0.0,0.0,0.0,34.0,1.0,1.5
JAX,2023,11,TEN,1,40.0,6.5,16.75,23.25,4.0,1.0,2.0,0.0,1.0,0.0,14.0,5.0,7.5
JAX,2023,12,HOU,0,48.0,1.0,23.5,24.5,2.5,2.25,4.0,0.0,0.0,0.0,21.0,4.0,6.0
JAX,2023,13,CIN,1,41.0,10.0,15.5,25.5,3.5,0.75,2.0,1.0,0.0,0.0,34.0,3.0,4.5
JAX,2023,14,CLE,0,37.5,-2.5,20.0,17.5,2.75,1.5,1.0,1.0,2.0,0.0,31.0,6.0,9.0
JAX,2023,15,BAL,1,42.5,-4.0,23.25,19.25,2.5,1.0,3.0,1.0,0.0,0.0,23.0,5.0,7.5
JAX,2023,16,TB,0,43.0,2.0,20.5,22.5,3.25,1.0,2.0,0.0,0.0,0.0,30.0,1.0,1.5
JAX,2023,17,CAR,1,38.0,3.5,17.25,20.75,3.25,0.75,6.0,1.0,0.0,0.0,0.0,18.0,27.0
JAX,2023,18,TEN,0,41.5,3.5,19.0,22.5,5.0,1.0,2.0,1.0,0.0,0.0,28.0,3.0,4.5
JAX,2024,1,MIA,0,49.5,-3.5,26.5,23.0,2.0,1.25,3.0,0.0,0.0,0.0,20.0,4.0,6.0
JAX,2024,2,CLE,1,41.5,3.0,19.25,22.25,2.75,2.25,2.0,0.0,0.0,0.0,18.0,3.0,4.5
JAX,2024,3,BUF,0,46.5,-4.0,25.25,21.25,1.5,1.25,0.0,0.0,0.0,0.0,47.0,-4.0,-6.0
JAX,2024,4,HOU,0,44.5,-5.5,25.0,19.5,3.5,0.75,2.0,0.0,0.0,0.0,24.0,2.0,3.0
JAX,2024,5,IND,1,45.0,3.5,20.75,24.25,1.5,1.5,4.0,0.0,1.0,0.0,34.0,5.0,7.5
JAX,2024,6,CHI,0,44.5,1.5,21.5,23.0,3.75,1.25,3.0,1.0,0.0,0.0,35.0,1.0,1.5
JAX,2024,7,NE,1,42.0,6.5,17.75,24.25,4.75,2.0,2.0,0.0,0.0,1.0,16.0,9.0,13.5
JAX,2024,8,GB,1,49.0,-3.5,26.25,22.75,1.5,2.25,1.0,1.0,0.0,0.0,30.0,2.0,3.0
JAX,2024,9,PHI,0,46.0,-7.5,26.75,19.25,3.0,0.25,3.0,0.0,2.0,1.0,28.0,12.0,18.0
JAX,2024,10,MIN,1,42.5,-7.0,24.75,17.75,3.75,1.5,1.0,3.0,0.0,0.0,12.0,11.0,16.5
JAX,2024,11,DET,0,47.5,-14.0,30.75,16.75,2.25,1.5,0.0,0.0,0.0,0.0,52.0,-4.0,-6.0
JAX,2024,13,HOU,1,44.5,-3.5,24.0,20.5,4.25,1.75,2.0,0.0,0.0,0.0,23.0,2.0,3.0
JAX,2024,14,TEN,0,40.0,-3.0,21.5,18.5,5.5,1.25,2.0,0.0,0.0,0.0,6.0,9.0,13.5
JAX,2024,15,NYJ,1,41.5,-3.5,22.5,19.0,2.75,0.75,1.0,0.0,0.0,0.0,32.0,0.0,0.0
JAX,2024,16,LV,0,41.5,-2.5,22.0,19.5,3.5,2.0,2.0,0.0,0.0,0.0,19.0,3.0,4.5
JAX,2024,17,TEN,1,38.0,-1.0,19.5,18.5,1.5,2.75,3.0,1.0,0.0,0.0,13.0,9.0,13.5
JAX,2024,18,IND,0,45.5,-3.5,24.5,21.0,1.25,2.75,3.0,0.0,0.0,0.0,26.0,3.0,4.5
KC,2020,1,HOU,1,53.5,9.5,22.0,31.5,0.0,0.0,4.0,1.0,0.0,0.0,20.0,7.0,10.5
KC,2020,2,LAC,0,47.0,8.5,19.25,27.75,2.0,0.0,2.0,1.0,0.0,0.0,20.0,5.0,7.5
KC,2020,3,BAL,0,55.0,-3.5,29.25,25.75,3.0,0.5,4.0,0.0,1.0,0.0,20.0,7.0,10.5
KC,2020,4,NE,1,52.5,7.0,22.75,29.75,1.6666666666666667,1.0,2.0,3.0,1.0,1.0,10.0,20.0,30.0
KC,2020,5,LV,1,54.5,11.0,21.75,32.75,1.75,1.5,1.0,1.0,0.0,0.0,40.0,-1.0,-1.5
KC,2020,6,BUF,0,55.0,5.5,24.75,30.25,1.75,1.5,0.0,1.0,0.0,0.0,17.0,3.0,4.5
KC,2020,7,DEN,0,46.0,7.0,19.5,26.5,3.75,2.25,3.0,2.0,2.0,1.0,16.0,18.0,27.0
KC,2020,8,NYJ,1,49.0,20.0,14.5,34.5,4.5,0.75,1.0,0.0,1.0,0.0,9.0,7.0,10.5
KC,2020,9,CAR,1,51.5,10.0,20.75,30.75,2.0,1.0,2.0,0.0,0.0,0.0,31.0,1.0,1.5
KC,2020,11,LV,0,56.5,7.5,24.5,32.0,1.5,0.75,0.0,1.0,0.0,0.0,31.0,1.0,1.5
KC,2020,12,TB,0,56.0,3.5,26.25,29.75,1.75,1.75,1.0,2.0,0.0,0.0,24.0,5.0,7.5
KC,2020,13,DEN,1,51.0,13.0,19.0,32.0,1.0,2.75,0.0,2.0,0.0,0.0,16.0,5.0,7.5
KC,2020,14,MIA,0,51.5,7.5,22.0,29.5,2.5,1.25,4.0,1.0,0.0,1.0,27.0,12.0,18.0
KC,2020,15,NO,0,53.5,2.5,25.5,28.0,3.25,1.25,1.0,1.0,0.0,0.0,29.0,2.0,3.0
KC,2020,16,ATL,1,54.0,11.0,21.5,32.5,2.25,1.25,4.0,0.0,1.0,0.0,14.0,7.0,10.5
KC,2020,17,LAC,1,43.0,-7.0,25.0,18.0,1.75,0.75,3.0,0.0,1.0,0.0,38.0,1.0,1.5
KC,2020,19,CLE,1,55.5,7.5,24.0,31.5,0.0,0.0,0.0,0.0,0.0,0.0,17.0,1.0,1.5
KC,2020,20,BUF,1,54.5,3.0,25.75,28.75,0.0,0.0,0.0,0.0,0.0,0.0,24.0,0.0,0.0
KC,2020,21,TB,0,55.0,3.0,26.0,29.0,0.0,0.0,0.0,0.0,0.0,0.0,31.0,-1.0,-1.5
KC,2021,1,CLE,1,54.5,5.5,24.5,30.0,2.25,0.75,2.0,1.0,1.0,0.0,29.0,5.0,7.5
KC,2021,2,BAL,0,53.5,3.5,25.0,28.5,1.0,1.25,1.0,2.0,0.0,1.0,36.0,7.0,10.5
KC,2021,3,LAC,1,55.0,6.5,24.25,30.75,2.25,1.25,1.0,0.0,0.0,0.0,30.0,0.0,0.0
KC,2021,4,PHI,0,53.5,7.5,23.0,30.5,2.0,1.25,3.0,0.0,0.0,0.0,30.0,2.0,3.0
KC,2021,5,BUF,1,57.0,2.5,27.25,29.75,1.25,1.25,0.0,0.0,0.0,0.0,38.0,-4.0,-6.0
KC,2021,6,WAS,0,54.0,6.0,24.0,30.0,1.25,1.5,0.0,1.0,1.0,0.0,13.0,8.0,12.0
KC,2021,7,TEN,0,57.5,4.0,26.75,30.75,2.75,1.0,1.0,1.0,0.0,0.0,27.0,3.0,4.5
KC,2021,8,NYG,1,53.0,10.5,21.25,31.75,1.5,1.75,3.0,1.0,0.0,0.0,17.0,6.0,9.0
KC,2021,9,GB,1,48.0,7.0,20.5,27.5,2.25,0.75,1.0,1.0,0.0,0.0,7.0,7.0,10.5
KC,2021,10,LV,0,53.5,2.5,25.5,28.0,1.5,1.25,2.0,1.0,2.0,0.0,14.0,9.0,13.5
KC,2021,11,DAL,1,56.0,2.5,26.75,29.25,1.25,1.5,5.0,2.0,1.0,0.0,9.0,15.0,22.5
KC,2021,13,DEN,1,46.5,8.5,19.0,27.5,2.5,1.0,1.0,2.0,0.0,1.0,9.0,15.0,22.5
KC,2021,14,LV,1,48.0,10.0,19.0,29.0,2.25,1.25,4.0,1.0,4.0,1.0,9.0,24.0,36.0
KC,2021,15,LAC,0,54.0,3.0,25.5,28.5,2.75,1.5,0.0,1.0,1.0,0.0,28.0,3.0,4.5
KC,2021,16,PIT,1,44.0,10.5,16.75,27.25,3.0,1.0,2.0,1.0,2.0,0.0,10.0,12.0,18.0
KC,2021,17,CIN,0,51.0,3.5,23.75,27.25,4.25,1.0,4.0,0.0,0.0,0.0,34.0,3.0,4.5
KC,2021,18,DEN,0,44.5,11.5,16.5,28.0,1.75,0.25,1.0,0.0,1.0,1.0,24.0,9.0,13.5
KC,2021,19,PIT,1,46.0,13.0,16.5,29.5,0.0,0.0,0.0,0.0,0.0,0.0,21.0,0.0,0.0
KC,2021,20,BUF,1,54.0,2.5,25.75,28.25,0.0,0.0,0.0,0.0,0.0,0.0,36.0,-4.0,-6.0
KC,2021,21,CIN,1,54.5,7.0,23.75,30.75,0.0,0.0,0.0,0.0,0.0,0.0,27.0,0.0,0.0
KC,2022,1,ARI,0,54.0,6.0,24.0,30.0,2.0,0.5,3.0,0.0,0.0,0.0,21.0,3.0,4.5
KC,2022,2,LAC,1,52.5,4.0,24.25,28.25,1.0,1.25,2.0,1.0,0.0,1.0,24.0,10.0,15.0
KC,2022,3,IND,0,51.0,4.5,23.25,27.75,3.5,1.75,5.0,0.0,2.0,0.0,20.0,10.0,15.0
KC,2022,4,TB,0,46.5,-1.0,23.75,22.75,1.75,1.0,1.0,0.0,2.0,0.0,31.0,4.0,6.0
KC,2022,5,LV,1,51.5,7.5,22.0,29.5,2.5,1.25,2.0,0.0,0.0,0.0,29.0,1.0,1.5
KC,2022,6,BUF,1,54.0,-2.5,28.25,25.75,1.5,1.5,1.0,0.0,1.0,0.0,24.0,3.0,4.5
KC,2022,7,SF,0,49.0,1.0,24.0,25.0,1.5,1.75,5.0,2.0,2.0,0.0,23.0,13.0,19.5
KC,2022,9,TEN,1,45.0,14.0,15.5,29.5,3.25,0.5,3.0,0.0,0.0,0.0,17.0,4.0,6.0
KC,2022,10,JAX,1,51.5,10.0,20.75,30.75,1.5,1.25,5.0,0.0,0.0,0.0,17.0,6.0,9.0
KC,2022,11,LAC,0,52.5,5.5,23.5,29.0,2.0,1.75,5.0,1.0,1.0,0.0,27.0,9.0,13.5
KC,2022,12,LA,1,42.0,16.5,12.75,29.25,3.25,0.5,3.0,2.0,1.0,0.0,10.0,13.0,19.5
KC,2022,13,CIN,0,53.0,2.5,25.25,27.75,2.5,1.0,1.0,0.0,0.0,0.0,27.0,1.0,1.5
KC,2022,14,DEN,0,44.5,8.5,18.0,26.5,3.5,1.0,6.0,2.0,0.0,1.0,28.0,15.0,22.5
KC,2022,15,HOU,0,48.5,14.5,17.0,31.5,2.5,2.75,1.0,0.0,1.0,0.0,24.0,3.0,4.5
KC,2022,16,SEA,1,50.5,10.5,20.0,30.5,3.25,1.75,2.0,1.0,0.0,0.0,10.0,8.0,12.0
KC,2022,17,DEN,1,46.0,13.5,16.25,29.75,5.25,2.0,4.0,1.0,2.0,0.0,24.0,10.0,15.0
KC,2022,18,LV,0,51.5,9.0,21.25,30.25,1.5,2.0,6.0,1.0,1.0,0.0,13.0,14.0,21.0
KC,2022,20,JAX,1,52.5,10.0,21.25,31.25,0.0,0.0,0.0,0.0,0.0,0.0,20.0,1.0,1.5
KC,2022,21,CIN,1,48.5,2.0,23.25,25.25,0.0,0.0,0.0,0.0,0.0,0.0,20.0,1.0,1.5
KC,2022,22,PHI,0,51.0,-1.0,26.0,25.0,0.0,0.0,0.0,0.0,0.0,0.0,35.0,-4.0,-6.0
KC,2023,1,DET,1,53.0,4.0,24.5,28.5,1.25,0.25,1.0,0.0,1.0,0.0,21.0,3.0,4.5
KC,2023,2,JAX,0,50.5,3.5,23.5,27.0,1.5,1.5,4.0,0.0,2.0,0.0,9.0,12.0,18.0
KC,2023,3,CHI,1,48.0,13.0,17.5,30.5,4.5,2.0,3.0,1.0,1.0,0.0,10.0,11.0,16.5
KC,2023,4,NYJ,0,41.5,9.5,16.0,25.5,2.25,1.25,2.0,0.0,1.0,0.0,20.0,5.0,7.5
KC,2023,5,MIN,0,52.5,3.5,24.5,28.0,2.5,2.5,3.0,0.0,1.0,0.0,20.0,6.0,9.0
KC,2023,6,DEN,1,47.5,10.5,18.5,29.0,3.25,2.0,4.0,2.0,1.0,0.0,8.0,14.0,21.0
KC,2023,7,LAC,1,48.5,5.5,21.5,27.0,1.75,1.0,5.0,2.0,0.0,0.0,17.0,10.0,15.0
KC,2023,8,DEN,0,45.5,7.0,19.25,26.25,2.5,1.5,6.0,0.0,2.0,0.0,24.0,10.0,15.0
KC,2023,9,MIA,1,51.0,1.0,25.0,26.0,1.75,1.75,3.0,0.0,1.0,1.0,14.0,12.0,18.0
KC,2023,11,PHI,1,46.0,2.5,21.75,24.25,2.5,2.0,5.0,1.0,0.0,0.0,21.0,7.0,10.5
KC,2023,12,LV,0,42.5,9.0,16.75,25.75,2.75,1.5,1.0,0.0,0.0,0.0,17.0,2.0,3.0
KC,2023,13,GB,0,43.5,5.5,19.0,24.5,2.0,1.0,2.0,0.0,0.0,0.0,27.0,2.0,3.0
KC,2023,14,BUF,1,49.5,2.0,23.75,25.75,0.75,2.0,3.0,1.0,0.0,0.0,20.0,6.0,9.0
KC,2023,15,NE,0,39.5,10.0,14.75,24.75,3.5,1.75,4.0,1.0,0.0,0.0,17.0,7.0,10.5
KC,2023,16,LV,1,40.5,11.0,14.75,25.75,2.0,1.75,2.0,0.0,0.0,0.0,20.0,3.0,4.5
KC,2023,17,CIN,1,46.0,7.5,19.25,26.75,2.5,1.75,6.0,0.0,0.0,0.0,17.0,7.0,10.5
KC,2023,18,LAC,0,35.0,-3.5,19.25,15.75,3.75,2.0,3.0,0.0,1.0,1.0,12.0,15.0,22.5
KC,2023,19,MIA,1,43.5,4.5,19.5,24.0,0.0,0.0,0.0,0.0,0.0,0.0,7.0,4.0,6.0
KC,2023,20,BUF,0,45.5,-2.5,24.0,21.5,0.0,0.0,0.0,0.0,0.0,0.0,24.0,0.0,0.0
KC,2023,21,BAL,0,44.0,-4.5,24.25,19.75,0.0,0.0,0.0,0.0,0.0,0.0,10.0,4.0,6.0
KC,2023,22,SF,1,47.0,-1.5,24.25,22.75,0.0,0.0,0.0,0.0,0.0,0.0,22.0,0.0,0.0
KC,2024,1,BAL,1,46.0,3.0,21.5,24.5,2.5,1.0,1.0,0.0,1.0,0.0,20.0,4.0,6.0
KC,2024,2,CIN,1,47.5,6.5,20.5,27.0,3.75,1.25,3.0,0.0,1.0,1.0,25.0,11.0,16.5
KC,2024,3,ATL,0,46.0,3.0,21.5,24.5,1.5,2.5,2.0,1.0,0.0,0.0,17.0,5.0,7.5
KC,2024,4,LAC,0,41.5,7.5,17.0,24.5,2.5,0.75,2.0,0.0,0.0,0.0,10.0,6.0,9.0
KC,2024,5,NO,1,43.0,5.5,18.75,24.25,1.0,0.75,1.0,1.0,0.0,0.0,13.0,7.0,10.5
KC,2024,7,SF,0,47.5,-2.5,25.0,22.5,1.0,1.5,1.0,3.0,0.0,0.0,18.0,8.0,12.0
KC,2024,8,LV,0,42.0,9.0,16.5,25.5,2.0,2.75,5.0,0.0,1.0,0.0,20.0,8.0,12.0
KC,2024,9,TB,1,45.5,9.0,18.25,27.25,1.25,2.25,2.0,0.0,0.0,0.0,24.0,2.0,3.0
KC,2024,10,DEN,1,42.5,7.5,17.5,25.0,2.0,1.5,2.0,0.0,0.0,0.0,14.0,3.0,4.5
KC,2024,11,BUF,0,46.5,-2.5,24.5,22.0,1.25,1.25,0.0,1.0,0.0,0.0,30.0,1.0,1.5
KC,2024,12,CAR,0,43.0,11.0,16.0,27.0,1.5,1.5,2.0,0.0,0.0,0.0,27.0,2.0,3.0
KC,2024,13,LV,1,42.0,13.5,14.25,27.75,4.5,1.5,3.0,0.0,1.0,0.0,17.0,6.0,9.0
KC,2024,14,LAC,1,43.5,5.0,19.25,24.25,2.75,0.5,3.0,0.0,0.0,0.0,17.0,4.0,6.0
KC,2024,15,CLE,0,41.5,4.5,18.5,23.0,2.5,2.0,5.0,4.0,1.0,0.0,7.0,19.0,28.5
KC,2024,16,HOU,1,42.5,3.5,19.5,23.0,2.75,1.25,2.0,2.0,0.0,0.0,19.0,7.0,10.5
KC,2024,17,PIT,0,43.5,3.0,20.25,23.25,2.0,1.75,5.0,1.0,1.0,0.0,10.0,13.0,19.5
KC,2024,18,DEN,0,40.5,-10.5,25.5,15.0,1.25,1.5,0.0,0.0,0.0,0.0,38.0,-4.0,-6.0
KC,2024,20,HOU,1,41.5,9.5,16.0,25.5,0.0,0.0,0.0,0.0,0.0,0.0,14.0,1.0,1.5
KC,2024,21,BUF,1,49.5,1.5,24.0,25.5,0.0,0.0,0.0,0.0,0.0,0.0,29.0,-1.0,-1.5
KC,2024,22,PHI,0,48.5,1.5,23.5,25.0,0.0,0.0,0.0,0.0,0.0,0.0,40.0,-4.0,-6.0
LA,2020,1,DAL,1,52.0,1.0,25.5,26.5,0.0,0.0,3.0,0.0,0.0,0.0,17.0,4.0,6.0
LA,2020,2,PHI,0,46.0,-2.0,24.0,22.0,8.0,3.0,0.0,2.0,2.0,0.0,19.0,9.0,13.5
LA,2020,3,BUF,0,46.5,-1.5,24.0,22.5,2.0,1.5,4.0,1.0,1.0,0.0,35.0,4.0,6.0
LA,2020,4,NYG,1,49.5,13.5,18.0,31.5,3.0,2.6666666666666665,5.0,1.0,0.0,0.0,9.0,11.0,16.5
LA,2020,5,WAS,0,45.0,7.0,19.0,26.0,3.25,1.75,8.0,0.0,0.0,0.0,10.0,12.0,18.0
LA,2020,6,SF,0,51.0,2.0,24.5,26.5,3.75,1.75,0.0,0.0,0.0,0.0,24.0,0.0,0.0
LA,2020,7,CHI,1,44.0,6.5,18.75,25.25,1.5,1.25,4.0,2.0,0.0,0.0,10.0,12.0,18.0
LA,2020,8,MIA,0,46.5,3.5,21.5,25.0,1.5,1.0,1.0,0.0,2.0,0.0,28.0,4.0,6.0
LA,2020,10,SEA,1,55.0,3.0,26.0,29.0,3.25,2.0,6.0,2.0,1.0,0.0,16.0,13.0,19.5
LA,2020,11,TB,0,47.5,-4.0,25.75,21.75,1.5,1.25,1.0,2.0,0.0,0.0,24.0,5.0,7.5
LA,2020,12,SF,1,44.5,5.0,19.75,24.75,1.75,2.25,2.0,1.0,2.0,1.0,23.0,14.0,21.0
LA,2020,13,ARI,0,49.0,2.5,23.25,25.75,2.25,1.0,2.0,1.0,2.0,1.0,28.0,13.0,19.5
LA,2020,14,NE,1,43.5,5.0,19.25,24.25,1.75,0.5,6.0,1.0,0.0,1.0,3.0,21.0,31.5
LA,2020,15,NYJ,1,44.5,17.5,13.5,31.0,2.5,1.75,2.0,0.0,0.0,0.0,23.0,2.0,3.0
LA,2020,16,SEA,0,48.0,-1.5,24.75,23.25,2.0,1.0,5.0,0.0,0.0,0.0,20.0,6.0,9.0
LA,2020,17,ARI,1,42.0,1.0,20.5,21.5,1.75,2.0,4.0,1.0,0.0,1.0,7.0,16.0,24.0
LA,2020,18,SEA,0,42.0,-3.0,22.5,19.5,0.0,0.0,0.0,0.0,0.0,0.0,20.0,1.0,1.5
LA,2020,19,GB,0,45.0,-7.0,26.0,19.0,0.0,0.0,0.0,0.0,0.0,0.0,32.0,-1.0,-1.5
LA,2021,1,CHI,1,46.0,9.5,18.25,27.75,1.5,1.5,3.0,1.0,1.0,0.0,14.0,8.0,12.0
LA,2021,2,IND,0,48.0,4.0,22.0,26.0,2.25,1.0,3.0,2.0,0.0,0.0,24.0,7.0,10.5
LA,2021,3,TB,1,55.0,-1.0,28.0,27.0,1.5,1.5,3.0,0.0,0.0,0.0,24.0,3.0,4.5
LA,2021,4,ARI,1,53.5,3.5,25.0,28.5,2.25,1.25,3.0,0.0,0.0,0.0,37.0,-1.0,-1.5
LA,2021,5,SEA,0,53.5,2.5,25.5,28.0,2.75,0.25,2.0,2.0,0.0,0.0,17.0,7.0,10.5
LA,2021,6,NYG,0,49.5,7.5,21.0,28.5,1.5,1.0,4.0,3.0,1.0,0.0,11.0,16.0,24.0
LA,2021,7,DET,1,51.0,17.0,17.0,34.0,2.75,1.25,2.0,2.0,0.0,0.0,19.0,7.0,10.5
LA,2021,8,HOU,0,47.0,17.0,15.0,32.0,2.5,2.5,5.0,1.0,0.0,0.0,22.0,7.0,10.5
LA,2021,9,TEN,1,53.5,7.0,23.25,30.25,1.75,1.25,3.0,1.0,0.0,0.0,28.0,4.0,6.0
LA,2021,10,SF,0,50.0,3.5,23.25,26.75,2.25,2.0,1.0,0.0,0.0,0.0,31.0,0.0,0.0
LA,2021,12,GB,0,47.0,2.0,22.5,24.5,1.25,0.75,1.0,0.0,1.0,0.0,36.0,-1.0,-1.5
LA,2021,13,JAX,1,48.0,14.0,17.0,31.0,2.25,1.25,2.0,0.0,2.0,0.0,7.0,10.0,15.0
LA,2021,14,ARI,0,51.0,-3.0,27.0,24.0,2.25,0.5,4.0,2.0,0.0,0.0,23.0,8.0,12.0
LA,2021,15,SEA,1,47.0,7.5,19.75,27.25,2.5,1.0,3.0,1.0,0.0,0.0,10.0,9.0,13.5
LA,2021,16,MIN,0,48.5,3.5,22.5,26.0,2.0,1.75,3.0,1.0,0.0,1.0,23.0,11.0,16.5
LA,2021,17,BAL,0,47.0,7.0,20.0,27.0,3.25,1.0,5.0,1.0,1.0,0.0,19.0,10.0,15.0
LA,2021,18,SF,1,46.5,3.0,21.75,24.75,2.0,1.5,3.0,2.0,0.0,0.0,27.0,7.0,10.5
LA,2021,19,ARI,1,49.5,4.0,22.75,26.75,0.0,0.0,0.0,0.0,0.0,0.0,11.0,4.0,6.0
LA,2021,20,TB,0,48.0,-2.5,25.25,22.75,0.0,0.0,0.0,0.0,0.0,0.0,27.0,0.0,0.0
LA,2021,21,SF,1,45.5,3.5,21.0,24.5,0.0,0.0,0.0,0.0,0.0,0.0,17.0,1.0,1.5
LA,2021,22,CIN,0,48.5,4.5,22.0,26.5,0.0,0.0,0.0,0.0,0.0,0.0,20.0,1.0,1.5
LA,2022,1,BUF,1,51.5,-1.0,26.25,25.25,1.25,1.0,2.0,2.0,2.0,0.0,31.0,9.0,13.5
LA,2022,2,ATL,1,46.5,10.5,18.0,28.5,2.75,1.75,3.0,2.0,1.0,0.0,27.0,9.0,13.5
LA,2022,3,ARI,0,49.0,3.5,22.75,26.25,2.5,0.5,2.0,0.0,0.0,0.0,12.0,6.0,9.0
LA,2022,4,SF,0,42.0,-1.0,21.5,20.5,2.5,2.0,0.0,0.0,0.0,0.0,24.0,0.0,0.0
LA,2022,5,DAL,1,42.0,5.5,18.25,23.75,1.5,0.5,3.0,0.0,0.0,0.0,22.0,3.0,4.5
LA,2022,6,CAR,1,41.5,10.0,15.75,25.75,3.25,1.5,2.0,1.0,0.0,0.0,10.0,8.0,12.0
LA,2022,8,SF,1,42.0,-1.0,21.5,20.5,1.75,2.0,3.0,0.0,0.0,0.0,31.0,2.0,3.0
LA,2022,9,TB,0,43.0,-3.0,23.0,20.0,1.5,0.0,1.0,0.0,0.0,0.0,16.0,2.0,3.0
LA,2022,10,ARI,1,38.0,3.5,17.25,20.75,4.25,1.25,2.0,0.0,0.0,0.0,27.0,2.0,3.0
LA,2022,11,NO,0,39.5,-2.5,21.0,18.5,1.5,1.5,4.0,0.0,0.0,0.0,27.0,4.0,6.0
LA,2022,12,KC,0,42.0,-16.5,29.25,12.75,1.5,1.5,0.0,1.0,0.0,0.0,26.0,2.0,3.0
LA,2022,13,SEA,1,41.0,-7.0,24.0,17.0,2.75,1.75,4.0,1.0,1.0,0.0,27.0,8.0,12.0
LA,2022,14,LV,1,42.5,-6.5,24.5,18.0,1.0,1.0,0.0,2.0,0.0,0.0,16.0,5.0,7.5
LA,2022,15,GB,0,39.5,-8.0,23.75,15.75,1.5,0.75,3.0,1.0,1.0,0.0,24.0,7.0,10.5
LA,2022,16,DEN,1,36.5,-3.0,19.75,16.75,4.5,1.75,6.0,4.0,0.0,1.0,14.0,21.0,31.5
LA,2022,17,LAC,0,41.5,-6.5,24.0,17.5,4.0,1.25,0.0,0.0,0.0,0.0,31.0,-1.0,-1.5
LA,2022,18,SEA,0,41.5,-5.5,23.5,18.0,3.0,1.0,3.0,2.0,0.0,0.0,19.0,8.0,12.0
LA,2023,1,SEA,0,45.0,-4.5,24.75,20.25,3.0,1.0,2.0,0.0,0.0,0.0,13.0,6.0,9.0
LA,2023,2,SF,1,45.0,-7.5,26.25,18.75,2.5,0.75,1.0,0.0,0.0,0.0,30.0,0.0,0.0
LA,2023,3,CIN,0,45.5,-3.0,24.25,21.25,1.75,1.25,2.0,1.0,0.0,0.0,19.0,5.0,7.5
LA,2023,4,IND,0,44.5,1.0,21.75,22.75,2.75,1.5,2.0,0.0,1.0,0.0,23.0,4.0,6.0
LA,2023,5,PHI,1,50.5,-3.5,27.0,23.5,2.75,1.25,1.0,1.0,0.0,0.0,23.0,3.0,4.5
LA,2023,6,ARI,1,48.0,7.0,20.5,27.5,1.5,0.75,2.0,1.0,2.0,0.0,9.0,12.0,18.0
LA,2023,7,PIT,1,44.0,3.5,20.25,23.75,2.25,0.75,2.0,0.0,0.0,0.0,24.0,2.0,3.0
LA,2023,8,DAL,0,44.5,-6.5,25.5,19.0,3.5,1.25,3.0,1.0,0.0,0.0,43.0,1.0,1.5
LA,2023,9,GB,0,38.0,-3.5,20.75,17.25,2.75,1.75,4.0,0.0,2.0,0.0,20.0,9.0,13.5
LA,2023,11,SEA,1,45.0,2.5,21.25,23.75,2.0,1.5,2.0,1.0,0.0,0.0,16.0,5.0,7.5
LA,2023,12,ARI,0,45.0,3.0,21.0,24.0,3.5,1.75,4.0,0.0,0.0,0.0,14.0,5.0,7.5
LA,2023,13,CLE,1,39.5,3.5,18.0,21.5,2.5,1.25,2.0,1.0,0.0,0.0,19.0,5.0,7.5
LA,2023,14,BAL,0,42.0,-7.5,24.75,17.25,2.25,1.25,2.0,1.0,0.0,0.0,37.0,0.0,0.0
LA,2023,15,WAS,1,48.5,6.5,21.0,27.5,3.5,2.25,1.0,1.0,0.0,0.0,20.0,4.0,6.0
LA,2023,16,NO,1,45.5,4.0,20.75,24.75,1.25,1.25,2.0,1.0,0.0,0.0,22.0,4.0,6.0
LA,2023,17,NYG,0,43.5,6.0,18.75,24.75,3.5,1.0,6.0,1.0,0.0,0.0,25.0,8.0,12.0
LA,2023,18,SF,0,40.0,-5.5,22.75,17.25,2.0,1.75,3.0,0.0,1.0,0.0,20.0,6.0,9.0
LA,2023,19,DET,0,52.5,-3.5,28.0,24.5,0.0,0.0,0.0,0.0,0.0,0.0,24.0,0.0,0.0
LA,2024,1,DET,0,54.0,-5.0,29.5,24.5,1.25,0.75,2.0,1.0,0.0,0.0,26.0,4.0,6.0
LA,2024,2,ARI,0,47.5,1.0,23.25,24.25,2.0,0.5,1.0,0.0,1.0,0.0,41.0,-1.0,-1.5
LA,2024,3,SF,1,44.5,-6.0,25.25,19.25,3.25,0.75,1.0,0.0,1.0,0.0,24.0,3.0,4.5
LA,2024,4,CHI,0,40.0,-3.0,21.5,18.5,4.5,1.5,3.0,0.0,0.0,0.0,24.0,3.0,4.5
LA,2024,5,GB,1,49.5,-3.0,26.25,23.25,1.5,1.75,2.0,1.0,0.0,1.0,24.0,10.0,15.0
LA,2024,7,LV,1,43.0,7.0,18.0,25.0,2.25,2.0,2.0,3.0,1.0,1.0,15.0,17.0,25.5
LA,2024,8,MIN,1,47.5,-3.0,25.25,22.25,3.5,1.25,3.0,0.0,0.0,0.0,20.0,4.0,6.0
LA,2024,9,SEA,0,48.5,1.5,23.5,25.0,2.5,1.25,7.0,3.0,0.0,1.0,20.0,20.0,30.0
LA,2024,10,MIA,1,49.5,2.5,23.5,26.0,1.75,1.25,3.0,1.0,1.0,0.0,23.0,7.0,10.5
LA,2024,11,NE,0,42.5,4.0,19.25,23.25,2.25,1.0,3.0,1.0,1.0,0.0,22.0,7.0,10.5
LA,2024,12,PHI,1,49.0,-3.0,26.0,23.0,2.5,1.0,1.0,0.0,0.0,0.0,37.0,-3.0,-4.5
LA,2024,13,NO,0,48.5,2.5,23.0,25.5,1.75,0.5,0.0,0.0,0.0,0.0,14.0,1.0,1.5
LA,2024,14,BUF,1,49.5,-3.5,26.5,23.0,0.75,1.0,0.0,0.0,0.0,1.0,42.0,2.0,3.0
LA,2024,15,SF,0,48.5,-3.0,25.75,22.75,1.75,2.0,3.0,1.0,0.0,0.0,6.0,12.0,18.0
LA,2024,16,NYJ,0,47.0,3.0,22.0,25.0,2.25,0.5,1.0,0.0,1.0,0.0,9.0,7.0,10.5
LA,2024,17,ARI,1,48.0,6.5,20.75,27.25,1.5,1.5,4.0,2.0,0.0,0.0,9.0,12.0,18.0
LA,2024,18,SEA,1,38.5,-7.5,23.0,15.5,3.0,1.25,2.0,0.0,0.0,0.0,30.0,1.0,1.5
LA,2024,19,MIN,1,47.5,-2.5,25.0,22.5,0.0,0.0,0.0,0.0,0.0,0.0,9.0,4.0,6.0
LA,2024,20,PHI,0,43.5,-7.0,25.25,18.25,0.0,0.0,0.0,0.0,0.0,0.0,28.0,-1.0,-1.5
LAC,2020,1,CIN,0,41.5,2.5,19.5,22.0,0.0,0.0,3.0,1.0,1.0,0.0,13.0,11.0,16.5
LAC,2020,2,KC,1,47.0,-8.5,27.75,19.25,1.0,0.0,1.0,0.0,0.0,0.0,23.0,1.0,1.5
LAC,2020,3,CAR,1,43.5,6.0,18.75,24.75,3.0,2.0,2.0,0.0,0.0,0.0,21.0,2.0,3.0
LAC,2020,4,TB,0,42.5,-7.5,25.0,17.5,1.6666666666666667,1.6666666666666667,0.0,1.0,0.0,1.0,38.0,4.0,6.0
LAC,2020,5,NO,0,49.5,-7.0,28.25,21.25,1.25,0.75,2.0,1.0,0.0,0.0,30.0,3.0,4.5
LAC,2020,7,JAX,1,48.0,8.0,20.0,28.0,3.0,1.75,5.0,0.0,1.0,0.0,29.0,6.0,9.0
LAC,2020,8,DEN,0,44.5,3.0,20.75,23.75,2.75,2.75,2.0,1.0,0.0,0.0,31.0,3.0,4.5
LAC,2020,9,LV,1,52.5,-1.0,26.75,25.75,2.0,1.0,1.0,0.0,2.0,0.0,31.0,4.0,6.0
LAC,2020,10,MIA,0,48.5,-1.0,24.75,23.75,2.0,1.0,0.0,0.0,1.0,0.0,29.0,1.0,1.5
LAC,2020,11,NYJ,1,47.0,10.0,18.5,28.5,2.75,1.25,1.0,1.0,0.0,1.0,28.0,8.0,12.0
LAC,2020,12,BUF,0,51.0,-4.5,27.75,23.25,2.5,1.0,3.0,1.0,2.0,0.0,27.0,9.0,13.5
LAC,2020,13,NE,1,47.0,2.5,22.25,24.75,1.5,0.5,1.0,0.0,0.0,0.0,45.0,-3.0,-4.5
LAC,2020,14,ATL,1,49.0,1.0,24.0,25.0,3.5,1.25,2.0,3.0,0.0,0.0,17.0,9.0,13.5
LAC,2020,15,LV,0,52.0,-3.5,27.75,24.25,1.75,2.75,1.0,1.0,0.0,0.0,27.0,3.0,4.5
LAC,2020,16,DEN,1,47.5,2.5,22.5,25.0,1.25,2.0,2.0,2.0,0.0,0.0,16.0,7.0,10.5
LAC,2020,17,KC,0,43.0,7.0,18.0,25.0,2.0,1.75,1.0,0.0,0.0,0.0,21.0,1.0,1.5
LAC,2021,1,WAS,0,45.5,-2.5,24.0,21.5,3.0,2.0,1.0,0.0,1.0,0.0,16.0,4.0,6.0
LAC,2021,2,DAL,1,55.0,3.0,26.0,29.0,2.75,1.0,2.0,1.0,0.0,0.0,20.0,5.0,7.5
LAC,2021,3,KC,0,55.0,-6.5,30.75,24.25,0.75,1.0,2.0,2.0,2.0,0.0,24.0,10.0,15.0
LAC,2021,4,LV,1,52.0,3.0,24.5,27.5,2.75,1.5,4.0,1.0,0.0,0.0,14.0,7.0,10.5
LAC,2021,5,CLE,1,46.5,2.5,22.0,24.5,3.0,1.25,1.0,0.0,0.0,0.0,42.0,-3.0,-4.5
LAC,2021,6,BAL,0,50.5,-3.0,26.75,23.75,2.5,1.0,3.0,2.0,0.0,0.0,34.0,6.0,9.0
LAC,2021,8,NE,1,50.5,3.5,23.5,27.0,2.0,1.5,1.0,0.0,1.0,0.0,27.0,3.0,4.5
LAC,2021,9,PHI,0,49.5,1.0,24.25,25.25,1.5,1.25,1.0,0.0,0.0,0.0,24.0,1.0,1.5
LAC,2021,10,MIN,1,53.5,3.0,25.25,28.25,0.75,0.75,2.0,0.0,1.0,0.0,27.0,4.0,6.0
LAC,2021,11,PIT,1,47.5,5.5,21.0,26.5,1.75,1.0,3.0,0.0,0.0,0.0,37.0,-1.0,-1.5
LAC,2021,12,DEN,0,47.5,2.5,22.5,25.0,2.75,1.0,1.0,1.0,0.0,0.0,28.0,2.0,3.0
LAC,2021,13,CIN,0,49.5,-2.5,26.0,23.5,3.25,1.5,6.0,2.0,2.0,1.0,22.0,20.0,30.0
LAC,2021,14,NYG,1,44.0,9.5,17.25,26.75,2.25,1.25,2.0,1.0,1.0,0.0,21.0,6.0,9.0
LAC,2021,15,KC,1,54.0,-3.0,28.5,25.5,1.75,1.0,1.0,1.0,1.0,0.0,34.0,4.0,6.0
LAC,2021,16,HOU,0,46.0,13.5,16.25,29.75,3.0,1.0,1.0,0.0,0.0,0.0,41.0,-3.0,-4.5
LAC,2021,17,DEN,1,45.5,8.0,18.75,26.75,1.75,0.75,1.0,0.0,0.0,0.0,13.0,5.0,7.5
LAC,2021,18,LV,0,48.0,3.5,22.25,25.75,2.5,3.0,3.0,0.0,1.0,0.0,35.0,1.0,1.5
LAC,2022,1,LV,1,52.5,3.5,24.5,28.0,2.25,2.0,6.0,3.0,0.0,0.0,19.0,13.0,19.5
LAC,2022,2,KC,0,52.5,-4.0,28.25,24.25,0.75,0.25,1.0,0.0,0.0,0.0,27.0,1.0,1.5
LAC,2022,3,JAX,1,46.0,6.5,19.75,26.25,1.25,1.0,0.0,0.0,0.0,0.0,38.0,-4.0,-6.0
LAC,2022,4,HOU,0,45.0,5.5,19.75,25.25,2.25,0.75,4.0,2.0,0.0,0.0,24.0,8.0,12.0
LAC,2022,5,CLE,0,47.0,1.0,23.0,24.0,1.25,0.75,0.0,1.0,0.0,0.0,28.0,1.0,1.5
LAC,2022,6,DEN,1,45.5,3.5,21.0,24.5,3.5,1.0,4.0,0.0,0.0,0.0,16.0,5.0,7.5
LAC,2022,7,SEA,1,51.5,5.5,23.0,28.5,2.5,0.75,2.0,1.0,1.0,0.0,37.0,2.0,3.0
LAC,2022,9,ATL,0,49.5,2.5,23.5,26.0,3.0,0.5,2.0,0.0,1.0,0.0,17.0,5.0,7.5
LAC,2022,10,SF,0,45.5,-8.5,27.0,18.5,2.5,2.0,1.0,0.0,1.0,0.0,22.0,3.0,4.5
LAC,2022,11,KC,1,52.5,-5.5,29.0,23.5,2.0,1.75,1.0,0.0,1.0,0.0,30.0,2.0,3.0
LAC,2022,12,ARI,0,48.5,2.5,23.0,25.5,3.5,1.25,1.0,1.0,1.0,0.0,24.0,5.0,7.5
LAC,2022,13,LV,0,49.0,-2.5,25.75,23.25,1.5,0.75,0.0,1.0,1.0,1.0,27.0,10.0,15.0
LAC,2022,14,MIA,1,54.5,-3.0,28.75,25.75,2.25,1.25,2.0,0.0,0.0,0.0,17.0,3.0,4.5
LAC,2022,15,TEN,1,46.5,3.0,21.75,24.75,3.5,1.25,4.0,1.0,0.0,0.0,14.0,7.0,10.5
LAC,2022,16,IND,0,44.5,3.5,20.5,24.0,3.25,2.25,7.0,3.0,0.0,0.0,3.0,20.0,30.0
LAC,2022,17,LA,1,41.5,6.5,17.5,24.0,3.25,1.0,3.0,0.0,1.0,0.0,10.0,9.0,13.5
LAC,2022,18,DEN,0,38.5,-6.0,22.25,16.25,5.75,2.75,2.0,1.0,0.0,0.0,31.0,3.0,4.5
LAC,2022,19,JAX,0,46.5,2.0,22.25,24.25,0.0,0.0,0.0,0.0,0.0,0.0,31.0,-1.0,-1.5
LAC,2023,1,MIA,1,50.5,3.0,23.75,26.75,1.75,1.5,0.0,1.0,1.0,0.0,36.0,0.0,0.0
LAC,2023,2,TEN,0,45.5,2.5,21.5,24.0,3.25,2.5,5.0,0.0,0.0,0.0,27.0,5.0,7.5
LAC,2023,3,MIN,0,54.0,-1.0,27.5,26.5,1.5,3.0,4.0,1.0,1.0,0.0,24.0,8.0,12.0
LAC,2023,4,LV,1,49.0,7.0,21.0,28.0,2.5,2.25,7.0,1.0,2.0,0.0,17.0,14.0,21.0
LAC,2023,6,DAL,1,49.5,-1.5,25.5,24.0,2.5,1.25,5.0,0.0,0.0,0.0,20.0,6.0,9.0
LAC,2023,7,KC,0,48.5,-5.5,27.0,21.5,1.25,1.25,1.0,1.0,1.0,0.0,31.0,4.0,6.0
LAC,2023,8,CHI,1,46.0,9.5,18.25,27.75,3.5,1.25,1.0,2.0,0.0,0.0,13.0,9.0,13.5
LAC,2023,9,NYJ,0,41.0,3.0,19.0,22.0,3.75,1.25,8.0,0.0,3.0,1.0,6.0,27.0,40.5
LAC,2023,10,DET,1,48.5,-2.5,25.5,23.0,2.75,1.0,0.0,0.0,0.0,0.0,41.0,-4.0,-6.0
LAC,2023,11,GB,0,44.0,3.0,20.5,23.5,2.25,1.5,3.0,0.0,0.0,0.0,23.0,3.0,4.5
LAC,2023,12,BAL,1,49.0,-3.0,26.0,23.0,2.75,1.25,2.0,0.0,0.0,0.0,20.0,3.0,4.5
LAC,2023,13,NE,0,38.5,4.5,17.0,21.5,2.5,1.75,5.0,0.0,1.0,0.0,0.0,17.0,25.5
LAC,2023,14,DEN,1,45.0,3.0,21.0,24.0,2.5,1.25,2.0,1.0,0.0,0.0,24.0,4.0,6.0
LAC,2023,15,LV,0,36.0,-3.0,19.5,16.5,2.5,2.0,1.0,0.0,1.0,0.0,63.0,-1.0,-1.5
LAC,2023,16,BUF,1,44.5,-13.0,28.75,15.75,1.5,0.75,1.0,1.0,1.0,0.0,24.0,5.0,7.5
LAC,2023,17,DEN,0,39.5,-3.5,21.5,18.0,3.0,1.75,2.0,0.0,0.0,0.0,16.0,3.0,4.5
LAC,2023,18,KC,1,35.0,3.5,15.75,19.25,2.5,1.75,1.0,1.0,0.0,0.0,13.0,7.0,10.5
LAC,2024,1,LV,1,41.0,3.0,19.0,22.0,2.0,0.25,4.0,1.0,2.0,0.0,10.0,14.0,21.0
LAC,2024,2,CAR,0,39.0,5.0,17.0,22.0,3.75,1.75,2.0,1.0,0.0,0.0,3.0,11.0,16.5
LAC,2024,3,PIT,0,36.0,-3.0,19.5,16.5,2.0,0.5,2.0,1.0,0.0,0.0,20.0,5.0,7.5
LAC,2024,4,KC,1,41.5,-7.5,24.5,17.0,1.25,1.5,3.0,1.0,1.0,0.0,17.0,8.0,12.0
LAC,2024,6,DEN,0,37.0,3.0,17.0,20.0,1.25,1.0,2.0,1.0,1.0,0.0,16.0,7.0,10.5
LAC,2024,7,ARI,0,44.0,1.0,21.5,22.5,1.5,1.5,0.0,1.0,1.0,0.0,17.0,5.0,7.5
LAC,2024,8,NO,1,41.5,7.0,17.25,24.25,3.25,1.75,5.0,0.0,0.0,0.0,8.0,9.0,13.5
LAC,2024,9,CLE,0,42.5,2.0,20.25,22.25,4.5,1.0,6.0,3.0,0.0,0.0,10.0,16.0,24.0
LAC,2024,10,TEN,1,40.0,8.0,16.0,24.0,1.25,2.0,7.0,0.0,0.0,0.0,17.0,8.0,12.0
LAC,2024,11,CIN,1,48.0,1.0,23.5,24.5,2.0,1.0,3.0,0.0,0.0,0.0,27.0,3.0,4.5
LAC,2024,12,BAL,1,51.0,-3.0,27.0,24.0,1.5,0.75,1.0,0.0,0.0,0.0,30.0,0.0,0.0
LAC,2024,13,ATL,0,47.0,1.0,23.0,24.0,2.75,0.75,1.0,4.0,0.0,1.0,13.0,19.0,28.5
LAC,2024,14,KC,0,43.5,-5.0,24.25,19.25,4.0,0.5,3.0,0.0,0.0,0.0,19.0,4.0,6.0
LAC,2024,15,TB,1,46.0,3.0,21.5,24.5,2.5,1.75,1.0,1.0,1.0,0.0,40.0,1.0,1.5
LAC,2024,16,DEN,1,41.5,3.0,19.25,22.25,0.75,1.25,2.0,0.0,0.0,0.0,27.0,2.0,3.0
LAC,2024,17,NE,0,42.0,6.0,18.0,24.0,3.0,1.75,4.0,0.0,1.0,0.0,7.0,10.0,15.0
LAC,2024,18,LV,0,42.5,7.0,17.75,24.75,2.25,1.25,0.0,1.0,0.0,0.0,20.0,3.0,4.5
LAC,2024,19,HOU,0,41.5,3.0,19.25,22.25,0.0,0.0,0.0,0.0,0.0,0.0,32.0,-1.0,-1.5
LV,2020,1,CAR,0,48.0,3.0,22.5,25.5,0.0,0.0,1.0,0.0,0.0,0.0,30.0,0.0,0.0
LV,2020,2,NO,1,47.5,-4.0,25.75,21.75,1.0,0.0,0.0,1.0,0.0,0.0,24.0,2.0,3.0
LV,2020,3,NE,0,47.0,-7.0,27.0,20.0,1.5,1.0,2.0,1.0,0.0,0.0,36.0,0.0,0.0
LV,2020,4,BUF,1,53.0,-3.0,28.0,25.0,2.6666666666666665,1.6666666666666667,1.0,0.0,0.0,0.0,30.0,0.0,0.0
LV,2020,5,KC,0,54.5,-11.0,32.75,21.75,0.75,0.5,3.0,1.0,0.0,0.0,32.0,4.0,6.0
LV,2020,7,TB,1,51.5,-3.5,27.5,24.0,1.25,0.5,0.0,0.0,0.0,0.0,45.0,-4.0,-6.0
LV,2020,8,CLE,0,48.0,-1.0,24.5,23.5,1.75,1.25,0.0,0.0,1.0,0.0,6.0,9.0,13.5
LV,2020,9,LAC,0,52.5,1.0,25.75,26.75,2.0,1.0,2.0,0.0,0.0,0.0,26.0,2.0,3.0
LV,2020,10,DEN,1,50.5,3.5,23.5,27.0,2.0,2.0,2.0,4.0,1.0,0.0,12.0,16.0,24.0
LV,2020,11,KC,1,56.5,-7.5,32.0,24.5,1.75,0.75,0.0,1.0,0.0,0.0,35.0,-2.0,-3.0
LV,2020,12,ATL,0,53.0,3.5,24.75,28.25,3.5,1.25,1.0,1.0,0.0,0.0,43.0,-1.0,-1.5
LV,2020,13,NYJ,0,48.0,7.5,20.25,27.75,1.5,1.25,3.0,1.0,2.0,0.0,28.0,8.0,12.0
LV,2020,14,IND,1,51.5,-2.5,27.0,24.5,1.75,0.75,0.0,0.0,0.0,0.0,44.0,-4.0,-6.0
LV,2020,15,LAC,1,52.0,3.5,24.25,27.75,2.5,1.25,1.0,0.0,0.0,0.0,30.0,0.0,0.0
LV,2020,16,MIA,1,50.0,-2.0,26.0,24.0,2.5,1.25,3.0,0.0,0.0,0.0,26.0,3.0,4.5
LV,2020,17,DEN,0,50.5,2.5,24.0,26.5,1.5,1.75,2.0,0.0,0.0,0.0,31.0,1.0,1.5
LV,2021,1,BAL,1,50.5,-3.0,26.75,23.75,1.25,0.75,3.0,0.0,2.0,0.0,27.0,7.0,10.5
LV,2021,2,PIT,0,46.5,-5.5,26.0,20.5,1.25,1.0,2.0,1.0,0.0,0.0,17.0,5.0,7.5
LV,2021,3,MIA,1,45.0,4.0,20.5,24.5,3.0,1.75,2.0,0.0,0.0,0.0,28.0,1.0,1.5
LV,2021,4,LAC,0,52.0,-3.0,27.5,24.5,2.0,1.25,2.0,0.0,0.0,0.0,28.0,1.0,1.5
LV,2021,5,CHI,1,46.0,5.5,20.25,25.75,4.0,1.0,2.0,0.0,0.0,0.0,20.0,3.0,4.5
LV,2021,6,DEN,0,45.5,-5.0,25.25,20.25,3.0,0.75,5.0,3.0,1.0,0.0,24.0,13.0,19.5
LV,2021,7,PHI,1,48.0,1.0,23.5,24.5,2.25,1.25,2.0,0.0,2.0,0.0,22.0,6.0,9.0
LV,2021,9,NYG,0,47.0,3.0,22.0,25.0,2.25,1.75,3.0,0.0,1.0,0.0,23.0,5.0,7.5
LV,2021,10,KC,1,53.5,-2.5,28.0,25.5,2.5,2.25,0.0,0.0,0.0,0.0,41.0,-4.0,-6.0
LV,2021,11,CIN,1,50.5,-1.0,25.75,24.75,2.75,1.5,3.0,0.0,1.0,0.0,32.0,4.0,6.0
LV,2021,12,DAL,0,51.0,-7.0,29.0,22.0,2.5,1.75,1.0,0.0,0.0,0.0,33.0,0.0,0.0
LV,2021,13,WAS,1,47.5,1.0,23.25,24.25,3.5,1.25,1.0,1.0,0.0,0.0,17.0,4.0,6.0
LV,2021,14,KC,0,48.0,-10.0,29.0,19.0,1.25,1.25,3.0,0.0,0.0,0.0,48.0,-1.0,-1.5
LV,2021,15,CLE,0,41.0,3.0,19.0,22.0,2.25,1.5,0.0,0.0,0.0,0.0,14.0,1.0,1.5
LV,2021,16,DEN,1,42.0,-1.0,21.5,20.5,1.5,1.0,2.0,0.0,0.0,0.0,13.0,6.0,9.0
LV,2021,17,IND,0,46.5,-8.5,27.5,19.0,1.75,1.5,1.0,0.0,0.0,0.0,20.0,2.0,3.0
LV,2021,18,LAC,1,48.0,-3.5,25.75,22.25,0.75,1.5,3.0,1.0,0.0,0.0,32.0,4.0,6.0
LV,2021,19,CIN,0,48.5,-6.0,27.25,21.25,0.0,0.0,0.0,0.0,0.0,0.0,26.0,0.0,0.0
LV,2022,1,LAC,0,52.5,-3.5,28.0,24.5,1.0,1.75,0.0,0.0,0.0,0.0,24.0,0.0,0.0
LV,2022,2,ARI,1,51.5,5.5,23.0,28.5,2.25,0.25,1.0,1.0,0.0,0.0,29.0,2.0,3.0
LV,2022,3,TEN,0,45.5,1.5,22.0,23.5,1.25,0.75,1.0,1.0,0.0,0.0,24.0,3.0,4.5
LV,2022,4,DEN,1,45.5,2.5,21.5,24.0,2.5,1.0,3.0,0.0,1.0,1.0,23.0,11.0,16.5
LV,2022,5,KC,0,51.5,-7.5,29.5,22.0,1.25,0.75,3.0,0.0,0.0,0.0,30.0,2.0,3.0
LV,2022,7,HOU,1,46.0,7.0,19.5,26.5,2.25,1.0,1.0,1.0,0.0,1.0,20.0,10.0,15.0
LV,2022,8,NO,0,48.5,1.0,23.75,24.75,1.0,1.75,0.0,0.0,0.0,0.0,24.0,0.0,0.0
LV,2022,9,JAX,0,47.5,2.5,22.5,25.0,1.5,1.5,0.0,0.0,1.0,0.0,27.0,2.0,3.0
LV,2022,10,IND,1,41.0,4.5,18.25,22.75,3.5,1.5,1.0,0.0,1.0,0.0,25.0,3.0,4.5
LV,2022,11,DEN,0,41.5,-2.5,22.0,19.5,3.5,0.75,3.0,0.0,0.0,0.0,16.0,4.0,6.0
LV,2022,12,SEA,0,47.5,-4.0,25.75,21.75,2.5,1.75,3.0,1.0,1.0,0.0,34.0,6.0,9.0
LV,2022,13,LAC,1,49.0,2.5,23.25,25.75,3.0,1.25,5.0,0.0,1.0,0.0,20.0,8.0,12.0
LV,2022,14,LA,0,42.5,6.5,18.0,24.5,3.5,1.75,4.0,0.0,1.0,0.0,17.0,7.0,10.5
LV,2022,15,NE,1,45.0,1.0,22.0,23.0,2.75,0.25,0.0,0.0,1.0,1.0,24.0,8.0,12.0
LV,2022,16,PIT,0,38.5,-2.5,20.5,18.0,1.5,0.75,0.0,1.0,0.0,0.0,13.0,6.0,9.0
LV,2022,17,SF,1,41.5,-10.0,25.75,15.75,2.0,0.75,0.0,1.0,0.0,0.0,37.0,-2.0,-3.0
LV,2022,18,KC,1,51.5,-9.0,30.25,21.25,1.25,1.5,2.0,0.0,0.0,0.0,31.0,1.0,1.5
LV,2023,1,DEN,0,43.0,-3.0,23.0,20.0,4.75,2.5,2.0,0.0,0.0,0.0,16.0,3.0,4.5
LV,2023,2,BUF,0,47.0,-7.5,27.25,19.75,2.5,2.5,2.0,0.0,0.0,0.0,38.0,-2.0,-3.0
LV,2023,3,PIT,1,43.5,3.0,20.25,23.25,2.5,1.25,1.0,0.0,0.0,0.0,23.0,1.0,1.5
LV,2023,4,LAC,0,49.0,-7.0,28.0,21.0,2.0,1.0,2.0,1.0,0.0,0.0,24.0,4.0,6.0
LV,2023,5,GB,1,45.0,1.0,22.0,23.0,2.0,0.75,2.0,3.0,0.0,0.0,13.0,12.0,18.0
LV,2023,6,NE,1,41.5,3.0,19.25,22.25,2.0,2.0,4.0,1.0,0.0,0.0,17.0,7.0,10.5
LV,2023,7,CHI,0,38.5,2.5,18.0,20.5,3.75,1.75,2.0,0.0,0.0,0.0,30.0,1.0,1.5
LV,2023,8,DET,0,46.0,-7.0,26.5,19.5,3.0,0.5,1.0,1.0,2.0,1.0,26.0,13.0,19.5
LV,2023,9,NYG,1,38.5,1.0,18.75,19.75,4.5,0.25,8.0,2.0,0.0,0.0,6.0,19.0,28.5
LV,2023,10,NYJ,1,35.5,-1.0,18.25,17.25,5.25,1.75,2.0,1.0,0.0,0.0,12.0,8.0,12.0
LV,2023,11,MIA,0,44.5,-14.0,29.25,15.25,2.25,1.25,1.0,1.0,2.0,0.0,20.0,8.0,12.0
LV,2023,12,KC,1,42.5,-9.0,25.75,16.75,1.75,2.25,1.0,0.0,0.0,0.0,31.0,0.0,0.0
LV,2023,14,MIN,1,40.5,-3.0,21.75,18.75,2.25,2.25,5.0,0.0,0.0,0.0,3.0,12.0,18.0
LV,2023,15,LAC,1,36.0,3.0,16.5,19.5,2.75,1.75,3.0,1.0,3.0,2.0,21.0,23.0,34.5
LV,2023,16,KC,0,40.5,-11.0,25.75,14.75,2.0,1.25,4.0,1.0,1.0,2.0,14.0,21.0,31.5
LV,2023,17,IND,0,42.5,-3.5,23.0,19.5,3.75,0.75,1.0,0.0,0.0,0.0,23.0,1.0,1.5
LV,2023,18,DEN,1,37.5,3.5,17.0,20.5,2.75,1.0,5.0,1.0,0.0,0.0,14.0,8.0,12.0
LV,2024,1,LAC,0,41.0,-3.0,22.0,19.0,3.0,1.75,1.0,0.0,0.0,0.0,22.0,1.0,1.5
LV,2024,2,BAL,0,41.0,-9.0,25.0,16.0,2.0,1.0,2.0,1.0,0.0,0.0,23.0,4.0,6.0
LV,2024,3,CAR,1,40.0,5.5,17.25,22.75,3.75,2.0,2.0,0.0,0.0,0.0,36.0,-2.0,-3.0
LV,2024,4,CLE,1,36.5,-2.5,19.5,17.0,4.75,1.5,3.0,1.0,0.0,0.0,16.0,6.0,9.0
LV,2024,5,DEN,0,36.0,-3.0,19.5,16.5,1.0,2.0,3.0,0.0,0.0,0.0,34.0,2.0,3.0
LV,2024,6,PIT,1,36.5,-3.5,20.0,16.5,2.75,1.0,3.0,0.0,0.0,0.0,32.0,2.0,3.0
LV,2024,7,LA,0,43.0,-7.0,25.0,18.0,3.5,1.25,1.0,1.0,0.0,0.0,20.0,4.0,6.0
LV,2024,8,KC,1,42.0,-9.0,25.5,16.5,1.75,1.5,1.0,1.0,0.0,0.0,27.0,3.0,4.5
LV,2024,9,CIN,0,45.0,-8.0,26.5,18.5,2.75,1.0,1.0,1.0,0.0,1.0,41.0,5.0,7.5
LV,2024,11,MIA,0,43.5,-8.0,25.75,17.75,1.75,1.25,2.0,0.0,0.0,0.0,34.0,1.0,1.5
LV,2024,12,DEN,1,41.5,-6.5,24.0,17.5,2.25,0.75,1.0,0.0,0.0,0.0,29.0,0.0,0.0
LV,2024,13,KC,0,42.0,-13.5,27.75,14.25,3.75,0.75,5.0,0.0,0.0,0.0,19.0,6.0,9.0
LV,2024,14,TB,0,47.0,-7.0,27.0,20.0,2.0,1.0,4.0,2.0,1.0,0.0,28.0,9.0,13.5
LV,2024,15,ATL,1,44.5,-6.5,25.5,19.0,2.25,2.25,3.0,1.0,0.0,0.0,15.0,6.0,9.0
LV,2024,16,JAX,1,41.5,2.5,19.5,22.0,1.0,1.5,1.0,0.0,2.0,0.0,14.0,6.0,9.0
LV,2024,17,NO,0,37.5,2.0,17.75,19.75,2.0,1.0,4.0,2.0,0.0,0.0,10.0,12.0,18.0
LV,2024,18,LAC,1,42.5,-7.0,24.75,17.75,2.0,0.75,1.0,0.0,0.0,0.0,34.0,0.0,0.0
MIA,2020,1,NE,0,41.5,-7.5,24.5,17.0,0.0,0.0,2.0,0.0,1.0,0.0,21.0,4.0,6.0
MIA,2020,2,BUF,1,42.5,-5.5,24.0,18.5,3.0,2.0,1.0,0.0,1.0,0.0,31.0,2.0,3.0
MIA,2020,3,JAX,0,49.0,-3.0,26.0,23.0,3.0,1.0,4.0,1.0,1.0,0.0,13.0,12.0,18.0
MIA,2020,4,SEA,1,55.0,-4.5,29.75,25.25,3.0,0.6666666666666666,2.0,1.0,0.0,0.0,31.0,3.0,4.5
MIA,2020,5,SF,0,50.5,-8.5,29.5,21.0,3.25,1.0,5.0,2.0,1.0,0.0,17.0,12.0,18.0
MIA,2020,6,NYJ,1,46.0,9.5,18.25,27.75,3.0,0.75,3.0,1.0,0.0,0.0,0.0,15.0,22.5
MIA,2020,8,LA,1,46.5,-3.5,25.0,21.5,1.0,1.0,2.0,2.0,2.0,2.0,17.0,23.0,34.5
MIA,2020,9,ARI,0,49.0,-6.0,27.5,21.5,0.75,1.0,1.0,0.0,1.0,1.0,31.0,8.0,12.0
MIA,2020,10,LAC,1,48.5,1.0,23.75,24.75,2.0,0.5,2.0,1.0,0.0,0.0,21.0,4.0,6.0
MIA,2020,11,DEN,0,46.0,4.0,21.0,25.0,2.0,2.75,0.0,1.0,1.0,0.0,20.0,5.0,7.5
MIA,2020,12,NYJ,0,46.0,7.5,19.25,26.75,2.25,1.25,3.0,2.0,0.0,0.0,3.0,14.0,21.0
MIA,2020,13,CIN,1,43.0,10.5,16.25,26.75,2.5,1.5,6.0,2.0,0.0,0.0,7.0,14.0,21.0
MIA,2020,14,KC,1,51.5,-7.5,29.5,22.0,1.25,0.75,3.0,3.0,1.0,0.0,33.0,10.0,15.0
MIA,2020,15,NE,1,40.0,-1.5,20.75,19.25,3.0,0.75,3.0,0.0,1.0,0.0,12.0,9.0,13.5
MIA,2020,16,LV,0,50.0,2.0,24.0,26.0,2.0,2.75,3.0,0.0,1.0,0.0,25.0,5.0,7.5
MIA,2020,17,BUF,0,42.5,3.5,19.5,23.0,0.75,0.75,1.0,2.0,0.0,0.0,56.0,1.0,1.5
MIA,2021,1,NE,0,43.5,-3.5,23.5,20.0,3.75,0.5,1.0,0.0,2.0,0.0,16.0,6.0,9.0
MIA,2021,2,BUF,1,48.0,-3.5,25.75,22.25,1.25,0.75,1.0,1.0,2.0,0.0,35.0,3.0,4.5
MIA,2021,3,LV,0,45.0,-4.0,24.5,20.5,2.75,1.5,3.0,1.0,0.0,1.0,31.0,10.0,15.0
MIA,2021,4,IND,1,41.5,2.5,19.5,22.0,2.0,1.0,2.0,0.0,1.0,0.0,27.0,4.0,6.0
MIA,2021,5,TB,0,48.0,-11.0,29.5,18.5,1.75,1.25,2.0,0.0,0.0,0.0,45.0,-2.0,-3.0
MIA,2021,6,JAX,0,47.5,2.5,22.5,25.0,1.75,2.0,2.0,0.0,1.0,0.0,23.0,4.0,6.0
MIA,2021,7,ATL,1,48.5,-1.5,25.0,23.5,1.25,1.5,1.0,1.0,1.0,0.0,30.0,4.0,6.0
MIA,2021,8,BUF,0,48.5,-15.0,31.75,16.75,1.0,0.5,0.0,0.0,0.0,0.0,26.0,0.0,0.0
MIA,2021,9,HOU,1,45.0,4.0,20.5,24.5,3.0,1.5,5.0,3.0,2.0,0.0,9.0,19.0,28.5
MIA,2021,10,BAL,1,46.5,-8.5,27.5,19.0,3.25,1.25,4.0,1.0,1.0,1.0,10.0,18.0,27.0
MIA,2021,11,NYJ,0,44.5,3.5,20.5,24.0,1.75,3.25,2.0,0.0,1.0,0.0,17.0,5.0,7.5
MIA,2021,12,CAR,1,41.0,-1.0,21.0,20.0,0.5,1.5,5.0,3.0,0.0,1.0,10.0,21.0,31.5
MIA,2021,13,NYG,1,40.0,6.5,16.75,23.25,2.25,1.25,3.0,1.0,0.0,0.0,9.0,9.0,13.5
MIA,2021,15,NYJ,1,42.0,10.5,15.75,26.25,2.75,0.75,6.0,0.0,1.0,0.0,24.0,8.0,12.0
MIA,2021,16,NO,0,37.5,3.0,17.25,20.25,2.25,1.25,8.0,2.0,0.0,1.0,3.0,25.0,37.5
MIA,2021,17,TEN,0,41.0,-3.0,22.0,19.0,3.5,2.0,1.0,0.0,0.0,0.0,34.0,0.0,0.0
MIA,2021,18,NE,1,41.0,-6.0,23.5,17.5,0.5,1.0,2.0,1.0,2.0,2.0,24.0,20.0,30.0
MIA,2022,1,NE,1,47.0,3.0,22.0,25.0,1.0,1.75,2.0,1.0,2.0,1.0,7.0,18.0,27.0
MIA,2022,2,BAL,0,44.0,-3.0,23.5,20.5,2.75,1.75,0.0,0.0,0.0,0.0,38.0,-4.0,-6.0
MIA,2022,3,BUF,1,54.0,-4.0,29.0,25.0,1.0,2.0,4.0,0.0,1.0,0.0,19.0,7.0,10.5
MIA,2022,4,CIN,0,48.5,-4.0,26.25,22.25,4.75,1.5,1.0,0.0,0.0,0.0,27.0,1.0,1.5
MIA,2022,5,NYJ,0,46.0,3.0,21.5,24.5,2.5,2.25,2.0,0.0,0.0,0.0,40.0,-2.0,-3.0
MIA,2022,6,MIN,1,45.0,-3.0,24.0,21.0,1.75,1.75,3.0,0.0,0.0,0.0,24.0,3.0,4.5
MIA,2022,7,PIT,1,44.5,7.5,18.5,26.0,2.25,1.75,2.0,3.0,0.0,0.0,10.0,12.0,18.0
MIA,2022,8,DET,0,52.0,3.5,24.25,27.75,2.0,2.75,1.0,0.0,0.0,0.0,27.0,1.0,1.5
MIA,2022,9,CHI,0,46.0,4.0,21.0,25.0,3.75,1.0,2.0,0.0,0.0,1.0,32.0,7.0,10.5
MIA,2022,10,CLE,1,49.0,3.0,23.0,26.0,2.75,2.0,3.0,0.0,1.0,0.0,17.0,6.0,9.0
MIA,2022,12,HOU,1,47.0,14.0,16.5,30.5,3.75,2.0,5.0,2.0,1.0,1.0,15.0,18.0,27.0
MIA,2022,13,SF,0,46.0,-4.5,25.25,20.75,1.25,0.25,4.0,1.0,0.0,0.0,33.0,5.0,7.5
MIA,2022,14,LAC,0,54.5,3.0,25.75,28.75,4.25,1.0,4.0,0.0,0.0,0.0,23.0,4.0,6.0
MIA,2022,15,BUF,0,44.0,-7.0,25.5,18.5,2.5,0.5,2.0,0.0,1.0,0.0,32.0,3.0,4.5
MIA,2022,16,GB,1,49.0,3.5,22.75,26.25,1.75,1.0,2.0,1.0,0.0,0.0,26.0,4.0,6.0
MIA,2022,17,NE,0,41.5,-3.0,22.25,19.25,1.5,0.75,3.0,0.0,0.0,0.0,23.0,3.0,4.5
MIA,2022,18,NYJ,1,37.5,3.5,17.0,20.5,3.75,2.0,0.0,0.0,0.0,0.0,6.0,7.0,10.5
MIA,2022,19,BUF,0,44.0,-14.0,29.0,15.0,0.0,0.0,0.0,0.0,0.0,0.0,34.0,-1.0,-1.5
MIA,2023,1,LAC,0,50.5,-3.0,26.75,23.75,2.0,1.75,3.0,0.0,0.0,0.0,34.0,2.0,3.0
MIA,2023,2,NE,0,46.5,2.0,22.25,24.25,2.5,1.75,4.0,1.0,1.0,0.0,17.0,9.0,13.5
MIA,2023,3,DEN,1,47.5,6.0,20.75,26.75,3.75,1.5,1.0,1.0,2.0,0.0,20.0,8.0,12.0
MIA,2023,4,BUF,0,53.0,-2.5,27.75,25.25,2.25,1.75,2.0,0.0,0.0,0.0,48.0,-2.0,-3.0
MIA,2023,5,NYG,1,47.5,12.5,17.5,30.0,5.75,2.0,7.0,0.0,0.0,0.0,16.0,8.0,12.0
MIA,2023,6,CAR,1,47.5,14.0,16.75,30.75,3.25,1.25,4.0,0.0,0.0,0.0,21.0,4.0,6.0
MIA,2023,7,PHI,0,52.0,-3.0,27.5,24.5,1.75,1.75,3.0,1.0,1.0,1.0,31.0,12.0,18.0
MIA,2023,8,NE,1,46.5,7.5,19.5,27.0,2.25,2.0,3.0,1.0,0.0,0.0,17.0,6.0,9.0
MIA,2023,9,KC,0,51.0,-1.0,26.0,25.0,2.0,1.75,2.0,0.0,1.0,0.0,21.0,4.0,6.0
MIA,2023,11,LV,1,44.5,14.0,15.25,29.25,2.5,1.5,2.0,3.0,0.0,0.0,13.0,12.0,18.0
MIA,2023,12,NYJ,0,40.0,9.5,15.25,24.75,5.0,2.5,7.0,2.0,0.0,1.0,13.0,21.0,31.5
MIA,2023,13,WAS,0,50.0,8.5,20.75,29.25,3.5,2.5,3.0,1.0,0.0,1.0,15.0,12.0,18.0
MIA,2023,14,TEN,1,45.0,14.0,15.5,29.5,3.25,1.0,1.0,1.0,1.0,1.0,28.0,10.0,15.0
MIA,2023,15,NYJ,1,36.0,7.5,14.25,21.75,5.25,2.5,6.0,2.0,2.0,0.0,0.0,24.0,36.0
MIA,2023,16,DAL,1,48.5,1.5,23.5,25.0,2.5,0.5,4.0,0.0,1.0,0.0,20.0,7.0,10.5
MIA,2023,17,BAL,0,47.0,-3.0,25.0,22.0,2.25,0.5,1.0,0.0,1.0,0.0,56.0,-1.0,-1.5
MIA,2023,18,BUF,1,47.5,-2.5,25.0,22.5,1.5,1.0,3.0,2.0,1.0,0.0,21.0,9.0,13.5
MIA,2023,19,KC,0,43.5,-4.5,24.0,19.5,0.0,0.0,0.0,0.0,0.0,0.0,26.0,0.0,0.0
MIA,2024,1,JAX,1,49.5,3.5,23.0,26.5,2.0,2.0,3.0,0.0,1.0,0.0,17.0,6.0,9.0
MIA,2024,2,BUF,1,48.5,2.5,23.0,25.5,1.75,1.75,0.0,0.0,0.0,0.0,31.0,-1.0,-1.5
MIA,2024,3,SEA,0,41.5,-4.0,22.75,18.75,1.5,0.5,3.0,2.0,0.0,0.0,24.0,7.0,10.5
MIA,2024,4,TEN,1,37.0,2.5,17.25,19.75,4.25,2.25,1.0,1.0,0.0,0.0,31.0,2.0,3.0
MIA,2024,5,NE,0,37.0,2.0,17.5,19.5,4.25,1.25,2.0,0.0,0.0,0.0,10.0,6.0,9.0
MIA,2024,7,IND,0,44.0,-3.0,23.5,20.5,1.75,1.0,0.0,0.0,1.0,0.0,16.0,3.0,4.5
MIA,2024,8,ARI,1,46.5,4.0,21.25,25.25,1.25,1.75,0.0,0.0,0.0,0.0,28.0,-1.0,-1.5
MIA,2024,9,BUF,0,49.0,-6.5,27.75,21.25,1.25,0.5,1.0,1.0,0.0,0.0,30.0,2.0,3.0
MIA,2024,10,LA,0,49.5,-2.5,26.0,23.5,1.0,1.25,4.0,1.0,1.0,0.0,15.0,9.0,13.5
MIA,2024,11,LV,1,43.5,8.0,17.75,25.75,3.25,2.5,3.0,1.0,0.0,0.0,19.0,6.0,9.0
MIA,2024,12,NE,1,46.0,7.5,19.25,26.75,2.5,1.5,4.0,1.0,1.0,0.0,15.0,9.0,13.5
MIA,2024,13,GB,0,47.5,-3.5,25.5,22.0,1.0,0.75,0.0,0.0,1.0,0.0,30.0,1.0,1.5
MIA,2024,14,NYJ,1,45.0,6.5,19.25,25.75,2.5,1.0,3.0,0.0,0.0,0.0,26.0,3.0,4.5
MIA,2024,15,HOU,0,46.5,-2.5,24.5,22.0,2.75,1.5,4.0,0.0,1.0,0.0,20.0,7.0,10.5
MIA,2024,16,SF,1,44.0,-2.0,23.0,21.0,2.0,2.0,3.0,1.0,0.0,0.0,17.0,6.0,9.0
MIA,2024,17,CLE,0,32.5,3.0,14.75,17.75,4.0,3.25,1.0,1.0,1.0,0.0,3.0,12.0,18.0
MIA,2024,18,NYJ,0,39.5,-1.5,20.5,19.0,2.25,1.0,3.0,1.0,0.0,0.0,32.0,4.0,6.0
MIN,2020,1,GB,1,45.0,1.0,22.0,23.0,0.0,0.0,0.0,0.0,0.0,0.0,43.0,-4.0,-6.0
MIN,2020,2,IND,0,49.0,-3.5,26.25,22.75,1.0,2.0,2.0,1.0,0.0,0.0,28.0,3.0,4.5
MIN,2020,3,TEN,1,49.5,-3.0,26.25,23.25,1.0,0.0,2.0,1.0,0.0,0.0,31.0,3.0,4.5
MIN,2020,4,HOU,0,52.5,-3.5,28.0,24.5,4.333333333333333,1.3333333333333333,3.0,0.0,0.0,0.0,23.0,3.0,4.5
MIN,2020,5,SEA,0,54.0,-6.5,30.25,23.75,2.75,0.75,4.0,1.0,0.0,0.0,27.0,6.0,9.0
MIN,2020,6,ATL,1,53.0,3.5,24.75,28.25,2.25,0.5,2.0,0.0,1.0,0.0,40.0,0.0,0.0
MIN,2020,8,GB,0,47.0,-5.5,26.25,20.75,1.75,0.5,1.0,0.0,1.0,0.0,22.0,3.0,4.5
MIN,2020,9,DET,1,51.5,3.0,24.25,27.25,2.5,1.0,2.0,3.0,0.0,0.0,20.0,9.0,13.5
MIN,2020,10,CHI,0,44.0,3.5,20.25,23.75,3.0,1.5,2.0,1.0,0.0,0.0,13.0,8.0,12.0
MIN,2020,11,DAL,1,50.0,7.0,21.5,28.5,3.75,2.25,1.0,1.0,0.0,0.0,31.0,2.0,3.0
MIN,2020,12,CAR,1,50.0,3.0,23.5,26.5,2.25,1.0,0.0,1.0,1.0,0.0,27.0,4.0,6.0
MIN,2020,13,JAX,1,51.0,10.5,20.25,30.75,1.75,1.5,2.0,2.0,2.0,0.0,24.0,10.0,15.0
MIN,2020,14,TB,0,52.5,-7.0,29.75,22.75,1.5,2.0,0.0,0.0,0.0,0.0,26.0,0.0,0.0
MIN,2020,15,CHI,1,47.5,2.5,22.5,25.0,2.5,1.5,1.0,1.0,0.0,0.0,33.0,2.0,3.0
MIN,2020,16,NO,0,49.0,-6.5,27.75,21.25,2.75,1.25,0.0,2.0,0.0,0.0,52.0,0.0,0.0
MIN,2020,17,DET,0,54.0,3.0,25.5,28.5,2.5,1.5,1.0,1.0,0.0,0.0,35.0,-1.0,-1.5
MIN,2021,1,CIN,0,47.0,3.0,22.0,25.0,1.0,1.25,5.0,0.0,0.0,0.0,27.0,5.0,7.5
MIN,2021,2,ARI,0,51.0,-4.0,27.5,23.5,2.5,1.75,3.0,2.0,0.0,1.0,34.0,12.0,18.0
MIN,2021,3,SEA,1,53.5,-2.0,27.75,25.75,3.25,0.25,2.0,0.0,0.0,0.0,17.0,3.0,4.5
MIN,2021,4,CLE,1,52.0,-1.0,26.5,25.5,3.25,1.25,3.0,0.0,0.0,0.0,14.0,4.0,6.0
MIN,2021,5,DET,1,49.5,10.0,19.75,29.75,2.5,1.25,4.0,1.0,1.0,0.0,17.0,9.0,13.5
MIN,2021,6,CAR,0,45.5,2.5,21.5,24.0,3.25,1.5,4.0,1.0,2.0,0.0,28.0,9.0,13.5
MIN,2021,8,DAL,1,49.5,4.5,22.5,27.0,1.5,1.25,3.0,1.0,1.0,0.0,20.0,8.0,12.0
MIN,2021,9,BAL,0,51.0,-7.5,29.25,21.75,3.25,0.75,3.0,2.0,0.0,0.0,34.0,6.0,9.0
MIN,2021,10,LAC,0,53.5,-3.0,28.25,25.25,1.75,1.0,2.0,1.0,0.0,0.0,20.0,5.0,7.5
MIN,2021,11,GB,1,48.0,-1.0,24.5,23.5,1.5,1.0,2.0,0.0,0.0,0.0,31.0,1.0,1.5
MIN,2021,12,SF,0,49.0,-3.5,26.25,22.75,2.0,1.0,2.0,1.0,0.0,0.0,34.0,3.0,4.5
MIN,2021,13,DET,0,47.5,7.0,20.25,27.25,2.75,1.0,3.0,1.0,1.0,0.0,29.0,6.0,9.0
MIN,2021,14,PIT,1,45.0,3.5,20.75,24.25,1.75,1.5,5.0,1.0,0.0,0.0,28.0,6.0,9.0
MIN,2021,15,CHI,0,48.0,7.0,20.5,27.5,2.25,2.25,3.0,0.0,2.0,0.0,9.0,11.0,16.5
MIN,2021,16,LA,1,48.5,-3.5,26.0,22.5,2.5,1.0,0.0,3.0,0.0,0.0,30.0,5.0,7.5
MIN,2021,17,GB,0,42.0,-13.0,27.5,14.5,1.75,0.25,0.0,0.0,0.0,0.0,37.0,-4.0,-6.0
MIN,2021,18,CHI,1,45.5,3.5,21.0,24.5,2.75,1.75,7.0,2.0,0.0,1.0,17.0,18.0,27.0
MIN,2022,1,GB,1,47.0,2.5,22.25,24.75,1.75,0.75,4.0,1.0,1.0,0.0,7.0,12.0,18.0
MIN,2022,2,PHI,0,49.5,-2.5,26.0,23.5,1.5,0.25,3.0,1.0,0.0,0.0,24.0,5.0,7.5
MIN,2022,3,DET,1,52.0,6.5,22.75,29.25,1.25,1.0,0.0,1.0,0.0,0.0,24.0,2.0,3.0
MIN,2022,4,NO,0,42.0,4.0,19.0,23.0,3.0,2.25,2.0,0.0,1.0,0.0,25.0,4.0,6.0
MIN,2022,5,CHI,1,44.0,10.0,17.0,27.0,4.0,1.75,2.0,0.0,1.0,0.0,22.0,4.0,6.0
MIN,2022,6,MIA,0,45.0,3.0,21.0,24.0,1.5,1.5,6.0,2.0,1.0,0.0,16.0,13.0,19.5
MIN,2022,8,ARI,1,48.5,4.0,22.25,26.25,2.5,1.0,4.0,2.0,0.0,0.0,26.0,8.0,12.0
MIN,2022,9,WAS,0,43.5,3.0,20.25,23.25,2.25,1.25,3.0,1.0,0.0,0.0,17.0,6.0,9.0
MIN,2022,10,BUF,0,47.0,-6.5,26.75,20.25,2.0,1.75,2.0,2.0,2.0,1.0,30.0,15.0,22.5
MIN,2022,11,DAL,1,48.5,-1.5,25.0,23.5,1.25,2.0,0.0,0.0,0.0,0.0,40.0,-4.0,-6.0
MIN,2022,12,NE,1,42.5,2.5,20.0,22.5,4.25,1.5,3.0,0.0,0.0,0.0,26.0,3.0,4.5
MIN,2022,13,NYJ,1,44.0,3.0,20.5,23.5,2.25,1.0,1.0,2.0,0.0,0.0,22.0,5.0,7.5
MIN,2022,14,DET,0,51.5,-2.5,27.0,24.5,1.5,0.5,0.0,0.0,0.0,0.0,34.0,-1.0,-1.5
MIN,2022,15,IND,1,46.5,3.5,21.5,25.0,2.75,2.25,3.0,0.0,1.0,0.0,36.0,1.0,1.5
MIN,2022,16,NYG,1,48.0,4.5,21.75,26.25,3.5,0.5,3.0,1.0,1.0,0.0,24.0,7.0,10.5
MIN,2022,17,GB,0,47.5,-3.0,25.25,22.25,2.0,1.25,1.0,0.0,0.0,0.0,41.0,-3.0,-4.5
MIN,2022,18,CHI,0,42.5,6.5,18.0,24.5,3.75,2.0,1.0,2.0,0.0,0.0,13.0,9.0,13.5
MIN,2022,19,NYG,1,48.0,2.5,22.75,25.25,0.0,0.0,0.0,0.0,0.0,0.0,31.0,-1.0,-1.5
MIN,2023,1,TB,1,45.0,4.0,20.5,24.5,1.0,2.0,1.0,0.0,0.0,0.0,20.0,2.0,3.0
MIN,2023,2,PHI,0,49.0,-6.0,27.5,21.5,3.0,1.75,4.0,1.0,1.0,0.0,34.0,7.0,10.5
MIN,2023,3,LAC,1,54.0,1.0,26.5,27.5,1.75,0.75,1.0,0.0,1.0,0.0,28.0,2.0,3.0
MIN,2023,4,CAR,0,46.5,4.5,21.0,25.5,2.75,1.5,5.0,0.0,1.0,1.0,13.0,17.0,25.5
MIN,2023,5,KC,1,52.5,-3.5,28.0,24.5,0.5,1.75,2.0,0.0,0.0,0.0,27.0,2.0,3.0
MIN,2023,6,CHI,0,44.5,3.0,20.75,23.75,4.0,1.5,5.0,2.0,1.0,1.0,13.0,21.0,31.5
MIN,2023,7,SF,1,44.5,-7.0,25.75,18.75,1.75,0.5,1.0,2.0,1.0,0.0,17.0,8.0,12.0
MIN,2023,8,GB,0,41.5,1.0,20.25,21.25,2.0,1.75,4.0,1.0,0.0,0.0,10.0,10.0,15.0
MIN,2023,9,ATL,0,38.5,-3.5,21.0,17.5,2.5,2.25,1.0,1.0,1.0,0.0,28.0,4.0,6.0
MIN,2023,10,NO,1,41.0,-3.0,22.0,19.0,1.0,1.0,3.0,2.0,0.0,0.0,19.0,8.0,12.0
MIN,2023,11,DEN,0,43.5,-2.5,23.0,20.5,3.75,1.5,2.0,0.0,0.0,0.0,21.0,2.0,3.0
MIN,2023,12,CHI,1,43.5,3.0,20.25,23.25,1.25,2.0,3.0,0.0,2.0,0.0,12.0,11.0,16.5
MIN,2023,14,LV,0,40.5,3.0,18.75,21.75,1.5,1.25,4.0,1.0,2.0,0.0,0.0,20.0,30.0
MIN,2023,15,CIN,0,41.5,-3.0,22.25,19.25,2.75,1.0,5.0,1.0,0.0,0.0,27.0,7.0,10.5
MIN,2023,16,DET,1,47.5,-2.5,25.0,22.5,2.5,1.5,1.0,0.0,1.0,0.0,30.0,2.0,3.0
MIN,2023,17,GB,1,42.5,1.0,20.75,21.75,1.75,1.0,0.0,0.0,0.0,0.0,33.0,-1.0,-1.5
MIN,2023,18,DET,0,47.5,-3.5,25.5,22.0,2.0,1.5,1.0,0.0,0.0,0.0,30.0,0.0,0.0
MIN,2024,1,NYG,0,42.5,1.0,20.75,21.75,4.0,0.75,5.0,2.0,0.0,1.0,6.0,22.0,33.0
MIN,2024,2,SF,1,46.5,-4.5,25.5,21.0,2.75,1.5,6.0,1.0,1.0,0.0,17.0,11.0,16.5
MIN,2024,3,HOU,1,46.0,-2.0,24.0,22.0,2.5,0.25,5.0,2.0,0.0,0.0,7.0,13.0,19.5
MIN,2024,4,GB,0,44.0,-2.5,23.25,20.75,1.5,0.75,1.0,3.0,2.0,0.0,29.0,10.0,15.0
MIN,2024,5,NYJ,1,42.0,2.5,19.75,22.25,2.5,0.75,3.0,3.0,0.0,1.0,17.0,16.0,24.0
MIN,2024,7,DET,1,50.5,1.0,24.75,25.75,2.0,0.75,4.0,0.0,1.0,1.0,31.0,11.0,16.5
MIN,2024,8,LA,0,47.5,3.0,22.25,25.25,2.5,1.25,0.0,1.0,0.0,0.0,30.0,1.0,1.5
MIN,2024,9,IND,1,47.0,6.5,20.25,26.75,2.25,1.25,3.0,1.0,1.0,0.0,13.0,11.0,16.5
MIN,2024,10,JAX,0,42.5,7.0,17.75,24.75,1.75,1.5,3.0,2.0,1.0,0.0,7.0,13.0,19.5
MIN,2024,11,TEN,0,40.0,6.0,17.0,23.0,3.0,1.75,5.0,1.0,0.0,0.0,13.0,11.0,16.5
MIN,2024,12,CHI,0,39.5,3.0,18.25,21.25,5.25,0.25,3.0,0.0,0.0,0.0,27.0,3.0,4.5
MIN,2024,13,ARI,1,45.5,3.5,21.0,24.5,2.25,0.75,1.0,2.0,0.0,0.0,22.0,5.0,7.5
MIN,2024,14,ATL,1,46.5,6.0,20.25,26.25,2.5,1.75,1.0,2.0,1.0,0.0,21.0,7.0,10.5
MIN,2024,15,CHI,1,43.5,7.0,18.25,25.25,4.5,0.25,2.0,0.0,1.0,0.0,12.0,8.0,12.0
MIN,2024,16,SEA,0,43.0,2.5,20.25,22.75,3.75,1.25,2.0,2.0,0.0,0.0,24.0,6.0,9.0
MIN,2024,17,GB,1,49.0,-1.0,25.0,24.0,0.25,0.75,3.0,0.0,1.0,0.0,25.0,5.0,7.5
MIN,2024,18,DET,0,56.5,-3.0,29.75,26.75,1.75,0.5,2.0,2.0,0.0,0.0,31.0,5.0,7.5
MIN,2024,19,LA,0,47.5,2.5,22.5,25.0,0.0,0.0,0.0,0.0,0.0,0.0,27.0,0.0,0.0
NE,2020,1,MIA,1,41.5,7.5,17.0,24.5,0.0,0.0,1.0,3.0,0.0,0.0,11.0,11.0,16.5
NE,2020,2,SEA,0,45.0,-4.0,24.5,20.5,3.0,0.0,2.0,1.0,0.0,1.0,35.0,6.0,9.0
NE,2020,3,LV,1,47.0,7.0,20.0,27.0,1.5,0.5,2.0,0.0,3.0,1.0,20.0,15.0,22.5
NE,2020,4,KC,0,52.5,-7.0,29.75,22.75,0.6666666666666666,0.3333333333333333,1.0,0.0,1.0,0.0,26.0,3.0,4.5
NE,2020,6,DEN,1,43.5,7.0,18.25,25.25,3.25,2.0,2.0,2.0,0.0,0.0,18.0,7.0,10.5
NE,2020,7,SF,1,44.0,3.0,20.5,23.5,3.0,1.5,1.0,2.0,0.0,0.0,33.0,4.0,6.0
NE,2020,8,BUF,0,41.0,-4.0,22.5,18.5,1.0,1.25,1.0,1.0,0.0,0.0,24.0,3.0,4.5
NE,2020,9,NYJ,0,41.5,9.5,16.0,25.5,3.25,1.0,1.0,1.0,0.0,0.0,27.0,3.0,4.5
NE,2020,10,BAL,1,44.0,-7.0,25.5,18.5,2.5,1.5,2.0,1.0,0.0,0.0,17.0,5.0,7.5
NE,2020,11,HOU,0,49.5,2.5,23.5,26.0,2.25,0.5,0.0,0.0,0.0,0.0,27.0,0.0,0.0
NE,2020,12,ARI,1,51.0,-1.0,26.0,25.0,1.75,1.25,2.0,1.0,0.0,0.0,17.0,5.0,7.5
NE,2020,13,LAC,0,47.0,-2.5,24.75,22.25,2.5,0.75,3.0,2.0,0.0,2.0,0.0,29.0,43.5
NE,2020,14,LA,0,43.5,-5.0,24.25,19.25,1.5,1.75,1.0,1.0,0.0,0.0,24.0,3.0,4.5
NE,2020,15,MIA,0,40.0,1.5,19.25,20.75,3.5,1.25,2.0,1.0,0.0,0.0,22.0,4.0,6.0
NE,2020,16,BUF,1,47.0,-7.0,27.0,20.0,1.5,1.5,0.0,0.0,0.0,0.0,38.0,-4.0,-6.0
NE,2020,17,NYJ,1,41.0,3.0,19.0,22.0,2.5,1.0,3.0,2.0,0.0,0.0,14.0,8.0,12.0
NE,2021,1,MIA,1,43.5,3.5,20.0,23.5,2.5,1.5,2.0,1.0,0.0,0.0,17.0,5.0,7.5
NE,2021,2,NYJ,0,43.0,5.5,18.75,24.25,3.25,0.75,4.0,4.0,0.0,0.0,6.0,19.0,28.5
NE,2021,3,NO,1,44.0,3.0,20.5,23.5,1.5,1.0,3.0,0.0,0.0,0.0,28.0,2.0,3.0
NE,2021,4,TB,1,49.5,-6.0,27.75,21.75,1.75,1.5,1.0,0.0,0.0,0.0,19.0,2.0,3.0
NE,2021,5,HOU,0,39.5,8.0,15.75,23.75,2.25,1.5,3.0,0.0,1.0,0.0,22.0,5.0,7.5
NE,2021,6,DAL,1,50.5,-3.5,27.0,23.5,2.0,1.0,0.0,1.0,1.0,0.0,35.0,0.0,0.0
NE,2021,7,NYJ,1,43.0,7.0,18.0,25.0,3.0,2.0,2.0,2.0,1.0,0.0,13.0,12.0,18.0
NE,2021,8,LAC,0,50.5,-3.5,27.0,23.5,1.75,0.5,3.0,2.0,0.0,1.0,24.0,13.0,19.5
NE,2021,9,CAR,0,41.5,3.5,19.0,22.5,3.25,2.0,1.0,3.0,0.0,1.0,6.0,20.0,30.0
NE,2021,10,CLE,1,45.5,2.5,21.5,24.0,3.0,1.0,5.0,1.0,0.0,0.0,7.0,11.0,16.5
NE,2021,11,ATL,0,47.5,7.0,20.25,27.25,2.0,1.75,4.0,4.0,0.0,1.0,0.0,28.0,42.0
NE,2021,12,TEN,1,43.0,7.5,17.75,25.25,2.5,2.0,2.0,1.0,3.0,0.0,13.0,14.0,21.0
NE,2021,13,BUF,0,40.0,-3.0,21.5,18.5,2.25,2.75,2.0,0.0,2.0,0.0,10.0,10.0,15.0
NE,2021,15,IND,0,46.0,1.0,22.5,23.5,1.25,1.25,1.0,1.0,0.0,0.0,27.0,3.0,4.5
NE,2021,16,BUF,1,43.5,1.0,21.25,22.25,2.75,1.5,0.0,0.0,0.0,0.0,33.0,-1.0,-1.5
NE,2021,17,JAX,1,42.0,17.5,12.25,29.75,2.25,1.75,2.0,3.0,0.0,0.0,10.0,12.0,18.0
NE,2021,18,MIA,0,41.0,6.0,17.5,23.5,2.5,1.5,1.0,0.0,0.0,0.0,33.0,0.0,0.0
NE,2021,19,BUF,0,43.0,-4.5,23.75,19.25,0.0,0.0,0.0,0.0,0.0,0.0,47.0,-4.0,-6.0
NE,2022,1,MIA,0,47.0,-3.0,25.0,22.0,2.25,1.5,3.0,0.0,0.0,0.0,20.0,4.0,6.0
NE,2022,2,PIT,0,40.0,3.0,18.5,21.5,1.5,1.25,3.0,1.0,0.0,0.0,14.0,6.0,9.0
NE,2022,3,BAL,1,45.5,-2.5,24.0,21.5,2.5,1.5,4.0,1.0,1.0,0.0,37.0,4.0,6.0
NE,2022,4,GB,0,40.5,-10.0,25.25,15.25,3.0,2.0,1.0,1.0,1.0,1.0,27.0,11.0,16.5
NE,2022,5,DET,1,46.5,3.0,21.75,24.75,1.25,1.25,2.0,1.0,1.0,1.0,0.0,22.0,33.0
NE,2022,6,CLE,0,43.0,-2.5,22.75,20.25,1.0,1.0,4.0,2.0,1.0,0.0,15.0,11.0,16.5
NE,2022,7,CHI,1,40.0,9.5,15.25,24.75,4.5,1.75,4.0,1.0,0.0,0.0,33.0,5.0,7.5
NE,2022,8,NYJ,0,40.0,3.0,18.5,21.5,2.0,0.5,2.0,3.0,0.0,0.0,17.0,9.0,13.5
NE,2022,9,IND,1,40.0,5.0,17.5,22.5,2.75,1.75,9.0,1.0,0.0,1.0,3.0,24.0,36.0
NE,2022,11,NYJ,1,38.5,3.5,17.5,21.0,2.25,1.0,4.0,0.0,0.0,1.0,3.0,17.0,25.5
NE,2022,12,MIN,0,42.5,-2.5,22.5,20.0,4.0,1.5,1.0,1.0,0.0,0.0,33.0,2.0,3.0
NE,2022,13,BUF,1,43.5,-3.5,23.5,20.0,3.0,1.75,2.0,0.0,1.0,0.0,24.0,4.0,6.0
NE,2022,14,ARI,0,44.0,2.0,21.0,23.0,2.75,1.25,6.0,1.0,1.0,1.0,13.0,20.0,30.0
NE,2022,15,LV,0,45.0,-1.0,23.0,22.0,0.5,1.5,3.0,1.0,0.0,1.0,30.0,10.0,15.0
NE,2022,16,CIN,1,42.0,-3.0,22.5,19.5,1.5,0.5,2.0,2.0,1.0,1.0,22.0,14.0,21.0
NE,2022,17,MIA,1,41.5,3.0,19.25,22.25,2.25,2.0,2.0,2.0,0.0,1.0,21.0,12.0,18.0
NE,2022,18,BUF,0,44.0,-8.0,26.0,18.0,2.0,1.25,2.0,1.0,1.0,0.0,35.0,2.0,3.0
NE,2023,1,PHI,1,44.5,-3.5,24.0,20.5,2.5,2.25,3.0,0.0,1.0,0.0,25.0,5.0,7.5
NE,2023,2,MIA,1,46.5,-2.0,24.25,22.25,1.25,2.0,1.0,1.0,0.0,0.0,24.0,3.0,4.5
NE,2023,3,NYJ,0,35.5,2.5,16.5,19.0,2.5,2.0,3.0,0.0,0.0,0.0,10.0,7.0,10.5
NE,2023,4,DAL,0,43.0,-6.5,24.75,18.25,1.0,0.5,3.0,0.0,0.0,0.0,38.0,-1.0,-1.5
NE,2023,5,NO,1,38.5,2.5,18.0,20.5,3.75,1.5,2.0,0.0,0.0,0.0,34.0,1.0,1.5
NE,2023,6,LV,0,41.5,-3.0,22.25,19.25,3.75,2.5,0.0,1.0,0.0,0.0,21.0,2.0,3.0
NE,2023,7,BUF,1,41.0,-7.5,24.25,16.75,0.5,1.25,1.0,1.0,1.0,0.0,25.0,5.0,7.5
NE,2023,8,MIA,0,46.5,-7.5,27.0,19.5,2.25,1.75,2.0,1.0,1.0,0.0,31.0,5.0,7.5
NE,2023,9,WAS,1,40.5,2.5,19.0,21.5,4.25,1.25,3.0,1.0,1.0,0.0,20.0,8.0,12.0
NE,2023,10,IND,1,42.0,-1.0,21.5,20.5,2.5,2.25,0.0,1.0,0.0,0.0,10.0,6.0,9.0
NE,2023,12,NYG,0,36.5,4.5,16.0,20.5,6.5,0.75,6.0,0.0,1.0,0.0,10.0,12.0,18.0
NE,2023,13,LAC,1,38.5,-4.5,21.5,17.0,2.5,1.5,0.0,0.0,0.0,0.0,6.0,7.0,10.5
NE,2023,14,PIT,0,30.0,-6.0,18.0,12.0,1.5,0.5,2.0,1.0,0.0,0.0,18.0,5.0,7.5
NE,2023,15,KC,1,39.5,-10.0,24.75,14.75,1.5,1.25,3.0,2.0,0.0,0.0,27.0,7.0,10.5
NE,2023,16,DEN,0,37.5,-7.0,22.25,15.25,2.0,1.5,5.0,0.0,2.0,1.0,23.0,15.0,22.5
NE,2023,17,BUF,0,40.0,-15.0,27.5,12.5,1.5,1.0,1.0,1.0,0.0,0.0,27.0,3.0,4.5
NE,2023,18,NYJ,1,28.5,2.5,13.0,15.5,3.0,2.5,1.0,0.0,0.0,0.0,17.0,2.0,3.0
NE,2024,1,CIN,0,40.5,-8.0,24.25,16.25,4.25,1.25,3.0,0.0,1.0,0.0,10.0,9.0,13.5
NE,2024,2,SEA,1,39.0,-3.5,21.25,17.75,1.5,0.5,3.0,0.0,0.0,0.0,23.0,3.0,4.5
NE,2024,3,NYJ,0,39.0,-6.5,22.75,16.25,1.5,1.0,2.0,0.0,0.0,0.0,24.0,2.0,3.0
NE,2024,4,SF,0,41.5,-10.5,26.0,15.5,3.25,1.0,1.0,1.0,1.0,0.0,30.0,4.0,6.0
NE,2024,5,MIA,1,37.0,-2.0,19.5,17.5,3.25,1.0,3.0,1.0,1.0,0.0,15.0,8.0,12.0
NE,2024,6,HOU,1,38.5,-6.5,22.5,16.0,2.75,1.25,2.0,1.0,0.0,0.0,41.0,0.0,0.0
NE,2024,7,JAX,0,42.0,-6.5,24.25,17.75,2.5,1.75,0.0,0.0,0.0,0.0,32.0,-1.0,-1.5
NE,2024,8,NYJ,1,41.0,-7.0,24.0,17.0,3.0,1.75,1.0,0.0,0.0,0.0,22.0,1.0,1.5
NE,2024,9,TEN,0,38.5,-3.0,20.75,17.75,1.25,2.0,1.0,1.0,0.0,0.0,20.0,4.0,6.0
NE,2024,10,CHI,0,37.5,-6.5,22.0,15.5,3.25,0.5,9.0,0.0,0.0,0.0,3.0,16.0,24.0
NE,2024,11,LA,1,42.5,-4.0,23.25,19.25,1.25,1.25,0.0,0.0,0.0,0.0,28.0,-1.0,-1.5
NE,2024,12,MIA,0,46.0,-7.5,26.75,19.25,1.75,0.75,2.0,0.0,1.0,1.0,34.0,9.0,13.5
NE,2024,13,IND,1,41.5,-2.5,22.0,19.5,2.25,1.75,0.0,2.0,0.0,0.0,25.0,4.0,6.0
NE,2024,15,ARI,0,46.5,-6.0,26.25,20.25,2.25,1.25,0.0,0.0,0.0,0.0,30.0,-1.0,-1.5
NE,2024,16,BUF,0,48.0,-14.0,31.0,17.0,0.0,0.25,1.0,1.0,0.0,0.0,24.0,3.0,4.5
NE,2024,17,LAC,1,42.0,-6.0,24.0,18.0,3.25,1.0,0.0,0.0,0.0,0.0,40.0,-4.0,-6.0
NE,2024,18,BUF,1,36.5,-3.0,19.75,16.75,0.25,0.25,0.0,0.0,0.0,0.0,16.0,1.0,1.5
NO,2020,1,TB,1,48.5,4.0,22.25,26.25,0.0,0.0,3.0,2.0,1.0,1.0,23.0,15.0,22.5
NO,2020,2,LV,0,47.5,4.0,21.75,25.75,0.0,0.0,3.0,0.0,1.0,0.0,34.0,4.0,6.0
NO,2020,3,GB,1,52.0,3.5,24.25,27.75,0.5,0.0,1.0,0.0,0.0,0.0,37.0,-3.0,-4.5
NO,2020,4,DET,0,51.5,3.0,24.25,27.25,3.0,0.6666666666666666,3.0,1.0,0.0,0.0,29.0,4.0,6.0
NO,2020,5,LAC,1,49.5,7.0,21.25,28.25,2.0,1.75,3.0,0.0,0.0,0.0,27.0,3.0,4.5
NO,2020,7,CAR,1,49.5,7.0,21.25,28.25,1.5,1.0,1.0,0.0,0.0,0.0,24.0,1.0,1.5
NO,2020,8,CHI,0,41.0,5.5,17.75,23.25,2.0,1.25,5.0,1.0,0.0,0.0,23.0,7.0,10.5
NO,2020,9,TB,0,51.0,-3.0,27.0,24.0,1.25,0.5,3.0,3.0,0.0,0.0,3.0,16.0,24.0
NO,2020,10,SF,1,49.5,9.5,20.0,29.5,1.25,1.5,2.0,2.0,1.0,0.0,13.0,12.0,18.0
NO,2020,11,ATL,1,49.5,3.5,23.0,26.5,2.0,1.0,8.0,2.0,0.0,0.0,9.0,16.0,24.0
NO,2020,12,DEN,0,36.5,17.0,9.75,26.75,1.25,2.25,1.0,2.0,1.0,0.0,3.0,14.0,21.0
NO,2020,13,ATL,0,46.0,2.5,21.75,24.25,3.25,1.25,3.0,0.0,1.0,0.0,16.0,6.0,9.0
NO,2020,14,PHI,0,43.0,7.5,17.75,25.25,5.25,1.25,0.0,0.0,1.0,0.0,24.0,2.0,3.0
NO,2020,15,KC,1,53.5,-2.5,28.0,25.5,1.5,1.5,4.0,0.0,1.0,0.0,32.0,5.0,7.5
NO,2020,16,MIN,1,49.0,6.5,21.25,27.75,3.75,1.5,2.0,0.0,0.0,0.0,33.0,1.0,1.5
NO,2020,17,CAR,0,47.0,6.0,20.5,26.5,2.75,1.5,3.0,5.0,0.0,0.0,7.0,17.0,25.5
NO,2020,18,CHI,1,48.0,11.0,18.5,29.5,0.0,0.0,0.0,0.0,0.0,0.0,9.0,4.0,6.0
NO,2020,19,TB,1,53.0,2.5,25.25,27.75,0.0,0.0,0.0,0.0,0.0,0.0,30.0,-1.0,-1.5
NO,2021,1,GB,1,49.0,-4.0,26.5,22.5,1.75,0.25,2.0,2.0,1.0,0.0,3.0,15.0,22.5
NO,2021,2,CAR,0,45.0,3.0,21.0,24.0,2.75,2.5,2.0,1.0,0.0,0.0,26.0,4.0,6.0
NO,2021,3,NE,0,44.0,-3.0,23.5,20.5,2.5,0.5,2.0,3.0,0.0,1.0,13.0,18.0,27.0
NO,2021,4,NYG,1,43.0,7.5,17.75,25.25,2.5,1.0,0.0,1.0,0.0,0.0,27.0,2.0,3.0
NO,2021,5,WAS,0,43.5,2.5,20.5,23.0,1.0,1.25,2.0,2.0,0.0,0.0,22.0,6.0,9.0
NO,2021,7,SEA,0,42.0,6.0,18.0,24.0,3.0,0.75,5.0,0.0,0.0,0.0,10.0,9.0,13.5
NO,2021,8,TB,1,48.5,-4.0,26.25,22.25,0.75,0.5,3.0,2.0,1.0,1.0,27.0,15.0,22.5
NO,2021,9,ATL,1,43.0,7.0,18.0,25.0,1.25,1.5,2.0,0.0,0.0,0.0,27.0,2.0,3.0
NO,2021,10,TEN,0,44.0,-3.0,23.5,20.5,1.75,1.5,2.0,0.0,0.0,0.0,23.0,2.0,3.0
NO,2021,11,PHI,0,42.5,-2.5,22.5,20.0,1.25,0.75,3.0,0.0,1.0,0.0,40.0,1.0,1.5
NO,2021,12,BUF,1,45.0,-7.0,26.0,19.0,1.75,2.25,2.0,2.0,0.0,0.0,31.0,5.0,7.5
NO,2021,13,DAL,1,46.0,-6.0,26.0,20.0,2.0,1.25,1.0,1.0,0.0,0.0,27.0,3.0,4.5
NO,2021,14,NYJ,0,42.0,4.5,18.75,23.25,2.25,2.0,3.0,0.0,0.0,0.0,9.0,7.0,10.5
NO,2021,15,TB,0,45.5,-11.5,28.5,17.0,1.25,1.25,4.0,1.0,1.0,0.0,0.0,18.0,27.0
NO,2021,16,MIA,1,37.5,-3.0,20.25,17.25,1.25,1.25,3.0,1.0,0.0,0.0,20.0,6.0,9.0
NO,2021,17,CAR,1,37.0,7.0,15.0,22.0,4.25,2.0,7.0,1.0,1.0,0.0,10.0,15.0,22.5
NO,2021,18,ATL,0,40.0,4.5,17.75,22.25,2.75,1.0,3.0,1.0,2.0,0.0,20.0,10.0,15.0
NO,2022,1,ATL,0,43.5,6.0,18.75,24.75,3.5,1.5,0.0,0.0,2.0,0.0,26.0,4.0,6.0
NO,2022,2,TB,1,44.0,-2.5,23.25,20.75,1.0,0.5,1.0,0.0,1.0,0.0,20.0,4.0,6.0
NO,2022,3,CAR,0,41.0,2.0,19.5,21.5,3.75,1.75,3.0,0.0,0.0,0.0,22.0,3.0,4.5
NO,2022,4,MIN,1,42.0,-4.0,23.0,19.0,1.75,1.0,3.0,1.0,1.0,0.0,28.0,6.0,9.0
NO,2022,5,SEA,1,45.5,5.5,20.0,25.5,1.5,1.0,3.0,0.0,1.0,0.0,32.0,4.0,6.0
NO,2022,6,CIN,1,42.5,-3.0,22.75,19.75,3.0,0.5,3.0,0.0,0.0,0.0,30.0,2.0,3.0
NO,2022,7,ARI,0,44.0,-2.5,23.25,20.75,2.5,1.0,2.0,0.0,0.0,0.0,42.0,-2.0,-3.0
NO,2022,8,LV,1,48.5,-1.0,24.75,23.75,1.5,0.25,4.0,1.0,0.0,0.0,0.0,16.0,24.0
NO,2022,9,BAL,1,46.0,-1.0,23.5,22.5,2.25,1.25,3.0,0.0,0.0,0.0,27.0,3.0,4.5
NO,2022,10,PIT,0,39.5,-1.0,20.25,19.25,3.25,1.75,6.0,0.0,0.0,0.0,20.0,7.0,10.5
NO,2022,11,LA,1,39.5,2.5,18.5,21.0,2.5,0.75,4.0,0.0,0.0,0.0,20.0,5.0,7.5
NO,2022,12,SF,0,44.0,-9.5,26.75,17.25,2.25,1.25,1.0,0.0,0.0,0.0,13.0,5.0,7.5
NO,2022,13,TB,0,41.0,-3.5,22.25,18.75,1.75,0.5,1.0,1.0,1.0,0.0,17.0,6.0,9.0
NO,2022,15,ATL,1,43.5,5.0,19.25,24.25,1.75,1.0,4.0,0.0,1.0,0.0,18.0,7.0,10.5
NO,2022,16,CLE,0,32.0,-3.0,17.5,14.5,2.5,1.25,2.0,1.0,0.0,0.0,10.0,8.0,12.0
NO,2022,17,PHI,0,41.5,-5.5,23.5,18.0,1.75,1.75,6.0,1.0,0.0,1.0,10.0,18.0,27.0
NO,2022,18,CAR,1,41.5,3.5,19.0,22.5,2.0,0.75,2.0,2.0,0.0,0.0,10.0,10.0,15.0
NO,2023,1,TEN,1,41.0,3.0,19.0,22.0,3.5,2.0,3.0,3.0,0.0,0.0,15.0,10.0,15.0
NO,2023,2,CAR,0,39.5,3.0,18.25,21.25,1.5,2.0,4.0,0.0,1.0,0.0,17.0,7.0,10.5
NO,2023,3,GB,0,41.5,1.5,20.0,21.5,1.25,0.5,1.0,1.0,0.0,1.0,18.0,10.0,15.0
NO,2023,4,TB,1,41.0,4.0,18.5,22.5,0.75,0.75,1.0,1.0,0.0,0.0,26.0,3.0,4.5
NO,2023,5,NE,0,38.5,-2.5,20.5,18.0,2.0,1.75,2.0,2.0,1.0,1.0,0.0,24.0,36.0
NO,2023,6,HOU,0,42.5,2.0,20.25,22.25,1.5,0.25,2.0,1.0,1.0,0.0,20.0,7.0,10.5
NO,2023,7,JAX,1,41.0,2.5,19.25,21.75,2.5,1.25,0.0,0.0,1.0,0.0,31.0,1.0,1.5
NO,2023,8,IND,0,43.5,2.0,20.75,22.75,2.5,2.25,2.0,1.0,0.0,0.0,27.0,4.0,6.0
NO,2023,9,CHI,1,42.0,9.0,16.5,25.5,2.75,1.25,2.0,3.0,2.0,0.0,17.0,13.0,19.5
NO,2023,10,MIN,0,41.0,3.0,19.0,22.0,2.25,1.25,1.0,0.0,0.0,0.0,27.0,1.0,1.5
NO,2023,12,ATL,0,42.0,2.0,20.0,22.0,2.75,1.5,0.0,2.0,0.0,0.0,24.0,4.0,6.0
NO,2023,13,DET,1,47.5,-4.0,25.75,21.75,1.5,2.5,1.0,0.0,0.0,0.0,33.0,0.0,0.0
NO,2023,14,CAR,1,39.0,5.5,16.75,22.25,4.5,1.0,4.0,0.0,2.0,1.0,6.0,21.0,31.5
NO,2023,15,NYG,1,39.5,6.0,16.75,22.75,5.0,1.0,7.0,0.0,0.0,0.0,6.0,14.0,21.0
NO,2023,16,LA,0,45.5,-4.0,24.75,20.75,1.25,0.75,1.0,0.0,0.0,0.0,30.0,0.0,0.0
NO,2023,17,TB,0,42.5,-2.5,22.5,20.0,2.25,0.5,2.0,2.0,2.0,0.0,13.0,14.0,21.0
NO,2023,18,ATL,1,41.5,3.5,19.0,22.5,1.5,1.75,1.0,2.0,1.0,0.0,17.0,8.0,12.0
NO,2024,1,CAR,1,41.5,3.5,19.0,22.5,3.5,0.75,4.0,2.0,2.0,0.0,10.0,16.0,24.0
NO,2024,2,DAL,0,47.0,-6.5,26.75,20.25,2.5,1.0,3.0,2.0,0.0,0.0,19.0,8.0,12.0
NO,2024,3,PHI,1,49.0,2.5,23.25,25.75,2.0,2.25,4.0,1.0,1.0,0.0,15.0,9.0,13.5
NO,2024,4,ATL,0,41.5,-2.5,22.0,19.5,1.5,1.75,1.0,1.0,1.0,0.0,26.0,5.0,7.5
NO,2024,5,KC,0,43.0,-5.5,24.25,18.75,1.75,1.75,2.0,1.0,0.0,0.0,26.0,4.0,6.0
NO,2024,6,TB,1,42.5,-3.5,23.0,19.5,3.75,1.25,1.0,3.0,0.0,1.0,51.0,9.0,13.5
NO,2024,7,DEN,1,37.0,-2.5,19.75,17.25,1.25,1.0,0.0,0.0,1.0,0.0,33.0,1.0,1.5
NO,2024,8,LAC,0,41.5,-7.0,24.25,17.25,3.25,0.25,3.0,0.0,0.0,0.0,26.0,3.0,4.5
NO,2024,9,CAR,0,43.5,7.0,18.25,25.25,2.0,2.25,1.0,1.0,0.0,0.0,23.0,3.0,4.5
NO,2024,10,ATL,1,46.5,-3.5,25.0,21.5,1.75,1.25,3.0,1.0,0.0,0.0,17.0,6.0,9.0
NO,2024,11,CLE,1,44.0,-1.0,22.5,21.5,4.25,1.5,3.0,0.0,0.0,0.0,14.0,4.0,6.0
NO,2024,13,LA,1,48.5,-2.5,25.5,23.0,2.25,1.0,2.0,0.0,0.0,0.0,21.0,2.0,3.0
NO,2024,14,NYG,0,41.0,5.5,17.75,23.25,3.5,1.75,2.0,1.0,0.0,0.0,11.0,8.0,12.0
NO,2024,15,WAS,1,44.5,-7.5,26.0,18.5,3.0,1.25,8.0,0.0,0.0,0.0,20.0,9.0,13.5
NO,2024,16,GB,0,44.0,-14.0,29.0,15.0,0.75,0.75,0.0,0.0,0.0,0.0,34.0,-1.0,-1.5
NO,2024,17,LV,1,37.5,-2.0,19.75,17.75,2.75,1.5,1.0,0.0,0.0,0.0,25.0,1.0,1.5
NO,2024,18,TB,0,44.5,-14.5,29.5,15.0,2.75,1.75,1.0,1.0,0.0,0.0,27.0,3.0,4.5
NYG,2020,1,PIT,1,44.0,-6.0,25.0,19.0,0.0,0.0,2.0,0.0,0.0,0.0,26.0,2.0,3.0
NYG,2020,2,CHI,0,42.5,-4.5,23.5,19.0,1.0,0.0,4.0,2.0,0.0,0.0,17.0,9.0,13.5
NYG,2020,3,SF,1,44.0,-3.0,23.5,20.5,3.0,0.5,2.0,0.0,0.0,0.0,36.0,-2.0,-3.0
NYG,2020,4,LA,0,49.5,-13.5,31.5,18.0,1.3333333333333333,1.0,2.0,0.0,1.0,0.0,17.0,5.0,7.5
NYG,2020,5,DAL,0,52.0,-7.5,29.75,22.25,2.25,2.25,2.0,1.0,1.0,1.0,37.0,8.0,12.0
NYG,2020,6,WAS,1,42.5,2.0,20.25,22.25,4.5,1.75,3.0,1.0,1.0,1.0,19.0,14.0,21.0
NYG,2020,7,PHI,0,44.5,-5.0,24.75,19.75,4.25,1.5,3.0,1.0,0.0,0.0,22.0,5.0,7.5
NYG,2020,8,TB,1,47.0,-13.0,30.0,17.0,0.75,0.5,2.0,0.0,1.0,0.0,25.0,4.0,6.0
NYG,2020,9,WAS,0,43.0,-3.0,23.0,20.0,4.0,0.75,2.0,3.0,1.0,0.0,20.0,11.0,16.5
NYG,2020,10,PHI,1,45.0,-4.5,24.75,20.25,4.5,2.0,3.0,0.0,0.0,0.0,17.0,4.0,6.0
NYG,2020,12,CIN,0,45.0,6.5,19.25,25.75,3.0,1.25,2.0,1.0,2.0,0.0,17.0,9.0,13.5
NYG,2020,13,SEA,0,48.5,-11.0,29.75,18.75,4.0,1.75,5.0,1.0,1.0,0.0,12.0,13.0,19.5
NYG,2020,14,ARI,1,47.0,-3.0,25.0,22.0,2.5,1.5,1.0,0.0,0.0,0.0,26.0,1.0,1.5
NYG,2020,15,CLE,1,44.5,-6.0,25.25,19.25,1.25,1.0,1.0,0.0,0.0,0.0,20.0,2.0,3.0
NYG,2020,16,BAL,0,43.5,-10.0,26.75,16.75,2.0,1.25,0.0,0.0,1.0,0.0,27.0,2.0,3.0
NYG,2020,17,DAL,1,44.5,-1.5,23.0,21.5,1.75,0.75,6.0,1.0,0.0,0.0,19.0,9.0,13.5
NYG,2021,1,DEN,1,41.5,-3.0,22.25,19.25,2.0,1.25,2.0,0.0,1.0,0.0,27.0,4.0,6.0
NYG,2021,2,WAS,0,42.0,-4.0,23.0,19.0,2.75,2.0,1.0,1.0,0.0,0.0,30.0,2.0,3.0
NYG,2021,3,ATL,1,48.0,3.0,22.5,25.5,2.25,1.5,3.0,0.0,1.0,0.0,17.0,6.0,9.0
NYG,2021,4,NO,0,43.0,-7.5,25.25,17.75,2.25,0.5,0.0,1.0,0.0,0.0,21.0,2.0,3.0
NYG,2021,5,DAL,0,53.0,-7.5,30.25,22.75,1.75,0.75,2.0,1.0,1.0,0.0,44.0,2.0,3.0
NYG,2021,6,LA,1,49.5,-7.5,28.5,21.0,0.75,1.25,2.0,2.0,0.0,0.0,38.0,2.0,3.0
NYG,2021,7,CAR,1,42.5,-3.0,22.75,19.75,3.75,2.0,6.0,1.0,0.0,0.0,3.0,15.0,22.5
NYG,2021,8,KC,0,53.0,-10.5,31.75,21.25,2.5,2.75,2.0,1.0,1.0,0.0,20.0,7.0,10.5
NYG,2021,9,LV,1,47.0,-3.0,25.0,22.0,2.25,0.75,1.0,2.0,1.0,1.0,16.0,14.0,21.0
NYG,2021,11,TB,0,49.5,-11.5,30.5,19.0,0.75,1.75,1.0,1.0,0.0,0.0,30.0,2.0,3.0
NYG,2021,12,PHI,1,45.5,-4.0,24.75,20.75,1.5,0.5,1.0,3.0,1.0,0.0,7.0,13.0,19.5
NYG,2021,13,MIA,0,40.0,-6.5,23.25,16.75,2.5,1.5,2.0,0.0,0.0,0.0,20.0,3.0,4.5
NYG,2021,14,LAC,0,44.0,-9.5,26.75,17.25,2.75,1.75,2.0,0.0,0.0,0.0,37.0,-2.0,-3.0
NYG,2021,15,DAL,1,43.0,-11.5,27.25,15.75,2.75,1.5,3.0,0.0,1.0,0.0,21.0,5.0,7.5
NYG,2021,16,PHI,0,41.0,-11.0,26.0,15.0,2.25,1.75,1.0,0.0,0.0,0.0,34.0,0.0,0.0
NYG,2021,17,CHI,0,36.5,-7.0,21.75,14.75,3.0,2.25,2.0,2.0,0.0,0.0,29.0,5.0,7.5
NYG,2021,18,WAS,1,36.0,-6.0,21.0,15.0,3.75,1.75,3.0,0.0,0.0,0.0,22.0,3.0,4.5
NYG,2022,1,TEN,0,43.5,-5.5,24.5,19.0,2.5,1.0,1.0,0.0,0.0,0.0,20.0,2.0,3.0
NYG,2022,2,CAR,1,44.0,-1.0,22.5,21.5,5.0,1.5,2.0,0.0,2.0,0.0,16.0,7.0,10.5
NYG,2022,3,DAL,1,38.5,1.0,18.75,19.75,1.75,0.75,0.0,0.0,0.0,0.0,23.0,0.0,0.0
NYG,2022,4,CHI,1,39.0,3.0,18.0,21.0,4.25,1.5,6.0,0.0,3.0,0.0,12.0,16.0,24.0
NYG,2022,5,GB,0,42.0,-8.5,25.25,16.75,2.25,1.75,2.0,0.0,0.0,0.0,22.0,2.0,3.0
NYG,2022,6,BAL,1,46.0,-5.5,25.75,20.25,1.75,1.25,2.0,1.0,1.0,0.0,20.0,7.0,10.5
NYG,2022,7,JAX,0,44.0,-3.0,23.5,20.5,2.0,2.0,0.0,0.0,1.0,0.0,17.0,3.0,4.5
NYG,2022,8,SEA,0,44.5,-3.0,23.75,20.75,2.5,1.0,3.0,0.0,3.0,0.0,27.0,9.0,13.5
NYG,2022,10,HOU,1,41.5,5.5,18.0,23.5,2.0,1.25,4.0,1.0,1.0,0.0,16.0,9.0,13.5
NYG,2022,11,DET,1,44.0,3.0,20.5,23.5,2.0,1.5,0.0,0.0,0.0,0.0,31.0,-1.0,-1.5
NYG,2022,12,DAL,0,45.5,-10.5,28.0,17.5,1.25,1.25,0.0,2.0,0.0,0.0,28.0,3.0,4.5
NYG,2022,13,WAS,1,40.0,-2.5,21.25,18.75,1.5,1.0,5.0,0.0,1.0,0.0,20.0,8.0,12.0
NYG,2022,14,PHI,1,44.5,-7.5,26.0,18.5,2.0,1.75,4.0,0.0,0.0,0.0,48.0,0.0,0.0
NYG,2022,15,WAS,0,40.5,-4.5,22.5,18.0,2.0,1.0,3.0,0.0,2.0,1.0,12.0,17.0,25.5
NYG,2022,16,MIN,0,48.0,-4.5,26.25,21.75,3.5,1.5,4.0,0.0,0.0,0.0,27.0,4.0,6.0
NYG,2022,17,IND,1,38.5,5.5,16.5,22.0,4.0,2.75,2.0,1.0,0.0,1.0,10.0,14.0,21.0
NYG,2022,18,PHI,0,42.5,-16.5,29.5,13.0,2.75,2.0,3.0,1.0,0.0,0.0,22.0,5.0,7.5
NYG,2022,19,MIN,0,48.0,-2.5,25.25,22.75,0.0,0.0,0.0,0.0,0.0,0.0,24.0,0.0,0.0
NYG,2022,20,PHI,0,48.0,-8.0,28.0,20.0,0.0,0.0,0.0,0.0,0.0,0.0,38.0,-4.0,-6.0
NYG,2023,1,DAL,1,44.5,-3.5,24.0,20.5,2.75,1.75,0.0,0.0,0.0,0.0,40.0,-4.0,-6.0
NYG,2023,2,ARI,0,40.0,5.0,17.5,22.5,2.25,2.25,0.0,0.0,0.0,0.0,28.0,-1.0,-1.5
NYG,2023,3,SF,0,43.5,-10.5,27.0,16.5,2.0,0.5,2.0,0.0,0.0,0.0,30.0,1.0,1.5
NYG,2023,4,SEA,1,46.5,-2.5,24.5,22.0,2.0,0.75,2.0,0.0,0.0,0.0,24.0,2.0,3.0
NYG,2023,5,MIA,0,47.5,-12.5,30.0,17.5,1.25,1.25,1.0,2.0,1.0,1.0,31.0,12.0,18.0
NYG,2023,6,BUF,0,43.5,-15.5,29.5,14.0,1.0,0.75,0.0,1.0,1.0,0.0,14.0,5.0,7.5
NYG,2023,7,WAS,1,37.0,-3.0,20.0,17.0,6.0,1.75,6.0,1.0,1.0,0.0,7.0,14.0,21.0
NYG,2023,8,NYJ,1,35.0,-3.0,19.0,16.0,3.5,0.75,4.0,0.0,2.0,0.0,13.0,12.0,18.0
NYG,2023,9,LV,0,38.5,-1.0,19.75,18.75,2.75,1.5,0.0,0.0,0.0,0.0,30.0,-1.0,-1.5
NYG,2023,10,DAL,0,38.5,-17.5,28.0,10.5,4.25,1.5,0.0,2.0,0.0,0.0,49.0,0.0,0.0
NYG,2023,11,WAS,0,39.0,-7.5,23.25,15.75,3.25,1.5,4.0,3.0,3.0,1.0,19.0,23.0,34.5
NYG,2023,12,NE,1,36.5,-4.5,20.5,16.0,2.25,1.25,2.0,3.0,0.0,0.0,7.0,12.0,18.0
NYG,2023,14,GB,1,37.5,-6.0,21.75,15.75,1.5,0.5,2.0,1.0,2.0,0.0,22.0,8.0,12.0
NYG,2023,15,NO,0,39.5,-6.0,22.75,16.75,1.75,1.75,1.0,0.0,0.0,0.0,24.0,1.0,1.5
NYG,2023,16,PHI,0,41.0,-14.0,27.5,13.5,1.5,1.75,1.0,1.0,1.0,1.0,33.0,10.0,15.0
NYG,2023,17,LA,1,43.5,-6.0,24.75,18.75,1.5,0.5,4.0,2.0,1.0,1.0,26.0,16.0,24.0
NYG,2023,18,PHI,1,43.0,-4.5,23.75,19.25,0.5,2.0,5.0,2.0,2.0,0.0,10.0,17.0,25.5
NYG,2024,1,MIN,1,42.5,-1.0,21.75,20.75,3.75,2.75,1.0,1.0,1.0,0.0,28.0,4.0,6.0
NYG,2024,2,WAS,0,42.5,-1.5,22.0,20.5,2.0,1.75,5.0,0.0,0.0,0.0,21.0,5.0,7.5
NYG,2024,3,CLE,0,38.0,-6.5,22.25,15.75,3.0,1.75,8.0,0.0,2.0,0.0,15.0,13.0,19.5
NYG,2024,4,DAL,1,45.0,-5.5,25.25,19.75,2.25,1.0,1.0,0.0,0.0,0.0,20.0,2.0,3.0
NYG,2024,5,SEA,0,42.5,-7.0,24.75,17.75,2.75,1.25,7.0,0.0,1.0,1.0,20.0,16.0,24.0
NYG,2024,6,CIN,1,46.0,-4.5,25.25,20.75,2.0,0.75,4.0,0.0,1.0,0.0,17.0,7.0,10.5
NYG,2024,7,PHI,1,42.0,-3.0,22.5,19.5,3.0,1.0,5.0,0.0,0.0,0.0,28.0,4.0,6.0
NYG,2024,8,PIT,0,37.5,-6.0,21.75,15.75,2.75,0.75,4.0,0.0,1.0,0.0,26.0,6.0,9.0
NYG,2024,9,WAS,1,44.5,-4.5,24.5,20.0,2.25,0.5,0.0,0.0,0.0,0.0,27.0,0.0,0.0
NYG,2024,10,CAR,0,40.5,6.5,17.0,23.5,1.25,1.75,1.0,0.0,1.0,0.0,20.0,4.0,6.0
NYG,2024,12,TB,1,40.5,-6.5,23.5,17.0,1.75,1.5,0.0,0.0,1.0,0.0,30.0,1.0,1.5
NYG,2024,13,DAL,0,39.0,-4.5,21.75,17.25,3.0,2.0,0.0,0.0,0.0,0.0,27.0,0.0,0.0
NYG,2024,14,NO,1,41.0,-5.5,23.25,17.75,0.5,0.5,2.0,1.0,0.0,0.0,14.0,5.0,7.5
NYG,2024,15,BAL,1,43.5,-16.5,30.0,13.5,1.5,0.75,3.0,0.0,1.0,0.0,35.0,1.0,1.5
NYG,2024,16,ATL,0,42.5,-9.5,26.0,16.5,2.25,2.25,0.0,1.0,0.0,0.0,34.0,1.0,1.5
NYG,2024,17,IND,1,40.5,-7.5,24.0,16.5,0.75,2.0,2.0,2.0,1.0,0.0,33.0,7.0,10.5
NYG,2024,18,PHI,0,36.5,-3.0,19.75,16.75,2.75,0.75,2.0,0.0,0.0,0.0,20.0,3.0,4.5
NYJ,2020,1,BUF,0,39.5,-6.5,23.0,16.5,0.0,0.0,3.0,0.0,2.0,0.0,27.0,7.0,10.5
NYJ,2020,2,SF,1,41.5,-7.0,24.25,17.25,3.0,0.0,3.0,1.0,0.0,0.0,31.0,4.0,6.0
NYJ,2020,3,IND,0,44.0,-12.5,28.25,15.75,1.5,1.5,0.0,0.0,0.0,0.0,36.0,-4.0,-6.0
NYJ,2020,4,DEN,1,41.0,1.0,20.0,21.0,4.333333333333333,1.6666666666666667,0.0,3.0,0.0,1.0,37.0,8.0,12.0
NYJ,2020,5,ARI,1,48.5,-7.0,27.75,20.75,1.75,1.75,1.0,1.0,0.0,0.0,30.0,2.0,3.0
NYJ,2020,6,MIA,0,46.0,-9.5,27.75,18.25,1.75,0.5,2.0,2.0,0.0,0.0,24.0,6.0,9.0
NYJ,2020,7,BUF,1,47.0,-9.5,28.25,18.75,1.5,1.5,2.0,0.0,1.0,0.0,18.0,5.0,7.5
NYJ,2020,8,KC,0,49.0,-20.0,34.5,14.5,2.25,1.0,0.0,0.0,0.0,0.0,35.0,-4.0,-6.0
NYJ,2020,9,NE,1,41.5,-9.5,25.5,16.0,2.5,3.0,0.0,0.0,0.0,0.0,30.0,-1.0,-1.5
NYJ,2020,11,LAC,0,47.0,-10.0,28.5,18.5,1.75,0.75,3.0,0.0,1.0,0.0,34.0,4.0,6.0
NYJ,2020,12,MIA,1,46.0,-7.5,26.75,19.25,2.5,1.0,4.0,0.0,2.0,0.0,20.0,9.0,13.5
NYJ,2020,13,LV,1,48.0,-7.5,27.75,20.25,1.5,2.0,2.0,1.0,1.0,0.0,31.0,5.0,7.5
NYJ,2020,14,SEA,0,49.5,-16.5,33.0,16.5,4.0,1.25,1.0,1.0,0.0,0.0,40.0,-1.0,-1.5
NYJ,2020,15,LA,0,44.5,-17.5,31.0,13.5,1.0,1.75,3.0,1.0,0.0,0.0,20.0,6.0,9.0
NYJ,2020,16,CLE,1,45.0,-6.5,25.75,19.25,0.75,0.75,4.0,0.0,2.0,0.0,16.0,9.0,13.5
NYJ,2020,17,NE,0,41.0,-3.0,22.0,19.0,3.25,0.5,3.0,0.0,0.0,0.0,28.0,2.0,3.0
NYJ,2021,1,CAR,0,44.5,-3.5,24.0,20.5,3.5,2.25,1.0,0.0,1.0,0.0,19.0,4.0,6.0
NYJ,2021,2,NE,1,43.0,-5.5,24.25,18.75,2.5,0.75,3.0,0.0,0.0,0.0,25.0,3.0,4.5
NYJ,2021,3,DEN,0,42.0,-10.5,26.25,15.75,2.25,0.75,2.0,0.0,1.0,0.0,26.0,4.0,6.0
NYJ,2021,4,TEN,1,44.5,-5.5,25.0,19.5,3.0,2.0,7.0,0.0,0.0,0.0,24.0,7.0,10.5
NYJ,2021,5,ATL,0,45.5,-3.0,24.25,21.25,2.0,1.0,0.0,0.0,2.0,0.0,27.0,4.0,6.0
NYJ,2021,7,NE,0,43.0,-7.0,25.0,18.0,2.25,2.25,1.0,0.0,0.0,0.0,54.0,-3.0,-4.5
NYJ,2021,8,CIN,1,43.5,-11.5,27.5,16.0,1.75,1.0,3.0,1.0,0.0,0.0,31.0,4.0,6.0
NYJ,2021,9,IND,0,46.0,-10.5,28.25,17.75,1.5,1.25,1.0,0.0,0.0,0.0,45.0,-3.0,-4.5
NYJ,2021,10,BUF,1,47.0,-13.0,30.0,17.0,1.75,1.0,2.0,1.0,1.0,0.0,45.0,2.0,3.0
NYJ,2021,11,MIA,1,44.5,-3.5,24.0,20.5,2.75,2.0,0.0,1.0,0.0,0.0,24.0,2.0,3.0
NYJ,2021,12,HOU,0,44.5,-3.0,23.75,20.75,3.0,2.0,5.0,1.0,0.0,0.0,14.0,8.0,12.0
NYJ,2021,13,PHI,1,44.0,-5.0,24.5,19.5,1.75,1.5,2.0,0.0,0.0,0.0,33.0,1.0,1.5
NYJ,2021,14,NO,1,42.0,-4.5,23.25,18.75,2.0,2.25,3.0,0.0,0.0,0.0,30.0,2.0,3.0
NYJ,2021,15,MIA,0,42.0,-10.5,26.25,15.75,2.0,0.5,1.0,2.0,1.0,1.0,31.0,12.0,18.0
NYJ,2021,16,JAX,1,42.5,2.5,20.0,22.5,2.25,2.0,1.0,0.0,1.0,0.0,21.0,3.0,4.5
NYJ,2021,17,TB,1,48.0,-14.5,31.25,16.75,1.5,0.75,1.0,1.0,0.0,0.0,28.0,2.0,3.0
NYJ,2021,18,BUF,0,43.0,-16.0,29.5,13.5,2.0,1.25,0.0,0.0,0.0,0.0,27.0,0.0,0.0
NYJ,2022,1,BAL,1,44.0,-6.5,25.25,18.75,2.5,1.5,2.0,1.0,0.0,0.0,24.0,4.0,6.0
NYJ,2022,2,CLE,0,38.5,-6.5,22.5,16.0,4.0,2.0,1.0,1.0,0.0,0.0,30.0,2.0,3.0
NYJ,2022,3,CIN,1,46.0,-6.5,26.25,19.75,5.25,1.25,2.0,0.0,1.0,0.0,27.0,4.0,6.0
NYJ,2022,4,PIT,0,41.0,-3.0,22.0,19.0,1.5,0.75,3.0,4.0,0.0,0.0,20.0,12.0,18.0
NYJ,2022,5,MIA,1,46.0,-3.0,24.5,21.5,1.75,1.0,2.0,1.0,1.0,0.0,17.0,7.0,10.5
NYJ,2022,6,GB,0,44.5,-7.5,26.0,18.5,1.75,1.25,4.0,0.0,1.0,1.0,10.0,16.0,24.0
NYJ,2022,7,DEN,0,37.0,2.0,17.5,19.5,3.75,0.75,1.0,1.0,0.0,0.0,9.0,7.0,10.5
NYJ,2022,8,NE,1,40.0,-3.0,21.5,18.5,1.75,2.0,6.0,1.0,0.0,0.0,22.0,8.0,12.0
NYJ,2022,9,BUF,1,46.0,-11.0,28.5,17.5,1.0,1.75,5.0,2.0,0.0,0.0,17.0,10.0,15.0
NYJ,2022,11,NE,0,38.5,-3.5,21.0,17.5,3.25,2.0,6.0,0.0,0.0,0.0,10.0,10.0,15.0
NYJ,2022,12,CHI,1,36.5,8.5,14.0,22.5,3.25,1.0,2.0,1.0,0.0,0.0,10.0,8.0,12.0
NYJ,2022,13,MIN,0,44.0,-3.0,23.5,20.5,3.5,1.25,2.0,0.0,0.0,0.0,27.0,2.0,3.0
NYJ,2022,14,BUF,0,43.5,-10.0,26.75,16.75,2.25,1.5,3.0,0.0,0.0,0.0,20.0,4.0,6.0
NYJ,2022,15,DET,1,44.0,2.0,21.0,23.0,1.0,0.5,0.0,0.0,0.0,0.0,20.0,1.0,1.5
NYJ,2022,16,JAX,1,36.5,2.5,17.0,19.5,1.75,1.25,1.0,0.0,1.0,0.0,19.0,4.0,6.0
NYJ,2022,17,SEA,0,43.0,1.0,21.0,22.0,3.0,1.5,4.0,0.0,0.0,0.0,23.0,4.0,6.0
NYJ,2022,18,MIA,0,37.5,-3.5,20.5,17.0,2.0,1.5,1.0,0.0,0.0,0.0,11.0,5.0,7.5
NYJ,2023,1,BUF,1,44.5,-2.5,23.5,21.0,2.0,1.5,5.0,3.0,1.0,1.0,16.0,20.0,30.0
NYJ,2023,2,DAL,0,38.5,-8.5,23.5,15.0,2.0,1.25,1.0,0.0,0.0,0.0,30.0,0.0,0.0
NYJ,2023,3,NE,1,35.5,-2.5,19.0,16.5,2.5,2.0,0.0,0.0,0.0,0.0,15.0,1.0,1.5
NYJ,2023,4,KC,1,41.5,-9.5,25.5,16.0,0.75,1.25,1.0,2.0,0.0,0.0,23.0,5.0,7.5
NYJ,2023,5,DEN,0,42.5,-2.5,22.5,20.0,2.75,1.25,4.0,0.0,3.0,1.0,21.0,16.0,24.0
NYJ,2023,6,PHI,1,43.0,-6.5,24.75,18.25,2.25,1.25,2.0,3.0,1.0,0.0,14.0,11.0,16.5
NYJ,2023,8,NYG,0,35.0,3.0,16.0,19.0,6.25,1.0,4.0,0.0,0.0,0.0,10.0,8.0,12.0
NYJ,2023,9,LAC,1,41.0,-3.0,22.0,19.0,2.0,1.5,5.0,0.0,0.0,0.0,27.0,5.0,7.5
NYJ,2023,10,LV,0,35.5,1.0,17.25,18.25,1.75,1.25,3.0,1.0,1.0,0.0,16.0,8.0,12.0
NYJ,2023,11,BUF,0,39.5,-8.0,23.75,15.75,1.0,2.25,1.0,1.0,0.0,0.0,32.0,2.0,3.0
NYJ,2023,12,MIA,1,40.0,-9.5,24.75,15.25,2.5,1.75,2.0,2.0,1.0,1.0,34.0,13.0,19.5
NYJ,2023,13,ATL,1,33.0,-2.0,17.5,15.5,2.5,1.25,3.0,0.0,0.0,0.0,13.0,7.0,10.5
NYJ,2023,14,HOU,1,33.5,-3.5,18.5,15.0,3.5,1.75,5.0,0.0,0.0,0.0,6.0,12.0,18.0
NYJ,2023,15,MIA,0,36.0,-7.5,21.75,14.25,2.0,2.0,3.0,0.0,0.0,0.0,30.0,2.0,3.0
NYJ,2023,16,WAS,1,36.5,3.0,16.75,19.75,3.0,2.25,1.0,2.0,0.0,0.0,28.0,4.0,6.0
NYJ,2023,17,CLE,0,33.5,-6.5,20.0,13.5,2.0,2.5,1.0,1.0,2.0,1.0,37.0,9.0,13.5
NYJ,2023,18,NE,0,28.5,-2.5,15.5,13.0,2.75,1.75,7.0,2.0,1.0,0.0,3.0,20.0,30.0
NYJ,2024,1,SF,0,43.0,-3.5,23.25,19.75,2.0,1.5,3.0,0.0,0.0,0.0,32.0,2.0,3.0
NYJ,2024,2,TEN,0,41.5,3.5,19.0,22.5,4.25,1.25,4.0,1.0,1.0,0.0,17.0,9.0,13.5
NYJ,2024,3,NE,1,39.0,6.5,16.25,22.75,3.5,2.0,7.0,0.0,1.0,0.0,3.0,16.0,24.0
NYJ,2024,4,DEN,1,39.5,7.5,16.0,23.5,2.25,2.0,0.0,0.0,1.0,0.0,10.0,6.0,9.0
NYJ,2024,5,MIN,0,42.0,-2.5,22.25,19.75,2.75,1.5,4.0,1.0,1.0,0.0,23.0,8.0,12.0
NYJ,2024,6,BUF,1,42.0,-1.0,21.5,20.5,1.0,0.25,2.0,0.0,0.0,0.0,23.0,2.0,3.0
NYJ,2024,7,PIT,0,40.0,3.0,18.5,21.5,3.0,1.0,1.0,0.0,0.0,0.0,37.0,-3.0,-4.5
NYJ,2024,8,NE,0,41.0,7.0,17.0,24.0,3.5,1.75,2.0,0.0,0.0,0.0,25.0,2.0,3.0
NYJ,2024,9,HOU,1,43.5,2.5,20.5,23.0,2.25,1.25,8.0,0.0,1.0,0.0,13.0,14.0,21.0
NYJ,2024,10,ARI,0,45.5,2.0,21.75,23.75,0.75,1.75,1.0,0.0,0.0,0.0,31.0,0.0,0.0
NYJ,2024,11,IND,1,43.0,4.0,19.5,23.5,3.0,2.25,2.0,0.0,1.0,0.0,28.0,3.0,4.5
NYJ,2024,13,SEA,1,41.5,1.0,20.25,21.25,4.25,1.5,3.0,0.0,2.0,0.0,26.0,7.0,10.5
NYJ,2024,14,MIA,0,45.0,-6.5,25.75,19.25,3.0,0.75,0.0,0.0,0.0,0.0,32.0,-1.0,-1.5
NYJ,2024,15,JAX,0,41.5,3.5,19.0,22.5,1.25,1.75,2.0,2.0,0.0,0.0,25.0,6.0,9.0
NYJ,2024,16,LA,1,47.0,-3.0,25.0,22.0,1.75,0.25,0.0,1.0,1.0,0.0,19.0,5.0,7.5
NYJ,2024,17,BUF,0,44.5,-10.0,27.25,17.25,0.25,0.25,0.0,0.0,0.0,0.0,40.0,-4.0,-6.0
NYJ,2024,18,MIA,1,39.5,1.5,19.0,20.5,1.75,1.0,4.0,2.0,2.0,0.0,20.0,13.0,19.5
PHI,2020,1,WAS,0,41.5,5.5,18.0,23.5,0.0,0.0,3.0,0.0,0.0,0.0,27.0,3.0,4.5
PHI,2020,2,LA,1,46.0,2.0,22.0,24.0,1.0,1.0,1.0,0.0,0.0,0.0,37.0,-3.0,-4.5
PHI,2020,3,CIN,1,46.5,5.5,20.5,26.0,3.0,1.5,8.0,0.0,0.0,0.0,23.0,8.0,12.0
PHI,2020,4,SF,0,45.5,-8.5,27.0,18.5,2.6666666666666665,0.3333333333333333,5.0,2.0,1.0,1.0,20.0,18.0,27.0
PHI,2020,5,PIT,0,44.0,-7.5,25.75,18.25,1.6666666666666667,0.6666666666666666,1.0,0.0,1.0,0.0,38.0,-1.0,-1.5
PHI,2020,6,BAL,1,46.5,-10.5,28.5,18.0,2.5,1.0,3.0,0.0,0.0,0.0,30.0,2.0,3.0
PHI,2020,7,NYG,1,44.5,5.0,19.75,24.75,2.5,1.5,3.0,1.0,2.0,0.0,21.0,9.0,13.5
PHI,2020,8,DAL,1,43.0,10.0,16.5,26.5,3.5,2.5,4.0,0.0,2.0,1.0,9.0,18.0,27.0
PHI,2020,10,NYG,0,45.0,4.5,20.25,24.75,3.0,1.75,3.0,0.0,0.0,0.0,27.0,3.0,4.5
PHI,2020,11,CLE,0,45.5,-2.5,24.0,21.5,1.25,1.0,3.0,0.0,1.0,0.0,22.0,5.0,7.5
PHI,2020,12,SEA,1,50.0,-6.5,28.25,21.75,4.0,1.75,2.0,0.0,0.0,0.0,23.0,2.0,3.0
PHI,2020,13,GB,0,50.0,-8.0,29.0,21.0,0.75,1.5,2.0,0.0,0.0,1.0,30.0,7.0,10.5
PHI,2020,14,NO,1,43.0,-7.5,25.25,17.75,2.75,1.5,5.0,1.0,1.0,0.0,21.0,9.0,13.5
PHI,2020,15,ARI,0,49.5,-6.5,28.0,21.5,2.0,1.0,1.0,1.0,2.0,0.0,33.0,6.0,9.0
PHI,2020,16,DAL,0,50.0,3.0,23.5,26.5,2.25,1.0,2.0,1.0,0.0,0.0,37.0,0.0,0.0
PHI,2020,17,WAS,1,43.5,-6.5,25.0,18.5,3.0,1.5,3.0,2.0,0.0,0.0,20.0,8.0,12.0
PHI,2021,1,ATL,0,49.0,-3.5,26.25,22.75,2.5,1.5,3.0,0.0,0.0,0.0,6.0,10.0,15.0
PHI,2021,2,SF,1,49.0,-3.0,26.0,23.0,2.25,1.75,0.0,0.0,0.0,0.0,17.0,1.0,1.5
PHI,2021,3,DAL,0,51.5,-3.5,27.5,24.0,2.75,1.0,4.0,0.0,1.0,1.0,41.0,8.0,12.0
PHI,2021,4,KC,1,53.5,-7.5,30.5,23.0,1.25,1.5,1.0,1.0,0.0,0.0,42.0,-1.0,-1.5
PHI,2021,5,CAR,0,46.0,-2.5,24.25,21.75,2.75,1.0,3.0,3.0,0.0,0.0,18.0,10.0,15.0
PHI,2021,6,TB,1,53.0,-7.0,30.0,23.0,2.25,0.25,0.0,1.0,0.0,0.0,28.0,1.0,1.5
PHI,2021,7,LV,0,48.0,-1.0,24.5,23.5,3.0,0.75,0.0,1.0,0.0,0.0,33.0,1.0,1.5
PHI,2021,8,DET,0,48.5,3.0,22.75,25.75,2.75,1.75,6.0,0.0,1.0,1.0,6.0,21.0,31.5
PHI,2021,9,LAC,1,49.5,-1.0,25.25,24.25,2.25,1.0,0.0,0.0,0.0,0.0,27.0,0.0,0.0
PHI,2021,10,DEN,0,44.5,-1.0,22.75,21.75,3.75,1.75,1.0,0.0,1.0,1.0,13.0,13.0,19.5
PHI,2021,11,NO,1,42.5,2.5,20.0,22.5,2.0,0.75,0.0,2.0,1.0,1.0,29.0,11.0,16.5
PHI,2021,12,NYG,0,45.5,4.0,20.75,24.75,2.5,1.25,1.0,0.0,0.0,0.0,13.0,5.0,7.5
PHI,2021,13,NYJ,0,44.0,5.0,19.5,24.5,2.25,2.25,2.0,1.0,0.0,0.0,18.0,5.0,7.5
PHI,2021,15,WAS,1,39.5,10.0,14.75,24.75,2.5,1.75,2.0,0.0,0.0,0.0,17.0,3.0,4.5
PHI,2021,16,NYG,1,41.0,11.0,15.0,26.0,1.75,1.75,2.0,2.0,0.0,1.0,10.0,16.0,24.0
PHI,2021,17,WAS,0,44.5,6.5,19.0,25.5,3.25,1.75,3.0,1.0,0.0,0.0,16.0,6.0,9.0
PHI,2021,18,DAL,1,46.0,-6.5,26.25,19.75,2.75,1.0,1.0,0.0,0.0,0.0,51.0,-3.0,-4.5
PHI,2021,19,TB,0,45.5,-7.5,26.5,19.0,0.0,0.0,0.0,0.0,0.0,0.0,31.0,-1.0,-1.5
PHI,2022,1,DET,0,49.0,6.0,21.5,27.5,0.75,1.25,1.0,1.0,0.0,1.0,35.0,5.0,7.5
PHI,2022,2,MIN,1,49.5,2.5,23.5,26.0,2.25,0.25,2.0,3.0,0.0,0.0,7.0,12.0,18.0
PHI,2022,3,WAS,0,47.0,6.0,20.5,26.5,3.0,1.25,9.0,0.0,1.0,0.0,8.0,15.0,22.5
PHI,2022,4,JAX,1,44.0,6.5,18.75,25.25,0.75,0.25,4.0,1.0,4.0,0.0,21.0,14.0,21.0
PHI,2022,5,ARI,0,48.5,5.5,21.5,27.0,1.75,0.5,1.0,1.0,0.0,0.0,17.0,4.0,6.0
PHI,2022,6,DAL,1,42.5,6.5,18.0,24.5,1.25,0.25,0.0,3.0,0.0,0.0,17.0,7.0,10.5
PHI,2022,8,PIT,1,43.0,11.0,16.0,27.0,2.5,2.25,6.0,1.0,1.0,0.0,13.0,14.0,21.0
PHI,2022,9,HOU,0,45.5,14.0,15.75,29.75,2.25,1.25,3.0,2.0,0.0,0.0,17.0,8.0,12.0
PHI,2022,10,WAS,1,43.0,11.0,16.0,27.0,2.25,1.25,3.0,1.0,1.0,0.0,32.0,6.0,9.0
PHI,2022,11,IND,0,45.5,6.5,19.5,26.0,3.75,1.75,4.0,0.0,1.0,0.0,16.0,7.0,10.5
PHI,2022,12,GB,1,46.0,6.5,19.75,26.25,1.5,1.25,3.0,2.0,0.0,0.0,33.0,6.0,9.0
PHI,2022,13,TEN,1,44.5,5.0,19.75,24.75,2.0,0.5,6.0,0.0,0.0,0.0,10.0,10.0,15.0
PHI,2022,14,NYG,0,44.5,7.5,18.5,26.0,3.0,1.0,7.0,0.0,1.0,0.0,22.0,9.0,13.5
PHI,2022,15,CHI,0,48.0,8.5,19.75,28.25,2.25,1.75,6.0,0.0,1.0,0.0,20.0,9.0,13.5
PHI,2022,16,DAL,0,48.0,-4.0,26.0,22.0,1.25,1.75,6.0,1.0,0.0,1.0,40.0,10.0,15.0
PHI,2022,17,NO,1,41.5,5.5,18.0,23.5,1.25,1.0,7.0,1.0,0.0,0.0,20.0,10.0,15.0
PHI,2022,18,NYG,1,42.5,16.5,13.0,29.5,2.5,1.0,2.0,0.0,0.0,0.0,16.0,3.0,4.5
PHI,2022,20,NYG,1,48.0,8.0,20.0,28.0,0.0,0.0,0.0,0.0,0.0,0.0,7.0,4.0,6.0
PHI,2022,21,SF,1,45.0,2.5,21.25,23.75,0.0,0.0,0.0,0.0,0.0,0.0,7.0,4.0,6.0
PHI,2022,22,KC,1,51.0,1.0,25.0,26.0,0.0,0.0,0.0,0.0,0.0,0.0,38.0,-4.0,-6.0
PHI,2023,1,NE,0,44.5,3.5,20.5,24.0,2.0,1.5,2.0,1.0,1.0,1.0,20.0,13.0,19.5
PHI,2023,2,MIN,1,49.0,6.0,21.5,27.5,2.0,2.25,2.0,0.0,3.0,0.0,28.0,7.0,10.5
PHI,2023,3,TB,0,44.0,6.0,19.0,25.0,1.0,0.5,2.0,1.0,1.0,0.0,11.0,10.0,15.0
PHI,2023,4,WAS,1,43.0,9.5,16.75,26.25,5.5,2.5,5.0,0.0,0.0,0.0,31.0,4.0,6.0
PHI,2023,5,LA,0,50.5,3.5,23.5,27.0,2.25,1.25,4.0,0.0,0.0,0.0,14.0,5.0,7.5
PHI,2023,6,NYJ,0,43.0,6.5,18.25,24.75,3.0,1.75,5.0,0.0,0.0,0.0,20.0,6.0,9.0
PHI,2023,7,MIA,1,52.0,3.0,24.5,27.5,1.25,1.5,4.0,1.0,0.0,0.0,17.0,7.0,10.5
PHI,2023,8,WAS,0,42.5,7.0,17.75,24.75,5.25,1.0,1.0,1.0,0.0,0.0,31.0,2.0,3.0
PHI,2023,9,DAL,1,46.5,3.5,21.5,25.0,3.75,1.25,5.0,0.0,1.0,0.0,23.0,7.0,10.5
PHI,2023,11,KC,0,46.0,-2.5,24.25,21.75,2.0,2.0,1.0,1.0,1.0,0.0,17.0,6.0,9.0
PHI,2023,12,BUF,1,49.0,2.5,23.25,25.75,1.0,2.0,1.0,1.0,0.0,0.0,34.0,2.0,3.0
PHI,2023,13,SF,1,46.5,-3.0,24.75,21.75,2.25,1.25,2.0,0.0,0.0,0.0,42.0,-2.0,-3.0
PHI,2023,14,DAL,0,52.5,-3.5,28.0,24.5,1.0,0.5,3.0,0.0,1.0,1.0,33.0,10.0,15.0
PHI,2023,15,SEA,0,46.0,5.0,20.5,25.5,3.25,1.25,2.0,0.0,0.0,0.0,20.0,3.0,4.5
PHI,2023,16,NYG,1,41.0,14.0,13.5,27.5,5.5,0.75,1.0,1.0,0.0,0.0,25.0,3.0,4.5
PHI,2023,17,ARI,1,48.0,12.0,18.0,30.0,2.75,0.5,1.0,1.0,0.0,1.0,35.0,5.0,7.5
PHI,2023,18,NYG,0,43.0,4.5,19.25,23.75,3.5,1.0,2.0,1.0,0.0,0.0,27.0,4.0,6.0
PHI,2023,19,TB,0,43.0,2.5,20.25,22.75,0.0,0.0,0.0,0.0,0.0,0.0,32.0,-1.0,-1.5
PHI,2024,1,GB,1,49.5,2.0,23.75,25.75,1.0,0.5,2.0,1.0,0.0,0.0,29.0,3.0,4.5
PHI,2024,2,ATL,1,46.5,5.5,20.5,26.0,1.5,2.5,1.0,0.0,0.0,0.0,22.0,1.0,1.5
PHI,2024,3,NO,0,49.0,-2.5,25.75,23.25,1.5,0.25,1.0,1.0,0.0,0.0,12.0,7.0,10.5
PHI,2024,4,TB,0,42.0,1.0,20.5,21.5,4.0,0.75,2.0,0.0,1.0,0.0,33.0,3.0,4.5
PHI,2024,6,CLE,1,42.0,8.0,17.0,25.0,5.0,1.0,5.0,0.0,0.0,0.0,16.0,6.0,9.0
PHI,2024,7,NYG,0,42.0,3.0,19.5,22.5,2.0,1.25,8.0,0.0,0.0,0.0,3.0,15.0,22.5
PHI,2024,8,CIN,0,47.5,-2.5,25.0,22.5,2.5,0.75,1.0,1.0,1.0,0.0,17.0,6.0,9.0
PHI,2024,9,JAX,1,46.0,7.5,19.25,26.75,1.25,1.5,2.0,2.0,0.0,0.0,23.0,6.0,9.0
PHI,2024,10,DAL,0,44.5,7.5,18.5,26.0,2.75,2.5,3.0,1.0,4.0,0.0,6.0,20.0,30.0
PHI,2024,11,WAS,1,49.5,4.5,22.5,27.0,1.5,0.0,3.0,1.0,0.0,0.0,18.0,6.0,9.0
PHI,2024,12,LA,0,49.0,3.0,23.0,26.0,1.0,1.0,5.0,0.0,1.0,0.0,20.0,8.0,12.0
PHI,2024,13,BAL,0,50.0,-3.0,26.5,23.5,1.0,0.75,3.0,0.0,0.0,0.0,19.0,4.0,6.0
PHI,2024,14,CAR,1,44.5,14.0,15.25,29.25,1.25,0.75,1.0,1.0,0.0,0.0,16.0,4.0,6.0
PHI,2024,15,PIT,1,43.0,5.5,18.75,24.25,2.75,1.25,2.0,0.0,2.0,0.0,13.0,10.0,15.0
PHI,2024,16,WAS,0,47.0,4.0,21.5,25.5,4.25,1.25,1.0,2.0,3.0,0.0,36.0,7.0,10.5
PHI,2024,17,DAL,1,37.5,7.5,15.0,22.5,1.25,0.5,1.0,2.0,2.0,1.0,7.0,19.0,28.5
PHI,2024,18,NYG,1,36.5,3.0,16.75,19.75,2.0,1.25,0.0,1.0,0.0,0.0,13.0,6.0,9.0
PHI,2024,19,GB,1,45.5,5.5,20.0,25.5,0.0,0.0,0.0,0.0,0.0,0.0,10.0,4.0,6.0
PHI,2024,20,LA,1,43.5,7.0,18.25,25.25,0.0,0.0,0.0,0.0,0.0,0.0,22.0,0.0,0.0
PHI,2024,21,WAS,1,46.5,6.0,20.25,26.25,0.0,0.0,0.0,0.0,0.0,0.0,23.0,0.0,0.0
PHI,2024,22,KC,1,48.5,-1.5,25.0,23.5,0.0,0.0,0.0,0.0,0.0,0.0,22.0,0.0,0.0
PIT,2020,1,NYG,0,44.0,6.0,19.0,25.0,0.0,0.0,3.0,2.0,1.0,0.0,16.0,10.0,15.0
PIT,2020,2,DEN,1,41.0,6.0,17.5,23.5,0.0,1.0,7.0,1.0,1.0,0.0,21.0,11.0,16.5
PIT,2020,3,HOU,1,46.5,4.0,21.25,25.25,4.0,1.5,5.0,1.0,0.0,0.0,21.0,7.0,10.5
PIT,2020,5,PHI,1,44.0,7.5,18.25,25.75,3.5,2.5,5.0,2.0,0.0,0.0,29.0,8.0,12.0
PIT,2020,6,CLE,1,50.0,3.0,23.5,26.5,1.25,0.75,4.0,2.0,0.0,1.0,7.0,18.0,27.0
PIT,2020,7,TEN,0,51.0,-1.0,26.0,25.0,1.25,0.75,2.0,0.0,0.0,0.0,24.0,2.0,3.0
PIT,2020,8,BAL,0,44.0,-4.0,24.0,20.0,2.25,1.0,4.0,2.0,2.0,1.0,24.0,18.0,27.0
PIT,2020,9,DAL,0,44.0,14.0,15.0,29.0,3.75,2.25,2.0,1.0,1.0,0.0,19.0,7.0,10.5
PIT,2020,10,CIN,1,45.5,6.5,19.5,26.0,3.25,1.5,4.0,0.0,1.0,0.0,10.0,10.0,15.0
PIT,2020,11,JAX,0,47.0,11.0,18.0,29.0,2.75,1.25,2.0,4.0,0.0,0.0,3.0,17.0,25.5
PIT,2020,12,BAL,1,41.5,10.5,15.5,26.0,2.25,1.75,3.0,1.0,2.0,1.0,14.0,16.0,24.0
PIT,2020,13,WAS,1,43.5,5.5,19.0,24.5,2.25,1.75,3.0,0.0,0.0,0.0,23.0,3.0,4.5
PIT,2020,14,BUF,0,48.5,-2.0,25.25,23.25,2.75,1.5,1.0,1.0,1.0,0.0,26.0,5.0,7.5
PIT,2020,15,CIN,0,40.5,14.5,13.0,27.5,3.5,2.5,2.0,0.0,0.0,0.0,27.0,2.0,3.0
PIT,2020,16,IND,1,43.0,-1.0,22.0,21.0,1.5,0.25,5.0,1.0,1.0,0.0,24.0,9.0,13.5
PIT,2020,17,CLE,0,45.0,-10.5,27.75,17.25,1.25,1.0,4.0,0.0,0.0,0.0,24.0,4.0,6.0
PIT,2020,18,CLE,1,47.5,5.0,21.25,26.25,0.0,0.0,0.0,0.0,0.0,0.0,48.0,-4.0,-6.0
PIT,2021,1,BUF,0,48.0,-6.5,27.25,20.75,0.75,1.0,3.0,0.0,1.0,1.0,16.0,12.0,18.0
PIT,2021,2,LV,1,46.5,5.5,20.5,26.0,2.5,1.75,2.0,0.0,0.0,0.0,26.0,2.0,3.0
PIT,2021,3,CIN,1,42.5,2.5,20.0,22.5,2.5,1.5,0.0,1.0,0.0,0.0,24.0,2.0,3.0
PIT,2021,4,GB,0,45.0,-6.5,25.75,19.25,1.75,0.75,3.0,0.0,1.0,0.0,27.0,5.0,7.5
PIT,2021,5,DEN,1,40.0,-2.0,21.0,19.0,3.0,0.75,2.0,1.0,0.0,0.0,19.0,5.0,7.5
PIT,2021,6,SEA,1,43.0,5.5,18.75,24.25,2.5,0.5,5.0,0.0,1.0,0.0,20.0,8.0,12.0
PIT,2021,8,CLE,0,43.0,-5.5,24.25,18.75,2.5,0.75,4.0,0.0,1.0,0.0,10.0,10.0,15.0
PIT,2021,9,CHI,1,40.0,7.0,16.5,23.5,3.5,1.75,3.0,1.0,2.0,0.0,27.0,9.0,13.5
PIT,2021,10,DET,1,43.0,9.0,17.0,26.0,3.25,1.5,4.0,0.0,0.0,0.0,16.0,5.0,7.5
PIT,2021,11,LAC,0,47.5,-5.5,26.5,21.0,1.75,1.0,2.0,1.0,0.0,0.0,41.0,0.0,0.0
PIT,2021,12,CIN,0,43.5,-3.5,23.5,20.0,3.0,1.5,2.0,1.0,0.0,0.0,41.0,0.0,0.0
PIT,2021,13,BAL,1,44.0,-4.0,24.0,20.0,3.75,2.25,7.0,1.0,0.0,0.0,19.0,10.0,15.0
PIT,2021,14,MIN,0,45.0,-3.5,24.25,20.75,2.0,1.0,0.0,2.0,0.0,0.0,36.0,0.0,0.0
PIT,2021,15,TEN,1,44.0,1.0,21.5,22.5,2.5,2.0,4.0,1.0,3.0,0.0,13.0,16.0,24.0
PIT,2021,16,KC,0,44.0,-10.5,27.25,16.75,2.0,1.5,2.0,0.0,0.0,0.0,36.0,-2.0,-3.0
PIT,2021,17,CLE,1,43.5,-1.0,22.25,21.25,2.0,1.75,9.0,2.0,0.0,0.0,14.0,14.0,21.0
PIT,2021,18,BAL,0,41.0,-3.0,22.0,19.0,2.75,1.25,3.0,2.0,1.0,0.0,13.0,13.0,19.5
PIT,2021,19,KC,0,46.0,-13.0,29.5,16.5,0.0,0.0,0.0,0.0,0.0,0.0,42.0,-4.0,-6.0
PIT,2022,1,CIN,0,44.5,-7.5,26.0,18.5,3.5,0.0,7.0,4.0,1.0,1.0,20.0,24.0,36.0
PIT,2022,2,NE,1,40.0,-3.0,21.5,18.5,1.25,2.0,0.0,1.0,1.0,0.0,17.0,5.0,7.5
PIT,2022,3,CLE,0,38.0,-4.5,21.25,16.75,3.0,1.25,2.0,0.0,0.0,0.0,29.0,1.0,1.5
PIT,2022,4,NYJ,1,41.0,3.0,19.0,22.0,4.5,1.75,1.0,2.0,0.0,0.0,24.0,5.0,7.5
PIT,2022,5,BUF,0,44.0,-14.0,29.0,15.0,2.0,2.0,0.0,1.0,1.0,0.0,38.0,0.0,0.0
PIT,2022,6,TB,1,47.0,-10.0,28.5,18.5,1.25,1.25,2.0,0.0,0.0,0.0,18.0,3.0,4.5
PIT,2022,7,MIA,0,44.5,-7.5,26.0,18.5,2.75,1.75,0.0,0.0,0.0,0.0,16.0,1.0,1.5
PIT,2022,8,PHI,0,43.0,-11.0,27.0,16.0,2.75,0.25,3.0,0.0,0.0,0.0,35.0,-1.0,-1.5
PIT,2022,10,NO,1,39.5,1.0,19.25,20.25,1.25,1.25,2.0,2.0,0.0,0.0,10.0,10.0,15.0
PIT,2022,11,CIN,1,39.0,-3.5,21.25,17.75,3.25,0.5,2.0,2.0,0.0,0.0,37.0,2.0,3.0
PIT,2022,12,IND,0,40.0,-2.5,21.25,18.75,4.0,1.25,3.0,1.0,1.0,0.0,17.0,8.0,12.0
PIT,2022,13,ATL,0,43.0,1.0,21.0,22.0,2.0,1.0,1.0,1.0,0.0,0.0,16.0,4.0,6.0
PIT,2022,14,BAL,1,37.0,1.5,17.75,19.25,2.75,1.25,2.0,0.0,0.0,0.0,16.0,3.0,4.5
PIT,2022,15,CAR,0,36.5,-2.5,19.5,17.0,1.75,0.75,4.0,0.0,0.0,0.0,16.0,5.0,7.5
PIT,2022,16,LV,1,38.5,2.5,18.0,20.5,1.0,1.75,3.0,3.0,0.0,0.0,10.0,13.0,19.5
PIT,2022,17,BAL,0,35.5,-1.0,18.25,17.25,2.25,1.0,1.0,1.0,0.0,0.0,13.0,7.0,10.5
PIT,2022,18,CLE,1,40.0,2.5,18.75,21.25,3.0,0.5,7.0,2.0,0.0,0.0,14.0,12.0,18.0
PIT,2023,1,SF,1,41.5,-1.5,21.5,20.0,2.0,0.5,3.0,0.0,1.0,0.0,30.0,4.0,6.0
PIT,2023,2,CLE,1,39.0,-2.5,20.75,18.25,4.25,1.25,6.0,1.0,3.0,2.0,22.0,26.0,39.0
PIT,2023,3,LV,0,43.5,-3.0,23.25,20.25,1.5,2.0,4.0,3.0,0.0,0.0,18.0,11.0,16.5
PIT,2023,4,HOU,0,41.5,3.0,19.25,22.25,3.0,1.25,0.0,0.0,0.0,0.0,30.0,-1.0,-1.5
PIT,2023,5,BAL,1,38.5,-4.5,21.5,17.0,2.75,1.25,4.0,1.0,3.0,0.0,10.0,16.0,24.0
PIT,2023,7,LA,0,44.0,-3.5,23.75,20.25,3.75,0.75,2.0,1.0,0.0,0.0,17.0,5.0,7.5
PIT,2023,8,JAX,1,41.0,-2.5,21.75,19.25,2.5,1.0,3.0,1.0,2.0,0.0,20.0,10.0,15.0
PIT,2023,9,TEN,1,37.0,3.5,16.75,20.25,3.0,1.0,4.0,1.0,0.0,0.0,16.0,7.0,10.5
PIT,2023,10,GB,1,38.5,3.0,17.75,20.75,2.5,1.75,1.0,2.0,0.0,0.0,19.0,6.0,9.0
PIT,2023,11,CLE,0,34.0,-2.5,18.25,15.75,2.5,1.5,1.0,1.0,0.0,0.0,13.0,7.0,10.5
PIT,2023,12,CIN,0,36.0,2.0,17.0,19.0,3.25,0.75,4.0,1.0,0.0,0.0,10.0,10.0,15.0
PIT,2023,13,ARI,1,41.0,6.0,17.5,23.5,4.0,1.25,2.0,0.0,0.0,0.0,24.0,2.0,3.0
PIT,2023,14,NE,1,30.0,6.0,12.0,18.0,3.0,1.75,2.0,1.0,0.0,0.0,21.0,4.0,6.0
PIT,2023,15,IND,0,41.5,-1.5,21.5,20.0,2.0,1.0,3.0,0.0,0.0,0.0,30.0,2.0,3.0
PIT,2023,16,CIN,1,39.5,-3.0,21.25,18.25,2.75,1.25,3.0,3.0,0.0,0.0,11.0,13.0,19.5
PIT,2023,17,SEA,0,40.5,-4.5,22.5,18.0,2.5,0.75,1.0,0.0,1.0,0.0,23.0,3.0,4.5
PIT,2023,18,BAL,0,34.0,3.0,15.5,18.5,2.0,0.75,4.0,0.0,2.0,0.0,10.0,12.0,18.0
PIT,2023,19,BUF,0,39.5,-10.0,24.75,14.75,0.0,0.0,0.0,0.0,0.0,0.0,31.0,-1.0,-1.5
PIT,2024,1,ATL,0,43.0,-4.0,23.5,19.5,1.0,2.25,2.0,2.0,1.0,0.0,10.0,12.0,18.0
PIT,2024,2,DEN,0,36.5,3.0,16.75,19.75,3.5,1.75,2.0,2.0,0.0,0.0,6.0,13.0,19.5
PIT,2024,3,LAC,1,36.0,3.0,16.5,19.5,1.5,1.0,5.0,0.0,0.0,0.0,10.0,9.0,13.5
PIT,2024,4,IND,0,40.0,2.5,18.75,21.25,1.25,1.75,2.0,0.0,0.0,0.0,27.0,2.0,3.0
PIT,2024,5,DAL,1,43.5,2.5,20.5,23.0,2.5,0.75,2.0,2.0,1.0,0.0,20.0,9.0,13.5
PIT,2024,6,LV,0,36.5,3.5,16.5,20.0,3.25,1.5,1.0,1.0,2.0,0.0,13.0,11.0,16.5
PIT,2024,7,NYJ,1,40.0,-3.0,21.5,18.5,3.25,1.25,1.0,2.0,0.0,0.0,15.0,6.0,9.0
PIT,2024,8,NYG,1,37.5,6.0,15.75,21.75,3.5,0.75,4.0,1.0,1.0,1.0,18.0,15.0,22.5
PIT,2024,10,WAS,0,45.0,-1.5,23.25,21.75,1.5,0.0,3.0,0.0,0.0,0.0,27.0,3.0,4.5
PIT,2024,11,BAL,1,48.0,-3.0,25.5,22.5,1.5,0.25,2.0,1.0,2.0,0.0,16.0,9.0,13.5
PIT,2024,12,CLE,0,36.5,3.5,16.5,20.0,3.75,1.5,1.0,1.0,2.0,0.0,24.0,7.0,10.5
PIT,2024,13,CIN,0,46.0,-3.0,24.5,21.5,2.0,1.0,4.0,1.0,2.0,1.0,38.0,12.0,18.0
PIT,2024,14,CLE,1,43.0,6.0,18.5,24.5,3.25,2.25,3.0,2.0,0.0,0.0,14.0,8.0,12.0
PIT,2024,15,PHI,0,43.0,-5.5,24.25,18.75,2.25,0.0,3.0,0.0,1.0,0.0,27.0,5.0,7.5
PIT,2024,16,BAL,0,44.5,-7.0,25.75,18.75,2.25,1.0,1.0,1.0,0.0,0.0,34.0,2.0,3.0
PIT,2024,17,KC,1,43.5,-3.0,23.25,20.25,2.25,0.25,0.0,0.0,0.0,0.0,29.0,-1.0,-1.5
PIT,2024,18,CIN,1,48.5,-2.5,25.5,23.0,3.5,1.75,4.0,1.0,1.0,0.0,19.0,9.0,13.5
PIT,2024,19,BAL,0,44.5,-9.5,27.0,17.5,0.0,0.0,0.0,0.0,0.0,0.0,28.0,-1.0,-1.5
SEA,2020,1,ATL,0,49.5,-1.0,25.25,24.25,0.0,0.0,2.0,1.0,1.0,0.0,25.0,6.0,9.0
SEA,2020,2,NE,1,45.0,4.0,20.5,24.5,2.0,1.0,1.0,1.0,0.0,0.0,30.0,2.0,3.0
SEA,2020,3,DAL,1,58.0,5.5,26.25,31.75,2.0,1.5,2.0,2.0,1.0,0.0,31.0,7.0,10.5
SEA,2020,4,MIA,0,55.0,4.5,25.25,29.75,1.6666666666666667,1.0,1.0,2.0,0.0,0.0,23.0,5.0,7.5
SEA,2020,5,MIN,1,54.0,6.5,23.75,30.25,2.5,2.0,3.0,1.0,1.0,0.0,26.0,7.0,10.5
SEA,2020,7,ARI,0,55.5,3.5,26.0,29.5,1.0,1.25,0.0,1.0,1.0,0.0,37.0,0.0,0.0
SEA,2020,8,SF,1,54.5,1.0,26.75,27.75,2.75,2.0,3.0,1.0,1.0,0.0,27.0,7.0,10.5
SEA,2020,9,BUF,0,55.0,3.0,26.0,29.0,1.0,1.5,7.0,0.0,0.0,0.0,44.0,3.0,4.5
SEA,2020,10,LA,0,55.0,-3.0,29.0,26.0,1.0,1.75,3.0,0.0,1.0,0.0,23.0,5.0,7.5
SEA,2020,11,ARI,1,56.5,3.0,26.75,29.75,1.25,1.25,3.0,0.0,0.0,0.0,21.0,3.0,4.5
SEA,2020,12,PHI,0,50.0,6.5,21.75,28.25,3.75,2.0,6.0,1.0,0.0,0.0,17.0,9.0,13.5
SEA,2020,13,NYG,1,48.5,11.0,18.75,29.75,2.75,1.0,2.0,1.0,0.0,0.0,17.0,5.0,7.5
SEA,2020,14,NYJ,1,49.5,16.5,16.5,33.0,2.0,1.75,3.0,0.0,1.0,0.0,3.0,12.0,18.0
SEA,2020,15,WAS,0,44.5,6.0,19.25,25.25,2.5,0.75,4.0,2.0,0.0,0.0,15.0,9.0,13.5
SEA,2020,16,LA,1,48.0,1.5,23.25,24.75,1.75,1.5,3.0,1.0,0.0,0.0,9.0,9.0,13.5
SEA,2020,17,SF,0,45.0,7.0,19.0,26.0,2.25,2.25,3.0,0.0,1.0,0.0,23.0,5.0,7.5
SEA,2020,18,LA,1,42.0,3.0,19.5,22.5,0.0,0.0,0.0,0.0,0.0,0.0,30.0,-1.0,-1.5
SEA,2021,1,IND,0,49.0,3.0,23.0,26.0,1.5,0.75,3.0,0.0,1.0,0.0,16.0,6.0,9.0
SEA,2021,2,TEN,1,53.5,6.5,23.5,30.0,2.75,1.5,3.0,0.0,1.0,0.0,33.0,4.0,6.0
SEA,2021,3,MIN,0,53.5,2.0,25.75,27.75,2.25,0.5,1.0,0.0,0.0,0.0,30.0,0.0,0.0
SEA,2021,4,SF,0,52.0,-2.5,27.25,24.75,2.0,1.25,2.0,1.0,1.0,0.0,21.0,6.0,9.0
SEA,2021,5,LA,1,53.5,-2.5,28.0,25.5,0.75,1.0,1.0,1.0,0.0,0.0,26.0,3.0,4.5
SEA,2021,6,PIT,0,43.0,-5.5,24.25,18.75,2.25,1.5,1.0,0.0,1.0,0.0,23.0,3.0,4.5
SEA,2021,7,NO,1,42.0,-6.0,24.0,18.0,2.25,1.25,2.0,0.0,1.0,0.0,13.0,8.0,12.0
SEA,2021,8,JAX,1,44.0,4.0,20.0,24.0,2.0,1.75,1.0,1.0,0.0,0.0,7.0,7.0,10.5
SEA,2021,10,GB,0,49.5,-3.0,26.25,23.25,2.0,0.75,1.0,1.0,0.0,0.0,17.0,4.0,6.0
SEA,2021,11,ARI,1,46.0,2.5,21.75,24.25,3.0,1.25,2.0,0.0,0.0,0.0,23.0,2.0,3.0
SEA,2021,12,WAS,0,47.0,1.0,23.0,24.0,4.25,1.5,1.0,1.0,0.0,0.0,17.0,4.0,6.0
SEA,2021,13,SF,1,44.5,-3.0,23.75,20.75,2.5,1.25,1.0,2.0,1.0,0.0,23.0,7.0,10.5
SEA,2021,14,HOU,0,40.5,10.0,15.25,25.25,3.5,2.25,2.0,0.0,0.0,0.0,13.0,6.0,9.0
SEA,2021,15,LA,0,47.0,-7.5,27.25,19.75,2.0,1.25,4.0,1.0,0.0,0.0,20.0,7.0,10.5
SEA,2021,16,CHI,1,41.0,7.0,17.0,24.0,2.25,2.5,4.0,0.0,0.0,0.0,25.0,4.0,6.0
SEA,2021,17,DET,1,41.5,8.5,16.5,25.0,1.75,1.5,0.0,3.0,0.0,0.0,29.0,5.0,7.5
SEA,2021,18,ARI,0,48.0,-5.5,26.75,21.25,1.75,0.75,5.0,0.0,1.0,0.0,30.0,6.0,9.0
SEA,2022,1,DEN,1,44.0,-6.0,25.0,19.0,1.75,0.5,2.0,0.0,2.0,0.0,16.0,7.0,10.5
SEA,2022,2,SF,0,40.0,-8.5,24.25,15.75,2.0,1.75,1.0,0.0,1.0,1.0,27.0,9.0,13.5
SEA,2022,3,ATL,1,43.0,1.0,21.0,22.0,2.75,2.25,3.0,1.0,1.0,0.0,27.0,7.0,10.5
SEA,2022,4,DET,0,48.5,-3.0,25.75,22.75,1.25,0.5,1.0,1.0,2.0,1.0,45.0,9.0,13.5
SEA,2022,5,NO,0,45.5,-5.5,25.5,20.0,3.25,2.5,1.0,1.0,1.0,0.0,39.0,1.0,1.5
SEA,2022,6,ARI,1,50.0,-2.5,26.25,23.75,1.25,0.75,6.0,1.0,1.0,0.0,9.0,14.0,21.0
SEA,2022,7,LAC,0,51.5,-5.5,28.5,23.0,1.25,1.25,3.0,1.0,1.0,0.0,23.0,7.0,10.5
SEA,2022,8,NYG,1,44.5,3.0,20.75,23.75,1.75,0.75,5.0,0.0,0.0,0.0,13.0,9.0,13.5
SEA,2022,9,ARI,0,49.5,-1.5,25.5,24.0,3.25,1.25,5.0,0.0,1.0,0.0,21.0,7.0,10.5
SEA,2022,10,TB,0,45.0,-2.5,23.75,21.25,1.75,0.0,0.0,2.0,0.0,0.0,21.0,4.0,6.0
SEA,2022,12,LV,1,47.5,4.0,21.75,25.75,2.25,0.5,1.0,2.0,0.0,0.0,40.0,1.0,1.5
SEA,2022,13,LA,0,41.0,7.0,17.0,24.0,3.5,1.25,4.0,2.0,0.0,0.0,23.0,8.0,12.0
SEA,2022,14,CAR,1,44.5,3.5,20.5,24.0,1.25,1.5,2.0,0.0,0.0,0.0,30.0,1.0,1.5
SEA,2022,15,SF,1,43.0,-3.0,23.0,20.0,1.25,0.5,1.0,0.0,0.0,0.0,21.0,1.0,1.5
SEA,2022,16,KC,0,50.5,-10.5,30.5,20.0,1.5,1.75,1.0,0.0,0.0,0.0,24.0,1.0,1.5
SEA,2022,17,NYJ,1,43.0,-1.0,22.0,21.0,3.0,1.75,4.0,2.0,1.0,0.0,6.0,17.0,25.5
SEA,2022,18,LA,1,41.5,5.5,18.0,23.5,3.0,0.75,5.0,1.0,0.0,0.0,16.0,8.0,12.0
SEA,2022,19,SF,0,42.0,-10.0,26.0,16.0,0.0,0.0,0.0,0.0,0.0,0.0,41.0,-4.0,-6.0
SEA,2023,1,LA,1,45.0,4.5,20.25,24.75,3.25,0.75,0.0,0.0,0.0,0.0,30.0,-1.0,-1.5
SEA,2023,2,DET,0,47.5,-4.5,26.0,21.5,1.5,0.5,2.0,1.0,2.0,1.0,31.0,13.0,19.5
SEA,2023,3,CAR,1,42.5,5.0,18.75,23.75,2.5,2.25,3.0,0.0,0.0,0.0,27.0,3.0,4.5
SEA,2023,4,NYG,0,46.5,2.5,22.0,24.5,3.5,1.25,11.0,2.0,1.0,1.0,3.0,30.0,45.0
SEA,2023,6,CIN,0,45.5,-3.0,24.25,21.25,2.25,1.0,3.0,1.0,0.0,0.0,17.0,6.0,9.0
SEA,2023,7,ARI,1,43.5,9.5,17.0,26.5,2.0,1.5,4.0,0.0,1.0,0.0,10.0,10.0,15.0
SEA,2023,8,CLE,1,39.5,4.0,17.75,21.75,2.75,2.0,3.0,2.0,1.0,0.0,20.0,10.0,15.0
SEA,2023,9,BAL,0,44.5,-6.0,25.25,19.25,2.25,1.75,1.0,0.0,2.0,0.0,37.0,1.0,1.5
SEA,2023,10,WAS,1,44.0,6.0,19.0,25.0,3.75,1.25,3.0,0.0,1.0,0.0,26.0,5.0,7.5
SEA,2023,11,LA,0,45.0,-2.5,23.75,21.25,2.0,1.0,1.0,1.0,0.0,0.0,17.0,4.0,6.0
SEA,2023,12,SF,1,43.5,-7.0,25.25,18.25,2.25,1.5,1.0,1.0,1.0,1.0,31.0,10.0,15.0
SEA,2023,13,DAL,0,47.5,-9.5,28.5,19.0,1.25,0.75,4.0,0.0,0.0,0.0,41.0,0.0,0.0
SEA,2023,14,SF,0,44.5,-14.5,29.5,15.0,2.25,0.5,3.0,1.0,1.0,0.0,28.0,6.0,9.0
SEA,2023,15,PHI,1,46.0,-5.0,25.5,20.5,2.75,1.5,0.0,2.0,0.0,0.0,17.0,5.0,7.5
SEA,2023,16,TEN,0,42.0,3.0,19.5,22.5,3.75,1.25,6.0,0.0,0.0,0.0,17.0,7.0,10.5
SEA,2023,17,PIT,1,40.5,4.5,18.0,22.5,1.75,1.25,1.0,0.0,0.0,0.0,30.0,0.0,0.0
SEA,2023,18,ARI,0,48.0,2.5,22.75,25.25,2.0,0.75,1.0,0.0,0.0,0.0,20.0,2.0,3.0
SEA,2024,1,DEN,1,42.0,6.5,17.75,24.25,3.5,1.0,2.0,2.0,2.0,0.0,20.0,11.0,16.5
SEA,2024,2,NE,0,39.0,3.5,17.75,21.25,3.25,2.25,3.0,0.0,0.0,0.0,20.0,4.0,6.0
SEA,2024,3,MIA,1,41.5,4.0,18.75,22.75,2.25,2.0,6.0,0.0,0.0,0.0,3.0,13.0,19.5
SEA,2024,4,DET,0,46.5,-3.5,25.0,21.5,1.25,1.0,3.0,0.0,0.0,0.0,42.0,-1.0,-1.5
SEA,2024,5,NYG,1,42.5,7.0,17.75,24.75,2.25,1.5,3.0,0.0,1.0,1.0,29.0,10.0,15.0
SEA,2024,6,SF,1,49.0,-3.5,26.25,22.75,2.5,2.0,0.0,0.0,0.0,0.0,36.0,-4.0,-6.0
SEA,2024,7,ATL,0,51.5,-3.0,27.25,24.25,1.75,1.25,3.0,2.0,1.0,1.0,14.0,16.0,24.0
SEA,2024,8,BUF,1,45.5,-3.0,24.25,21.25,1.75,0.25,1.0,1.0,1.0,0.0,31.0,4.0,6.0
SEA,2024,9,LA,1,48.5,-1.5,25.0,23.5,1.75,1.5,0.0,1.0,0.0,0.0,26.0,2.0,3.0
SEA,2024,11,SF,0,49.0,-6.0,27.5,21.5,1.5,0.75,2.0,1.0,0.0,0.0,17.0,5.0,7.5
SEA,2024,12,ARI,1,46.5,-1.0,23.75,22.75,1.0,1.0,5.0,1.0,0.0,1.0,6.0,20.0,30.0
SEA,2024,13,NYJ,0,41.5,-1.0,21.25,20.25,2.25,0.5,2.0,1.0,1.0,1.0,21.0,12.0,18.0
SEA,2024,14,ARI,0,45.5,-3.0,24.25,21.25,2.5,1.25,2.0,2.0,0.0,0.0,18.0,7.0,10.5
SEA,2024,15,GB,1,48.0,-3.0,25.5,22.5,1.0,0.75,0.0,0.0,1.0,0.0,30.0,1.0,1.5
SEA,2024,16,MIN,1,43.0,-2.5,22.75,20.25,3.5,1.0,3.0,0.0,0.0,0.0,27.0,3.0,4.5
SEA,2024,17,CHI,0,43.5,3.5,20.0,23.5,4.0,1.0,7.0,1.0,0.0,0.0,3.0,16.0,24.0
SEA,2024,18,LA,0,38.5,7.5,15.5,23.0,0.0,0.5,3.0,1.0,0.0,0.0,25.0,5.0,7.5
SF,2020,1,ARI,1,48.5,7.0,20.75,27.75,0.0,0.0,2.0,1.0,0.0,0.0,24.0,4.0,6.0
SF,2020,2,NYJ,0,41.5,7.0,17.25,24.25,3.0,2.0,1.0,0.0,0.0,0.0,13.0,5.0,7.5
SF,2020,3,NYG,0,44.0,3.0,20.5,23.5,3.5,2.5,2.0,1.0,2.0,0.0,9.0,12.0,18.0
SF,2020,4,PHI,1,45.5,8.5,18.5,27.0,3.6666666666666665,3.0,3.0,1.0,0.0,0.0,25.0,5.0,7.5
SF,2020,5,MIA,1,50.5,8.5,21.0,29.5,1.5,1.25,2.0,0.0,0.0,0.0,43.0,-2.0,-3.0
SF,2020,6,LA,1,51.0,-2.0,26.5,24.5,1.5,1.0,0.0,1.0,0.0,0.0,16.0,3.0,4.5
SF,2020,7,NE,0,44.0,-3.0,23.5,20.5,2.25,2.25,2.0,4.0,0.0,0.0,6.0,17.0,25.5
SF,2020,8,SEA,0,54.5,-1.0,27.75,26.75,3.0,1.5,2.0,0.0,0.0,0.0,37.0,-2.0,-3.0
SF,2020,9,GB,1,48.5,-6.0,27.25,21.25,1.75,0.75,1.0,0.0,0.0,0.0,34.0,0.0,0.0
SF,2020,10,NO,0,49.5,-9.5,29.5,20.0,1.25,1.0,3.0,0.0,3.0,0.0,27.0,9.0,13.5
SF,2020,12,LA,0,44.5,-5.0,24.75,19.75,1.5,2.0,2.0,2.0,2.0,1.0,20.0,17.0,25.5
SF,2020,13,BUF,1,48.0,1.5,23.25,24.75,2.75,1.5,1.0,0.0,1.0,0.0,34.0,2.0,3.0
SF,2020,14,WAS,1,43.5,3.0,20.25,23.25,2.5,0.75,2.0,1.0,0.0,0.0,23.0,4.0,6.0
SF,2020,15,DAL,0,46.0,4.0,21.0,25.0,2.0,1.0,2.0,0.0,1.0,0.0,41.0,0.0,0.0
SF,2020,16,ARI,0,49.0,-6.0,27.5,21.5,1.5,1.75,3.0,1.0,1.0,0.0,12.0,11.0,16.5
SF,2020,17,SEA,1,45.0,-7.0,26.0,19.0,2.75,1.0,2.0,0.0,0.0,0.0,26.0,2.0,3.0
SF,2021,1,DET,0,46.0,9.5,18.25,27.75,2.25,1.5,3.0,1.0,0.0,1.0,33.0,10.0,15.0
SF,2021,2,PHI,0,49.0,3.0,23.0,26.0,3.25,1.5,2.0,0.0,0.0,0.0,11.0,6.0,9.0
SF,2021,3,GB,1,50.5,3.5,23.5,27.0,1.75,1.0,1.0,0.0,0.0,0.0,30.0,0.0,0.0
SF,2021,4,SEA,1,52.0,2.5,24.75,27.25,2.5,0.25,3.0,0.0,0.0,0.0,28.0,2.0,3.0
SF,2021,5,ARI,0,48.5,-6.0,27.25,21.25,2.0,1.0,2.0,0.0,1.0,0.0,17.0,5.0,7.5
SF,2021,7,IND,1,41.5,3.5,19.0,22.5,2.0,0.5,1.0,0.0,2.0,0.0,30.0,4.0,6.0
SF,2021,8,CHI,0,40.0,4.5,17.75,22.25,2.75,1.75,4.0,1.0,0.0,0.0,22.0,6.0,9.0
SF,2021,9,ARI,1,44.5,5.5,19.5,25.0,2.5,1.0,2.0,0.0,0.0,0.0,31.0,1.0,1.5
SF,2021,10,LA,1,50.0,-3.5,26.75,23.25,2.25,1.0,2.0,2.0,0.0,1.0,10.0,16.0,24.0
SF,2021,11,JAX,0,45.0,6.5,19.25,25.75,2.0,1.0,3.0,0.0,1.0,0.0,10.0,9.0,13.5
SF,2021,12,MIN,1,49.0,3.5,22.75,26.25,1.25,0.25,1.0,1.0,1.0,0.0,26.0,5.0,7.5
SF,2021,13,SEA,0,44.5,3.0,20.75,23.75,3.0,0.75,4.0,1.0,2.0,0.0,30.0,9.0,13.5
SF,2021,14,CIN,0,49.0,2.5,23.25,25.75,4.0,2.25,5.0,0.0,0.0,0.0,23.0,5.0,7.5
SF,2021,15,ATL,1,48.0,9.5,19.25,28.75,2.5,1.75,3.0,0.0,1.0,0.0,13.0,9.0,13.5
SF,2021,16,TEN,0,45.5,3.5,21.0,24.5,3.0,3.0,4.0,0.0,0.0,0.0,20.0,5.0,7.5
SF,2021,17,HOU,1,44.0,14.0,15.0,29.0,2.0,0.75,3.0,1.0,0.0,0.0,7.0,9.0,13.5
SF,2021,18,LA,0,46.5,-3.0,24.75,21.75,2.0,1.75,5.0,2.0,0.0,0.0,24.0,9.0,13.5
SF,2021,19,DAL,0,51.0,-3.0,27.0,24.0,0.0,0.0,0.0,0.0,0.0,0.0,17.0,1.0,1.5
SF,2021,20,GB,0,47.0,-5.5,26.25,20.75,0.0,0.0,0.0,0.0,0.0,0.0,10.0,4.0,6.0
SF,2021,21,LA,0,45.5,-3.5,24.5,21.0,0.0,0.0,0.0,0.0,0.0,0.0,20.0,1.0,1.5
SF,2022,1,CHI,0,38.0,6.5,15.75,22.25,4.0,1.5,2.0,1.0,0.0,0.0,19.0,5.0,7.5
SF,2022,2,SEA,1,40.0,8.5,15.75,24.25,1.5,0.75,2.0,2.0,0.0,0.0,7.0,10.0,15.0
SF,2022,3,DEN,0,44.0,1.0,21.5,22.5,1.75,1.0,4.0,0.0,0.0,0.0,11.0,8.0,12.0
SF,2022,4,LA,1,42.0,1.0,20.5,21.5,3.5,2.25,7.0,1.0,1.0,1.0,9.0,21.0,31.5
SF,2022,5,CAR,0,40.0,6.0,17.0,23.0,2.75,1.5,6.0,1.0,0.0,1.0,15.0,15.0,22.5
SF,2022,6,ATL,0,46.0,3.5,21.25,24.75,3.0,1.5,2.0,0.0,0.0,0.0,28.0,1.0,1.5
SF,2022,7,KC,1,49.0,-1.0,25.0,24.0,2.5,1.0,1.0,1.0,0.0,0.0,44.0,-1.0,-1.5
SF,2022,8,LA,0,42.0,1.0,20.5,21.5,3.5,1.75,2.0,0.0,0.0,0.0,14.0,3.0,4.5
SF,2022,10,LAC,1,45.5,8.5,18.5,27.0,1.5,1.5,3.0,1.0,0.0,0.0,16.0,6.0,9.0
SF,2022,11,ARI,0,43.5,10.0,16.75,26.75,3.25,0.75,3.0,2.0,0.0,0.0,10.0,11.0,16.5
SF,2022,12,NO,1,44.0,9.5,17.25,26.75,2.5,0.75,1.0,0.0,2.0,0.0,0.0,15.0,22.5
SF,2022,13,MIA,1,46.0,4.5,20.75,25.25,2.0,0.5,3.0,3.0,1.0,1.0,17.0,18.0,27.0
SF,2022,14,TB,1,38.0,3.5,17.25,20.75,1.25,1.0,0.0,2.0,1.0,0.0,7.0,10.0,15.0
SF,2022,15,SEA,0,43.0,3.0,20.0,23.0,3.25,1.75,3.0,0.0,1.0,0.0,13.0,9.0,13.5
SF,2022,16,WAS,1,37.5,6.5,15.5,22.0,2.0,1.0,2.0,1.0,1.0,0.0,20.0,7.0,10.5
SF,2022,17,LV,0,41.5,10.0,15.75,25.75,1.5,2.0,0.0,2.0,0.0,0.0,34.0,3.0,4.5
SF,2022,18,ARI,1,40.0,14.0,13.0,27.0,3.0,2.0,3.0,3.0,1.0,0.0,13.0,15.0,22.5
SF,2022,19,SEA,1,42.0,10.0,16.0,26.0,0.0,0.0,0.0,0.0,0.0,0.0,23.0,0.0,0.0
SF,2022,20,DAL,1,46.5,3.5,21.5,25.0,0.0,0.0,0.0,0.0,0.0,0.0,12.0,4.0,6.0
SF,2022,21,PHI,0,45.0,-2.5,23.75,21.25,0.0,0.0,0.0,0.0,0.0,0.0,31.0,-1.0,-1.5
SF,2023,1,PIT,0,41.5,1.5,20.0,21.5,1.0,0.5,5.0,2.0,0.0,0.0,7.0,13.0,19.5
SF,2023,2,LA,0,45.0,7.5,18.75,26.25,2.0,0.5,1.0,2.0,0.0,0.0,23.0,5.0,7.5
SF,2023,3,NYG,1,43.5,10.5,16.5,27.0,3.0,1.25,2.0,1.0,0.0,0.0,12.0,8.0,12.0
SF,2023,4,ARI,1,44.0,15.0,14.5,29.5,2.0,1.5,1.0,0.0,0.0,0.0,16.0,2.0,3.0
SF,2023,5,DAL,1,45.0,3.5,20.75,24.25,1.5,0.25,4.0,3.0,1.0,0.0,10.0,16.0,24.0
SF,2023,6,CLE,0,36.0,9.5,13.25,22.75,4.0,2.5,2.0,2.0,0.0,0.0,19.0,7.0,10.5
SF,2023,7,MIN,0,44.5,7.0,18.75,25.75,2.75,1.5,0.0,1.0,0.0,0.0,22.0,2.0,3.0
SF,2023,8,CIN,1,44.0,4.0,20.0,24.0,2.75,1.0,3.0,0.0,1.0,0.0,31.0,4.0,6.0
SF,2023,10,JAX,0,44.5,3.0,20.75,23.75,2.75,1.75,5.0,2.0,2.0,0.0,3.0,20.0,30.0
SF,2023,11,TB,1,41.5,13.5,14.0,27.5,2.75,1.0,4.0,1.0,1.0,0.0,14.0,9.0,13.5
SF,2023,12,SEA,0,43.5,7.0,18.25,25.25,2.0,1.25,6.0,1.0,0.0,0.0,13.0,12.0,18.0
SF,2023,13,PHI,0,46.5,3.0,21.75,24.75,3.0,1.25,3.0,0.0,0.0,0.0,19.0,4.0,6.0
SF,2023,14,SEA,1,44.5,14.5,15.0,29.5,2.5,0.75,4.0,2.0,0.0,0.0,16.0,9.0,13.5
SF,2023,15,ARI,0,48.0,12.5,17.75,30.25,2.75,0.5,3.0,2.0,0.0,1.0,29.0,12.0,18.0
SF,2023,16,BAL,1,47.5,6.5,20.5,27.0,2.5,0.5,2.0,0.0,0.0,0.0,33.0,1.0,1.5
SF,2023,17,WAS,0,49.0,14.0,17.5,31.5,2.25,1.25,1.0,2.0,0.0,0.0,10.0,9.0,13.5
SF,2023,18,LA,1,40.0,5.5,17.25,22.75,2.5,1.25,2.0,1.0,0.0,0.0,21.0,4.0,6.0
SF,2023,20,GB,1,50.5,10.5,20.0,30.5,0.0,0.0,0.0,0.0,0.0,0.0,21.0,0.0,0.0
SF,2023,21,DET,1,52.5,7.5,22.5,30.0,0.0,0.0,0.0,0.0,0.0,0.0,31.0,-1.0,-1.5
SF,2023,22,KC,0,47.0,1.5,22.75,24.25,0.0,0.0,0.0,0.0,0.0,0.0,25.0,0.0,0.0
SF,2024,1,NYJ,1,43.0,3.5,19.75,23.25,2.25,2.25,1.0,1.0,1.0,0.0,19.0,6.0,9.0
SF,2024,2,MIN,0,46.5,4.5,21.0,25.5,3.25,2.75,4.0,1.0,1.0,0.0,23.0,8.0,12.0
SF,2024,3,LA,0,44.5,6.0,19.25,25.25,3.25,1.5,3.0,0.0,0.0,0.0,27.0,3.0,4.5
SF,2024,4,NE,1,41.5,10.5,15.5,26.0,4.5,1.25,6.0,1.0,2.0,1.0,13.0,22.0,33.0
SF,2024,5,ARI,1,48.5,7.0,20.75,27.75,2.5,1.0,1.0,1.0,0.0,1.0,24.0,9.0,13.5
SF,2024,6,SEA,0,49.0,3.5,22.75,26.25,4.0,1.25,1.0,2.0,1.0,0.0,24.0,7.0,10.5
SF,2024,7,KC,1,47.5,2.5,22.5,25.0,1.75,1.75,2.0,2.0,0.0,0.0,28.0,5.0,7.5
SF,2024,8,DAL,1,48.0,5.5,21.25,26.75,2.5,2.25,2.0,2.0,0.0,0.0,24.0,6.0,9.0
SF,2024,10,TB,0,50.5,6.5,22.0,28.5,1.5,2.0,2.0,0.0,1.0,0.0,20.0,5.0,7.5
SF,2024,11,SEA,1,49.0,6.0,21.5,27.5,2.5,1.75,4.0,1.0,0.0,0.0,20.0,7.0,10.5
SF,2024,12,GB,0,44.5,-6.5,25.5,19.0,1.25,1.25,2.0,0.0,0.0,0.0,38.0,-2.0,-3.0
SF,2024,13,BUF,0,45.0,-6.5,25.75,19.25,1.0,1.5,0.0,0.0,0.0,0.0,35.0,-4.0,-6.0
SF,2024,14,CHI,1,43.5,3.0,20.25,23.25,5.0,0.0,7.0,0.0,1.0,0.0,13.0,13.0,19.5
SF,2024,15,LA,1,48.5,3.0,22.75,25.75,1.75,0.25,0.0,0.0,0.0,0.0,12.0,4.0,6.0
SF,2024,16,MIA,0,44.0,2.0,21.0,23.0,2.5,1.25,0.0,0.0,0.0,0.0,29.0,-1.0,-1.5
SF,2024,17,DET,1,50.5,-4.0,27.25,23.25,1.75,0.75,2.0,0.0,0.0,0.0,40.0,-2.0,-3.0
SF,2024,18,ARI,0,42.5,-4.5,23.5,19.0,2.25,1.5,0.0,0.0,0.0,0.0,47.0,-4.0,-6.0
TB,2020,1,NO,0,48.5,-4.0,26.25,22.25,0.0,0.0,1.0,0.0,0.0,0.0,34.0,0.0,0.0
TB,2020,2,CAR,1,47.0,7.5,19.75,27.25,1.0,0.0,5.0,2.0,2.0,0.0,17.0,14.0,21.0
TB,2020,3,DEN,0,42.5,6.0,18.25,24.25,3.5,1.5,6.0,2.0,0.0,0.0,10.0,14.0,21.0
TB,2020,4,LAC,1,42.5,7.5,17.5,25.0,2.0,1.6666666666666667,2.0,1.0,1.0,0.0,31.0,5.0,7.5
TB,2020,5,CHI,0,44.0,3.5,20.25,23.75,2.0,1.25,3.0,1.0,0.0,0.0,20.0,6.0,9.0
TB,2020,6,GB,1,55.0,-3.0,29.0,26.0,0.75,0.0,5.0,2.0,0.0,1.0,10.0,19.0,28.5
TB,2020,7,LV,0,51.5,3.5,24.0,27.5,2.0,1.75,3.0,1.0,0.0,0.0,20.0,6.0,9.0
TB,2020,8,NYG,0,47.0,13.0,17.0,30.0,2.75,1.5,3.0,2.0,0.0,0.0,23.0,7.0,10.5
TB,2020,9,NO,1,51.0,3.0,24.0,27.0,1.5,0.75,1.0,0.0,2.0,0.0,38.0,1.0,1.5
TB,2020,10,CAR,0,49.5,6.0,21.75,27.75,2.5,1.0,3.0,1.0,0.0,0.0,23.0,5.0,7.5
TB,2020,11,LA,1,47.5,4.0,21.75,25.75,1.5,1.75,0.0,2.0,0.0,0.0,27.0,4.0,6.0
TB,2020,12,KC,1,56.0,-3.5,29.75,26.25,1.5,0.75,2.0,0.0,1.0,0.0,27.0,4.0,6.0
TB,2020,14,MIN,1,52.5,7.0,22.75,29.75,2.25,2.25,6.0,0.0,1.0,0.0,14.0,9.0,13.5
TB,2020,15,ATL,0,49.5,6.0,21.75,27.75,3.5,1.75,3.0,0.0,0.0,0.0,27.0,3.0,4.5
TB,2020,16,DET,0,55.0,12.0,21.5,33.5,2.5,1.75,4.0,1.0,1.0,0.0,7.0,12.0,18.0
TB,2020,17,ATL,1,51.0,7.5,21.75,29.25,3.0,1.25,1.0,0.0,2.0,0.0,27.0,5.0,7.5
TB,2020,18,WAS,0,45.0,10.0,17.5,27.5,0.0,0.0,0.0,0.0,0.0,0.0,23.0,0.0,0.0
TB,2020,19,NO,0,53.0,-2.5,27.75,25.25,0.0,0.0,0.0,0.0,0.0,0.0,20.0,1.0,1.5
TB,2020,20,GB,0,53.0,-3.0,28.0,25.0,0.0,0.0,0.0,0.0,0.0,0.0,26.0,0.0,0.0
TB,2020,21,KC,1,55.0,-3.0,29.0,26.0,0.0,0.0,0.0,0.0,0.0,0.0,9.0,4.0,6.0
TB,2021,1,DAL,1,52.5,10.0,21.25,31.25,3.0,0.75,1.0,1.0,0.0,0.0,29.0,2.0,3.0
TB,2021,2,ATL,1,52.0,13.5,19.25,32.75,2.75,0.75,1.0,3.0,0.0,2.0,25.0,19.0,28.5
TB,2021,3,LA,0,55.0,1.0,27.0,28.0,1.75,1.25,1.0,0.0,0.0,0.0,34.0,0.0,0.0
TB,2021,4,NE,0,49.5,6.0,21.75,27.75,2.25,1.25,4.0,1.0,1.0,0.0,17.0,9.0,13.5
TB,2021,5,MIA,1,48.0,11.0,18.5,29.5,3.25,1.25,3.0,1.0,1.0,0.0,17.0,8.0,12.0
TB,2021,6,PHI,0,53.0,7.0,23.0,30.0,2.25,1.0,2.0,1.0,0.0,0.0,22.0,4.0,6.0
TB,2021,7,CHI,1,47.0,12.5,17.25,29.75,4.0,0.5,4.0,3.0,2.0,0.0,3.0,21.0,31.5
TB,2021,8,NO,0,48.5,4.0,22.25,26.25,1.75,1.0,1.0,0.0,0.0,0.0,36.0,-3.0,-4.5
TB,2021,10,WAS,0,51.0,10.0,20.5,30.5,2.75,2.0,5.0,0.0,1.0,0.0,29.0,6.0,9.0
TB,2021,11,NYG,1,49.5,11.5,19.0,30.5,3.0,1.5,2.0,2.0,1.0,0.0,10.0,12.0,18.0
TB,2021,12,IND,0,53.0,3.0,25.0,28.0,0.75,0.5,3.0,2.0,2.0,0.0,31.0,10.0,15.0
TB,2021,13,ATL,0,51.0,11.0,20.0,31.0,2.25,2.0,5.0,0.0,1.0,0.0,17.0,8.0,12.0
TB,2021,14,BUF,1,52.5,3.5,24.5,28.0,1.75,2.5,3.0,1.0,0.0,0.0,27.0,5.0,7.5
TB,2021,15,NO,1,45.5,11.5,17.0,28.5,1.75,2.0,2.0,0.0,0.0,0.0,9.0,6.0,9.0
TB,2021,16,CAR,0,44.5,11.5,16.5,28.0,2.75,1.75,7.0,1.0,0.0,0.0,6.0,16.0,24.0
TB,2021,17,NYJ,0,48.0,14.5,16.75,31.25,3.0,0.5,1.0,0.0,1.0,0.0,24.0,3.0,4.5
TB,2021,18,CAR,1,43.0,11.0,16.0,27.0,4.75,1.75,2.0,1.0,1.0,0.0,17.0,7.0,10.5
TB,2021,19,PHI,1,45.5,7.5,19.0,26.5,0.0,0.0,0.0,0.0,0.0,0.0,15.0,1.0,1.5
TB,2021,20,LA,1,48.0,2.5,22.75,25.25,0.0,0.0,0.0,0.0,0.0,0.0,30.0,-1.0,-1.5
TB,2022,1,DAL,0,49.5,2.5,23.5,26.0,2.0,0.5,4.0,1.0,0.0,0.0,3.0,13.0,19.5
TB,2022,2,NO,0,44.0,2.5,20.75,23.25,3.75,0.75,6.0,3.0,2.0,1.0,10.0,26.0,39.0
TB,2022,3,GB,1,41.5,1.0,20.25,21.25,2.75,1.5,1.0,1.0,1.0,0.0,14.0,6.0,9.0
TB,2022,4,KC,1,46.5,1.0,22.75,23.75,0.75,0.5,3.0,1.0,0.0,0.0,41.0,1.0,1.5
TB,2022,5,ATL,1,46.0,10.5,17.75,28.25,1.75,2.0,5.0,0.0,0.0,0.0,15.0,6.0,9.0
TB,2022,6,PIT,0,47.0,10.0,18.5,28.5,2.5,2.0,2.0,0.0,0.0,0.0,20.0,3.0,4.5
TB,2022,7,CAR,0,39.5,13.0,13.25,26.25,3.25,1.25,1.0,0.0,0.0,0.0,21.0,1.0,1.5
TB,2022,8,BAL,1,46.0,2.0,22.0,24.0,2.0,1.5,3.0,0.0,1.0,0.0,27.0,5.0,7.5
TB,2022,9,LA,1,43.0,3.0,20.0,23.0,3.75,1.5,4.0,0.0,0.0,0.0,13.0,8.0,12.0
TB,2022,10,SEA,1,45.0,2.5,21.25,23.75,3.0,1.75,3.0,0.0,1.0,0.0,16.0,6.0,9.0
TB,2022,12,CLE,0,42.0,3.0,19.5,22.5,2.75,1.5,4.0,1.0,0.0,0.0,23.0,6.0,9.0
TB,2022,13,NO,1,41.0,3.5,18.75,22.25,2.75,1.25,2.0,0.0,0.0,0.0,16.0,3.0,4.5
TB,2022,14,SF,0,38.0,-3.5,20.75,17.25,1.5,0.5,0.0,0.0,1.0,0.0,35.0,-2.0,-3.0
TB,2022,15,CIN,1,47.0,-3.5,25.25,21.75,1.5,0.75,2.0,1.0,0.0,0.0,34.0,3.0,4.5
TB,2022,16,ARI,0,41.5,7.5,17.0,24.5,3.25,2.25,1.0,1.0,2.0,0.0,16.0,8.0,12.0
TB,2022,17,CAR,1,40.5,3.5,18.5,22.0,1.5,0.0,2.0,1.0,2.0,0.0,24.0,8.0,12.0
TB,2022,18,ATL,0,40.5,-6.0,23.25,17.25,2.0,1.0,2.0,0.0,1.0,0.0,30.0,3.0,4.5
TB,2022,19,DAL,1,45.5,-2.5,24.0,21.5,0.0,0.0,0.0,0.0,0.0,0.0,31.0,-1.0,-1.5
TB,2023,1,MIN,0,45.0,-4.0,24.5,20.5,3.25,2.25,2.0,1.0,2.0,0.0,17.0,9.0,13.5
TB,2023,2,CHI,1,41.0,2.5,19.25,21.75,3.5,2.0,6.0,2.0,0.0,1.0,17.0,17.0,25.5
TB,2023,3,PHI,1,44.0,-6.0,25.0,19.0,4.0,1.25,1.0,2.0,0.0,0.0,25.0,5.0,7.5
TB,2023,4,NO,0,41.0,-4.0,22.5,18.5,3.25,1.0,3.0,1.0,2.0,0.0,9.0,13.0,19.5
TB,2023,6,DET,1,43.5,-3.0,23.25,20.25,1.5,1.25,3.0,0.0,0.0,0.0,20.0,4.0,6.0
TB,2023,7,ATL,1,37.5,3.0,17.25,20.25,3.5,2.25,1.0,0.0,3.0,0.0,16.0,8.0,12.0
TB,2023,8,BUF,0,43.0,-10.0,26.5,16.5,0.75,1.5,2.0,1.0,0.0,0.0,24.0,4.0,6.0
TB,2023,9,HOU,0,39.5,-2.5,21.0,18.5,1.0,0.75,3.0,0.0,1.0,0.0,39.0,1.0,1.5
TB,2023,10,TEN,1,39.5,2.5,18.5,21.0,3.25,1.0,4.0,1.0,0.0,0.0,6.0,13.0,19.5
TB,2023,11,SF,0,41.5,-13.5,27.5,14.0,2.0,1.75,4.0,0.0,0.0,0.0,27.0,4.0,6.0
TB,2023,12,IND,0,45.0,-2.5,23.75,21.25,1.75,1.5,2.0,1.0,0.0,0.0,27.0,4.0,6.0
TB,2023,13,CAR,1,37.0,4.0,16.5,20.5,4.5,1.75,4.0,1.0,0.0,0.0,18.0,7.0,10.5
TB,2023,14,ATL,0,41.5,-1.5,21.5,20.0,1.75,1.0,3.0,1.0,0.0,0.0,25.0,5.0,7.5
TB,2023,15,GB,0,41.5,-4.0,22.75,18.75,1.75,0.75,2.0,0.0,1.0,0.0,20.0,5.0,7.5
TB,2023,16,JAX,1,43.0,-2.0,22.5,20.5,2.25,1.75,4.0,2.0,2.0,0.0,12.0,16.0,24.0
TB,2023,17,NO,1,42.5,2.5,20.0,22.5,1.5,1.0,1.0,0.0,0.0,0.0,23.0,1.0,1.5
TB,2023,18,CAR,0,36.5,5.0,15.75,20.75,3.75,0.75,3.0,0.0,2.0,0.0,0.0,17.0,25.5
TB,2023,19,PHI,1,43.0,-2.5,22.75,20.25,0.0,0.0,0.0,0.0,0.0,0.0,9.0,4.0,6.0
TB,2023,20,DET,0,49.5,-6.0,27.75,21.75,0.0,0.0,0.0,0.0,0.0,0.0,31.0,-1.0,-1.5
TB,2024,1,WAS,1,42.0,4.0,19.0,23.0,1.75,2.0,2.0,0.0,0.0,0.0,20.0,3.0,4.5
TB,2024,2,DET,0,51.5,-7.5,29.5,22.0,1.25,1.0,0.0,2.0,0.0,0.0,16.0,5.0,7.5
TB,2024,3,DEN,1,40.5,6.0,17.25,23.25,2.75,1.75,0.0,0.0,1.0,0.0,26.0,2.0,3.0
TB,2024,4,PHI,1,42.0,-1.0,21.5,20.5,3.0,2.5,6.0,0.0,1.0,0.0,16.0,9.0,13.5
TB,2024,5,ATL,0,44.0,-2.5,23.25,20.75,1.5,1.5,4.0,1.0,0.0,0.0,36.0,2.0,3.0
TB,2024,6,NO,0,42.5,3.5,19.5,23.0,1.0,1.0,5.0,2.0,1.0,1.0,27.0,17.0,25.5
TB,2024,7,BAL,1,51.0,-4.5,27.75,23.25,1.0,0.75,2.0,0.0,1.0,0.0,41.0,0.0,0.0
TB,2024,8,ATL,1,47.0,-1.5,24.25,22.75,2.0,1.75,2.0,0.0,0.0,0.0,31.0,1.0,1.5
TB,2024,9,KC,0,45.5,-9.0,27.25,18.25,2.0,1.5,4.0,0.0,1.0,0.0,30.0,5.0,7.5
TB,2024,10,SF,1,50.5,-6.5,28.5,22.0,1.25,1.5,3.0,0.0,0.0,0.0,23.0,3.0,4.5
TB,2024,12,NYG,0,40.5,6.5,17.0,23.5,4.0,1.5,4.0,0.0,1.0,0.0,7.0,10.0,15.0
TB,2024,13,CAR,0,46.0,6.5,19.75,26.25,1.5,1.0,1.0,0.0,1.0,0.0,23.0,3.0,4.5
TB,2024,14,LV,1,47.0,7.0,20.0,27.0,4.0,1.5,2.0,1.0,1.0,0.0,13.0,10.0,15.0
TB,2024,15,LAC,0,46.0,-3.0,24.5,21.5,3.5,0.5,3.0,1.0,1.0,0.0,17.0,8.0,12.0
TB,2024,16,DAL,0,47.5,4.5,21.5,26.0,1.25,0.75,1.0,0.0,0.0,0.0,26.0,1.0,1.5
TB,2024,17,CAR,1,47.5,9.5,19.0,28.5,2.75,1.5,5.0,0.0,0.0,1.0,14.0,12.0,18.0
TB,2024,18,NO,1,44.5,14.5,15.0,29.5,3.0,1.5,2.0,0.0,0.0,0.0,19.0,3.0,4.5
TB,2024,19,WAS,1,51.5,3.0,24.25,27.25,0.0,0.0,0.0,0.0,0.0,0.0,23.0,0.0,0.0
TEN,2020,1,DEN,0,41.0,3.0,19.0,22.0,0.0,0.0,0.0,0.0,1.0,0.0,14.0,3.0,4.5
TEN,2020,2,JAX,1,44.5,7.0,18.75,25.75,4.0,0.0,2.0,2.0,0.0,0.0,30.0,5.0,7.5
TEN,2020,3,MIN,0,49.5,3.0,23.25,26.25,2.5,2.0,2.0,2.0,1.0,0.0,30.0,7.0,10.5
TEN,2020,5,BUF,1,52.0,-3.0,27.5,24.5,2.25,1.25,1.0,2.0,1.0,0.0,16.0,8.0,12.0
TEN,2020,6,HOU,1,52.0,4.0,24.0,28.0,3.25,1.25,2.0,0.0,0.0,0.0,36.0,-2.0,-3.0
TEN,2020,7,PIT,1,51.0,1.0,25.0,26.0,1.5,0.75,0.0,3.0,0.0,0.0,27.0,6.0,9.0
TEN,2020,8,CIN,0,49.5,7.5,21.0,28.5,3.5,1.75,0.0,0.0,0.0,0.0,31.0,-1.0,-1.5
TEN,2020,9,CHI,1,46.5,6.5,20.0,26.5,3.0,1.25,3.0,0.0,2.0,1.0,17.0,14.0,21.0
TEN,2020,10,IND,1,49.0,-1.0,25.0,24.0,1.0,1.5,1.0,0.0,0.0,0.0,34.0,0.0,0.0
TEN,2020,11,BAL,0,50.5,-6.0,28.25,22.25,2.75,1.5,1.0,1.0,0.0,0.0,24.0,3.0,4.5
TEN,2020,12,IND,0,51.5,-3.0,27.25,24.25,1.0,1.0,2.0,1.0,0.0,0.0,26.0,4.0,6.0
TEN,2020,13,CLE,1,54.0,4.0,25.0,29.0,1.5,0.75,0.0,0.0,1.0,0.0,41.0,-2.0,-3.0
TEN,2020,14,JAX,0,53.0,7.5,22.75,30.25,1.75,2.25,0.0,1.0,0.0,0.0,10.0,6.0,9.0
TEN,2020,15,DET,1,54.5,9.5,22.5,32.0,3.75,1.25,0.0,1.0,2.0,0.0,25.0,6.0,9.0
TEN,2020,16,GB,0,52.5,-3.0,27.75,24.75,1.75,0.0,1.0,1.0,0.0,0.0,40.0,-1.0,-1.5
TEN,2020,17,HOU,0,55.5,7.0,24.25,31.25,4.5,1.5,4.0,1.0,0.0,0.0,38.0,2.0,3.0
TEN,2020,18,BAL,1,53.0,-3.5,28.25,24.75,0.0,0.0,0.0,0.0,0.0,0.0,20.0,1.0,1.5
TEN,2021,1,ARI,1,54.0,2.5,25.75,28.25,2.25,1.5,2.0,1.0,0.0,0.0,38.0,0.0,0.0
TEN,2021,2,SEA,0,53.5,-6.5,30.0,23.5,2.5,0.5,3.0,0.0,0.0,0.0,30.0,2.0,3.0
TEN,2021,3,IND,1,47.0,4.5,21.25,25.75,2.75,1.5,2.0,0.0,0.0,0.0,16.0,3.0,4.5
TEN,2021,4,NYJ,0,44.5,5.5,19.5,25.0,4.5,2.25,1.0,1.0,0.0,0.0,27.0,3.0,4.5
TEN,2021,5,JAX,0,49.0,4.0,22.5,26.5,1.5,2.25,2.0,1.0,1.0,1.0,19.0,13.0,19.5
TEN,2021,6,BUF,1,53.5,-6.0,29.75,23.75,0.5,1.0,3.0,1.0,0.0,0.0,31.0,4.0,6.0
TEN,2021,7,KC,1,57.5,-4.0,30.75,26.75,2.0,3.0,4.0,1.0,2.0,0.0,3.0,17.0,25.5
TEN,2021,8,IND,0,51.0,-3.0,27.0,24.0,1.75,1.0,1.0,2.0,0.0,1.0,31.0,10.0,15.0
TEN,2021,9,LA,0,53.5,-7.0,30.25,23.25,1.25,0.75,5.0,2.0,0.0,1.0,16.0,16.0,24.0
TEN,2021,10,NO,1,44.0,3.0,20.5,23.5,1.5,1.0,4.0,0.0,1.0,0.0,21.0,6.0,9.0
TEN,2021,11,HOU,1,44.5,10.5,17.0,27.5,3.5,2.5,0.0,0.0,1.0,0.0,22.0,2.0,3.0
TEN,2021,12,NE,0,43.0,-7.5,25.25,17.75,2.0,1.0,2.0,0.0,0.0,0.0,36.0,-2.0,-3.0
TEN,2021,14,JAX,1,44.5,8.5,18.0,26.5,2.25,1.5,3.0,4.0,0.0,0.0,0.0,21.0,31.5
TEN,2021,15,PIT,0,44.0,-1.0,22.5,21.5,3.0,1.0,3.0,0.0,0.0,0.0,19.0,4.0,6.0
TEN,2021,16,SF,1,45.5,-3.5,24.5,21.0,2.0,1.75,2.0,2.0,0.0,0.0,17.0,7.0,10.5
TEN,2021,17,MIA,1,41.0,3.0,19.0,22.0,2.0,1.25,4.0,1.0,1.0,0.0,3.0,15.0,22.5
TEN,2021,18,HOU,0,43.0,10.5,16.25,26.75,1.75,0.5,2.0,0.0,0.0,0.0,25.0,2.0,3.0
TEN,2021,20,CIN,1,48.5,4.0,22.25,26.25,0.0,0.0,0.0,0.0,0.0,0.0,19.0,1.0,1.5
TEN,2022,1,NYG,1,43.5,5.5,19.0,24.5,2.5,3.25,5.0,1.0,2.0,0.0,21.0,11.0,16.5
TEN,2022,2,BUF,0,47.5,-10.0,28.75,18.75,0.75,1.75,1.0,0.0,1.0,0.0,41.0,-1.0,-1.5
TEN,2022,3,LV,1,45.5,-1.5,23.5,22.0,3.0,1.75,1.0,1.0,0.0,0.0,22.0,3.0,4.5
TEN,2022,4,IND,0,43.0,-4.5,23.75,19.25,4.5,2.25,3.0,1.0,2.0,0.0,17.0,10.0,15.0
TEN,2022,5,WAS,0,43.0,1.0,21.0,22.0,4.25,1.75,3.0,1.0,0.0,0.0,17.0,6.0,9.0
TEN,2022,7,IND,1,43.0,2.5,20.25,22.75,3.5,1.75,3.0,2.0,1.0,1.0,10.0,19.0,28.5
TEN,2022,8,HOU,0,39.0,1.0,19.0,20.0,1.75,1.25,3.0,1.0,1.0,0.0,10.0,11.0,16.5
TEN,2022,9,KC,0,45.0,-14.0,29.5,15.5,2.5,1.0,4.0,1.0,0.0,0.0,20.0,7.0,10.5
TEN,2022,10,DEN,1,40.0,2.5,18.75,21.25,3.0,1.0,6.0,1.0,0.0,0.0,10.0,12.0,18.0
TEN,2022,11,GB,0,40.5,-3.0,21.75,18.75,1.25,1.25,1.0,0.0,0.0,0.0,17.0,2.0,3.0
TEN,2022,12,CIN,1,43.0,-1.0,22.0,21.0,3.0,1.0,1.0,0.0,0.0,0.0,20.0,2.0,3.0
TEN,2022,13,PHI,0,44.5,-5.0,24.75,19.75,2.5,2.0,2.0,0.0,0.0,0.0,35.0,-2.0,-3.0
TEN,2022,14,JAX,1,42.0,3.0,19.5,22.5,2.75,0.75,0.0,0.0,0.0,0.0,36.0,-4.0,-6.0
TEN,2022,15,LAC,0,46.5,-3.0,24.75,21.75,4.5,0.75,3.0,2.0,0.0,0.0,17.0,8.0,12.0
TEN,2022,16,HOU,1,34.0,3.0,15.5,18.5,1.5,2.5,1.0,1.0,0.0,0.0,19.0,4.0,6.0
TEN,2022,17,DAL,1,41.0,-14.0,27.5,13.5,2.75,1.5,1.0,2.0,1.0,0.0,27.0,7.0,10.5
TEN,2022,18,JAX,0,39.5,-6.0,22.75,16.75,1.0,1.5,1.0,0.0,1.0,0.0,20.0,4.0,6.0
TEN,2023,1,NO,0,41.0,-3.0,22.0,19.0,2.5,1.0,4.0,1.0,1.0,0.0,16.0,9.0,13.5
TEN,2023,2,LAC,1,45.5,-2.5,24.0,21.5,2.0,1.25,3.0,0.0,0.0,0.0,24.0,3.0,4.5
TEN,2023,3,CLE,0,38.0,-3.5,20.75,17.25,5.25,2.0,3.0,0.0,1.0,0.0,27.0,5.0,7.5
TEN,2023,4,CIN,1,41.5,-2.5,22.0,19.5,1.75,0.75,3.0,0.0,1.0,0.0,3.0,12.0,18.0
TEN,2023,5,IND,0,43.5,2.5,20.5,23.0,2.75,1.0,1.0,0.0,0.0,0.0,23.0,1.0,1.5
TEN,2023,6,BAL,1,42.5,-5.5,24.0,18.5,2.75,1.75,1.0,1.0,1.0,0.0,24.0,5.0,7.5
TEN,2023,8,ATL,1,35.0,-2.5,18.75,16.25,2.0,2.75,6.0,0.0,1.0,0.0,23.0,8.0,12.0
TEN,2023,9,PIT,0,37.0,-3.5,20.25,16.75,2.75,0.75,0.0,0.0,0.0,0.0,20.0,1.0,1.5
TEN,2023,10,TB,0,39.5,-2.5,21.0,18.5,2.25,1.0,3.0,1.0,0.0,0.0,20.0,6.0,9.0
TEN,2023,11,JAX,0,40.0,-6.5,23.25,16.75,2.75,2.25,1.0,0.0,1.0,0.0,34.0,2.0,3.0
TEN,2023,12,CAR,1,36.0,3.5,16.25,19.75,5.0,1.5,4.0,0.0,1.0,0.0,10.0,10.0,15.0
TEN,2023,13,IND,1,42.0,-1.5,21.75,20.25,1.25,0.75,3.0,0.0,1.0,0.0,31.0,4.0,6.0
TEN,2023,14,MIA,0,45.0,-14.0,29.5,15.5,1.5,1.75,5.0,0.0,2.0,0.0,27.0,9.0,13.5
TEN,2023,15,HOU,1,38.0,3.0,17.5,20.5,4.5,1.0,4.0,1.0,0.0,1.0,19.0,13.0,19.5
TEN,2023,16,SEA,1,42.0,-3.0,22.5,19.5,3.25,1.0,3.0,0.0,0.0,0.0,20.0,4.0,6.0
TEN,2023,17,HOU,0,44.0,-5.0,24.5,19.5,4.25,0.75,1.0,0.0,0.0,0.0,26.0,1.0,1.5
TEN,2023,18,JAX,1,41.5,-3.5,22.5,19.0,3.0,2.5,0.0,2.0,0.0,0.0,20.0,5.0,7.5
TEN,2024,1,CHI,0,43.0,-4.0,23.5,19.5,3.0,0.75,2.0,0.0,1.0,0.0,24.0,4.0,6.0
TEN,2024,2,NYJ,1,41.5,-3.5,22.5,19.0,1.0,1.75,2.0,0.0,0.0,0.0,24.0,2.0,3.0
TEN,2024,3,GB,1,37.0,3.0,17.0,20.0,0.75,0.75,3.0,0.0,0.0,0.0,30.0,2.0,3.0
TEN,2024,4,MIA,0,37.0,-2.5,19.75,17.25,3.0,1.25,2.0,0.0,1.0,0.0,12.0,8.0,12.0
TEN,2024,6,IND,1,42.0,2.5,19.75,22.25,2.0,1.5,0.0,1.0,0.0,0.0,20.0,3.0,4.5
TEN,2024,7,BUF,0,41.0,-9.5,25.25,15.75,1.5,0.25,1.0,0.0,0.0,0.0,34.0,0.0,0.0
TEN,2024,8,DET,0,45.0,-12.5,28.75,16.25,3.0,0.5,4.0,0.0,0.0,0.0,52.0,0.0,0.0
TEN,2024,9,NE,1,38.5,3.0,17.75,20.75,2.5,1.0,4.0,2.0,1.0,0.0,17.0,11.0,16.5
TEN,2024,10,LAC,0,40.0,-8.0,24.0,16.0,3.75,0.25,0.0,0.0,0.0,0.0,27.0,0.0,0.0
TEN,2024,11,MIN,1,40.0,-6.0,23.0,17.0,3.0,1.75,2.0,0.0,1.0,0.0,23.0,4.0,6.0
TEN,2024,12,HOU,0,40.5,-8.0,24.25,16.25,3.75,1.25,4.0,2.0,1.0,0.0,27.0,10.0,15.0
TEN,2024,13,WAS,0,45.0,-6.0,25.5,19.5,2.5,1.0,2.0,1.0,0.0,0.0,42.0,0.0,0.0
TEN,2024,14,JAX,1,40.0,3.0,18.5,21.5,1.5,1.75,1.0,2.0,0.0,0.0,10.0,9.0,13.5
TEN,2024,15,CIN,1,46.5,-6.0,26.25,20.25,3.0,1.5,1.0,2.0,1.0,0.0,37.0,3.0,4.5
TEN,2024,16,IND,0,42.5,-4.0,23.25,19.25,1.0,2.0,1.0,1.0,0.0,0.0,38.0,-1.0,-1.5
TEN,2024,17,JAX,0,38.0,1.0,18.5,19.5,1.0,1.75,2.0,0.0,0.0,0.0,20.0,3.0,4.5
TEN,2024,18,HOU,1,36.5,2.5,17.0,19.5,3.25,1.0,1.0,0.0,1.0,0.0,23.0,3.0,4.5
WAS,2020,1,PHI,1,41.5,-5.5,23.5,18.0,0.0,0.0,8.0,2.0,1.0,0.0,17.0,15.0,22.5
WAS,2020,2,ARI,0,46.5,-7.5,27.0,19.5,2.0,1.0,3.0,1.0,1.0,0.0,30.0,6.0,9.0
WAS,2020,3,CLE,0,45.0,-7.5,26.25,18.75,1.0,2.0,2.0,0.0,0.0,0.0,34.0,1.0,1.5
WAS,2020,4,BAL,1,45.0,-14.5,29.75,15.25,3.3333333333333335,0.6666666666666666,1.0,2.0,0.0,0.0,31.0,4.0,6.0
WAS,2020,5,LA,1,45.0,-7.0,26.0,19.0,1.5,1.0,1.0,1.0,0.0,0.0,30.0,2.0,3.0
WAS,2020,6,NYG,0,42.5,-2.0,22.25,20.25,3.25,1.75,1.0,1.0,0.0,0.0,20.0,4.0,6.0
WAS,2020,7,DAL,1,44.5,-1.0,22.75,21.75,2.5,3.0,6.0,1.0,0.0,0.0,3.0,15.0,22.5
WAS,2020,9,NYG,1,43.0,3.0,20.0,23.0,2.25,1.75,5.0,0.0,1.0,0.0,23.0,7.0,10.5
WAS,2020,10,DET,0,46.0,-2.5,24.25,21.75,2.25,1.5,1.0,0.0,0.0,0.0,30.0,0.0,0.0
WAS,2020,11,CIN,1,48.0,2.0,23.0,25.0,2.5,1.0,4.0,1.0,1.0,0.0,9.0,12.0,18.0
WAS,2020,12,DAL,0,46.0,-2.5,24.25,21.75,3.25,1.5,4.0,1.0,1.0,1.0,16.0,15.0,22.5
WAS,2020,13,PIT,0,43.5,-5.5,24.5,19.0,0.0,0.75,0.0,1.0,0.0,0.0,17.0,3.0,4.5
WAS,2020,14,SF,0,43.5,-3.0,23.25,20.25,1.25,2.5,4.0,1.0,2.0,2.0,15.0,23.0,34.5
WAS,2020,15,SEA,1,44.5,-6.0,25.25,19.25,2.75,0.75,0.0,1.0,0.0,0.0,20.0,3.0,4.5
WAS,2020,16,CAR,1,41.0,-1.0,21.0,20.0,2.0,1.25,4.0,1.0,2.0,0.0,20.0,11.0,16.5
WAS,2020,17,PHI,0,43.5,6.5,18.5,25.0,4.0,1.25,3.0,2.0,1.0,0.0,14.0,10.0,15.0
WAS,2020,18,TB,1,45.0,-10.0,27.5,17.5,0.0,0.0,0.0,0.0,0.0,0.0,31.0,-1.0,-1.5
WAS,2021,1,LAC,1,45.5,2.5,21.5,24.0,1.75,0.5,2.0,1.0,1.0,0.0,20.0,7.0,10.5
WAS,2021,2,NYG,1,42.0,4.0,19.0,23.0,2.75,0.75,4.0,0.0,0.0,0.0,29.0,3.0,4.5
WAS,2021,3,BUF,0,45.5,-7.5,26.5,19.0,1.25,1.5,0.0,0.0,0.0,0.0,43.0,-4.0,-6.0
WAS,2021,4,ATL,0,47.5,1.0,23.25,24.25,2.0,1.5,1.0,0.0,0.0,0.0,30.0,0.0,0.0
WAS,2021,5,NO,1,43.5,-2.5,23.0,20.5,1.75,0.75,2.0,1.0,1.0,0.0,33.0,5.0,7.5
WAS,2021,6,KC,1,54.0,-6.0,30.0,24.0,1.25,2.75,3.0,2.0,1.0,0.0,31.0,8.0,12.0
WAS,2021,7,GB,0,48.0,-8.5,28.25,19.75,2.25,0.5,3.0,0.0,1.0,0.0,24.0,5.0,7.5
WAS,2021,8,DEN,0,45.0,-4.0,24.5,20.5,3.5,1.75,4.0,0.0,1.0,0.0,17.0,7.0,10.5
WAS,2021,10,TB,1,51.0,-10.0,30.5,20.5,1.25,1.25,0.0,2.0,0.0,0.0,19.0,5.0,7.5
WAS,2021,11,CAR,0,43.0,-3.5,23.25,19.75,1.75,1.75,1.0,0.0,0.0,0.0,21.0,1.0,1.5
WAS,2021,12,SEA,1,47.0,-1.0,24.0,23.0,3.75,0.5,2.0,0.0,1.0,0.0,15.0,5.0,7.5
WAS,2021,13,LV,0,47.5,-1.0,24.25,23.25,2.0,2.0,2.0,0.0,0.0,0.0,15.0,3.0,4.5
WAS,2021,14,DAL,1,48.0,-6.5,27.25,20.75,1.75,1.25,4.0,2.0,0.0,1.0,27.0,14.0,21.0
WAS,2021,15,PHI,0,39.5,-10.0,24.75,14.75,2.0,1.5,3.0,1.0,1.0,0.0,27.0,7.0,10.5
WAS,2021,16,DAL,0,45.5,-10.5,28.0,17.5,2.25,1.0,3.0,0.0,0.0,0.0,56.0,-1.0,-1.5
WAS,2021,17,PHI,1,44.5,-6.5,25.5,19.0,1.75,1.5,1.0,0.0,0.0,0.0,20.0,2.0,3.0
WAS,2021,18,NYG,0,36.0,6.0,15.0,21.0,2.25,3.0,3.0,2.0,1.0,1.0,7.0,19.0,28.5
WAS,2022,1,JAX,1,43.5,3.0,20.25,23.25,1.75,1.0,2.0,1.0,0.0,0.0,22.0,4.0,6.0
WAS,2022,2,DET,0,48.5,1.0,23.75,24.75,0.5,1.25,3.0,0.0,0.0,0.0,36.0,-1.0,-1.5
WAS,2022,3,PHI,1,47.0,-6.0,26.5,20.5,2.0,0.5,3.0,0.0,0.0,0.0,24.0,3.0,4.5
WAS,2022,4,DAL,0,40.5,-3.0,21.75,18.75,1.5,0.5,1.0,0.0,0.0,0.0,25.0,1.0,1.5
WAS,2022,5,TEN,1,43.0,-1.0,22.0,21.0,1.75,1.0,5.0,0.0,0.0,0.0,21.0,5.0,7.5
WAS,2022,6,CHI,0,38.5,1.0,18.75,19.75,4.0,1.75,5.0,1.0,0.0,0.0,7.0,11.0,16.5
WAS,2022,7,GB,1,41.5,-4.0,22.75,18.75,2.0,1.25,0.0,0.0,0.0,0.0,21.0,0.0,0.0
WAS,2022,8,IND,0,40.5,-3.0,21.75,18.75,3.0,2.0,2.0,0.0,2.0,0.0,16.0,7.0,10.5
WAS,2022,9,MIN,1,43.5,-3.0,23.25,20.25,2.5,1.25,2.0,1.0,0.0,0.0,20.0,5.0,7.5
WAS,2022,10,PHI,0,43.0,-11.0,27.0,16.0,3.25,0.25,1.0,1.0,3.0,1.0,21.0,15.0,22.5
WAS,2022,11,HOU,0,41.0,3.0,19.0,22.0,2.75,1.75,5.0,2.0,0.0,1.0,10.0,19.0,28.5
WAS,2022,12,ATL,1,40.5,3.5,18.5,22.0,2.25,1.25,1.0,1.0,0.0,0.0,13.0,7.0,10.5
WAS,2022,13,NYG,0,40.0,2.5,18.75,21.25,3.25,0.75,4.0,0.0,1.0,0.0,20.0,7.0,10.5
WAS,2022,15,NYG,1,40.5,4.5,18.0,22.5,4.0,1.25,0.0,0.0,0.0,0.0,20.0,1.0,1.5
WAS,2022,16,SF,0,37.5,-6.5,22.0,15.5,1.5,0.5,3.0,1.0,0.0,0.0,37.0,1.0,1.5
WAS,2022,17,CLE,1,41.5,1.0,20.25,21.25,2.0,1.25,5.0,0.0,0.0,0.0,24.0,5.0,7.5
WAS,2022,18,DAL,1,40.5,-7.5,24.0,16.5,2.75,2.0,1.0,1.0,0.0,1.0,6.0,16.0,24.0
WAS,2023,1,ARI,1,38.0,7.0,15.5,22.5,2.25,2.5,3.0,0.0,2.0,0.0,16.0,8.0,12.0
WAS,2023,2,DEN,0,38.5,-4.0,21.25,17.25,3.5,2.0,7.0,1.0,1.0,0.0,33.0,10.0,15.0
WAS,2023,3,BUF,1,44.0,-5.5,24.75,19.25,2.5,2.25,0.0,1.0,0.0,0.0,37.0,-2.0,-3.0
WAS,2023,4,PHI,0,43.0,-9.5,26.25,16.75,2.75,1.5,3.0,0.0,0.0,0.0,34.0,2.0,3.0
WAS,2023,5,CHI,1,45.5,6.0,19.75,25.75,4.25,2.0,3.0,0.0,0.0,0.0,40.0,-1.0,-1.5
WAS,2023,6,ATL,0,42.0,-1.5,21.75,20.25,3.0,1.75,3.0,3.0,0.0,0.0,16.0,10.0,15.0
WAS,2023,7,NYG,0,37.0,3.0,17.0,20.0,5.75,1.0,4.0,0.0,1.0,0.0,14.0,7.0,10.5
WAS,2023,8,PHI,1,42.5,-7.0,24.75,17.75,2.25,1.75,2.0,0.0,2.0,0.0,38.0,2.0,3.0
WAS,2023,9,NE,0,40.5,-2.5,21.5,19.0,2.5,1.5,0.0,1.0,0.0,0.0,17.0,3.0,4.5
WAS,2023,10,SEA,0,44.0,-6.0,25.0,19.0,2.75,2.0,1.0,0.0,0.0,0.0,29.0,0.0,0.0
WAS,2023,11,NYG,1,39.0,7.5,15.75,23.25,5.25,1.0,9.0,0.0,0.0,0.0,31.0,8.0,12.0
WAS,2023,12,DAL,0,48.0,-13.0,30.5,17.5,2.0,1.0,0.0,0.0,0.0,0.0,45.0,-4.0,-6.0
WAS,2023,13,MIA,1,50.0,-8.5,29.25,20.75,2.0,2.25,0.0,0.0,0.0,0.0,45.0,-4.0,-6.0
WAS,2023,15,LA,0,48.5,-6.5,27.5,21.0,0.75,0.5,3.0,0.0,2.0,0.0,28.0,6.0,9.0
WAS,2023,16,NYJ,0,36.5,-3.0,19.75,16.75,5.25,2.5,0.0,1.0,2.0,0.0,30.0,5.0,7.5
WAS,2023,17,SF,1,49.0,-14.0,31.5,17.5,2.25,1.75,1.0,0.0,0.0,0.0,27.0,1.0,1.5
WAS,2023,18,DAL,1,47.5,-13.0,30.25,17.25,3.25,1.25,0.0,1.0,0.0,0.0,38.0,-2.0,-3.0
WAS,2024,1,TB,0,42.0,-4.0,23.0,19.0,3.0,1.25,1.0,0.0,0.0,0.0,37.0,-3.0,-4.5
WAS,2024,2,NYG,1,42.5,1.5,20.5,22.0,3.5,1.25,1.0,0.0,1.0,0.0,18.0,4.0,6.0
WAS,2024,3,CIN,0,46.0,-7.5,26.75,19.25,3.75,0.75,2.0,0.0,0.0,0.0,33.0,1.0,1.5
WAS,2024,4,ARI,0,49.0,-3.5,26.25,22.75,1.75,0.75,4.0,0.0,1.0,0.0,14.0,7.0,10.5
WAS,2024,5,CLE,1,44.0,3.0,20.5,23.5,4.75,1.25,7.0,0.0,1.0,0.0,13.0,13.0,19.5
WAS,2024,6,BAL,0,51.5,-6.5,29.0,22.5,1.0,0.75,2.0,1.0,0.0,0.0,30.0,3.0,4.5
WAS,2024,7,CAR,1,51.0,10.0,20.5,30.5,1.5,1.5,2.0,2.0,0.0,1.0,7.0,16.0,24.0
WAS,2024,8,CHI,1,46.5,1.5,22.5,24.0,2.75,1.0,3.0,0.0,1.0,0.0,15.0,6.0,9.0
WAS,2024,9,NYG,0,44.5,4.5,20.0,24.5,4.25,1.0,2.0,0.0,1.0,0.0,22.0,4.0,6.0
WAS,2024,10,PIT,1,45.0,1.5,21.75,23.25,2.75,0.5,3.0,1.0,2.0,0.0,28.0,8.0,12.0
WAS,2024,11,PHI,0,49.5,-4.5,27.0,22.5,3.25,1.0,2.0,0.0,0.0,0.0,26.0,2.0,3.0
WAS,2024,12,DAL,1,45.0,10.5,17.25,27.75,3.25,2.25,1.0,0.0,1.0,0.0,34.0,2.0,3.0
WAS,2024,13,TEN,1,45.0,6.0,19.5,25.5,5.25,1.0,2.0,0.0,2.0,0.0,19.0,7.0,10.5
WAS,2024,15,NO,0,44.5,7.5,18.5,26.0,0.75,0.75,3.0,1.0,0.0,0.0,19.0,6.0,9.0
WAS,2024,16,PHI,1,47.0,-4.0,25.5,21.5,2.5,0.25,4.0,1.0,1.0,0.0,33.0,7.0,10.5
WAS,2024,17,ATL,1,46.5,3.5,21.5,25.0,1.25,2.25,2.0,1.0,0.0,0.0,24.0,4.0,6.0
WAS,2024,18,DAL,0,43.5,7.0,18.25,25.25,1.5,1.5,2.0,0.0,1.0,0.0,19.0,5.0,7.5
WAS,2024,19,TB,0,51.5,-3.0,27.25,24.25,0.0,0.0,0.0,0.0,0.0,0.0,20.0,1.0,1.5
WAS,2024,20,DET,0,55.5,-8.5,32.0,23.5,0.0,0.0,0.0,0.0,0.0,0.0,31.0,-1.0,-1.5
WAS,2024,21,PHI,0,46.5,-6.0,26.25,20.25,0.0,0.0,0.0,0.0,0.0,0.0,55.0,-4.0,-6.0
